ISO-10303-21;
HEADER;
/* Generated by software containing ST-Developer
 * from STEP Tools, Inc. (www.steptools.com) 
 */
/* OPTION: using custom renumber hook */

FILE_DESCRIPTION(
/* description */ ('STEP AP242 Edition 2',
'CAx-IF Rec.Pracs.---Representation and Presentation of Product Manufa
cturing Information (PMI)---4.0---2014-10-13',
'CAx-IF Rec.Pracs.---3D Tessellated Geometry---0.4---2014-09-14','2;1',
'CAx-IF Rec.Pracs.---User Defined Attributes---1.5---2016-08-15'),
/* implementation_level */ '2;1');

FILE_NAME(
/* name */ 'ESP32-S3-LCD-1_28',
/* time_stamp */ '2026-09-13T05:35:17Z',
/* author */ (''),
/* organization */ (''),
/* preprocessor_version */ 'ST-DEVELOPER v20',
/* originating_system */ 'ONSHAPE BY PTC INC, 1.220',
/* authorisation */ '  ');

FILE_SCHEMA (('AP242_MANAGED_MODEL_BASED_3D_ENGINEERING_MIM_LF { 1 0 10303 442 3 1 4 }'));
ENDSEC;

DATA;
#10=SPHERICAL_SURFACE('',#4627,0.00125);
#11=ORIENTED_CLOSED_SHELL('',*,#4251,.F.);
#12=ORIENTED_CLOSED_SHELL('',*,#4252,.F.);
#13=ORIENTED_CLOSED_SHELL('',*,#4254,.F.);
#14=ORIENTED_CLOSED_SHELL('',*,#4255,.F.);
#15=BREP_WITH_VOIDS('Part 208',#4250,(#11,#12));
#16=BREP_WITH_VOIDS('Part 209',#4253,(#13,#14));
#17=SHAPE_REPRESENTATION_RELATIONSHIP('','',#4306,#22);
#18=SHAPE_REPRESENTATION_RELATIONSHIP('','',#4307,#23);
#19=SHAPE_REPRESENTATION_RELATIONSHIP('','',#4308,#24);
#20=SHAPE_REPRESENTATION_RELATIONSHIP('','',#4309,#25);
#21=SHAPE_REPRESENTATION_RELATIONSHIP('','',#4310,#26);
#22=ADVANCED_BREP_SHAPE_REPRESENTATION('',(#4298),#6990);
#23=ADVANCED_BREP_SHAPE_REPRESENTATION('',(#15),#6991);
#24=ADVANCED_BREP_SHAPE_REPRESENTATION('',(#16),#6992);
#25=ADVANCED_BREP_SHAPE_REPRESENTATION('',(#4299),#6993);
#26=ADVANCED_BREP_SHAPE_REPRESENTATION('',(#4300),#6994);
#27=CYLINDRICAL_SURFACE('',#4409,0.01);
#28=CYLINDRICAL_SURFACE('',#4411,0.01);
#29=CYLINDRICAL_SURFACE('',#4413,0.01);
#30=CYLINDRICAL_SURFACE('',#4415,0.01);
#31=CYLINDRICAL_SURFACE('',#4417,0.0035);
#32=CYLINDRICAL_SURFACE('',#4422,0.0035);
#33=CYLINDRICAL_SURFACE('',#4427,0.0035);
#34=CYLINDRICAL_SURFACE('',#4432,0.0035);
#35=CYLINDRICAL_SURFACE('',#4437,0.0021);
#36=CYLINDRICAL_SURFACE('',#4440,0.0021);
#37=CYLINDRICAL_SURFACE('',#4443,0.0021);
#38=CYLINDRICAL_SURFACE('',#4446,0.0021);
#39=CYLINDRICAL_SURFACE('',#4517,0.003);
#40=CYLINDRICAL_SURFACE('',#4518,0.003);
#41=CYLINDRICAL_SURFACE('',#4519,0.0016);
#42=CYLINDRICAL_SURFACE('',#4521,0.0016);
#43=CYLINDRICAL_SURFACE('',#4523,0.0016);
#44=CYLINDRICAL_SURFACE('',#4525,0.0016);
#45=CYLINDRICAL_SURFACE('',#4531,0.0015);
#46=CYLINDRICAL_SURFACE('',#4536,0.003);
#47=CYLINDRICAL_SURFACE('',#4537,0.003);
#48=CYLINDRICAL_SURFACE('',#4538,0.003);
#49=CYLINDRICAL_SURFACE('',#4539,0.003);
#50=CYLINDRICAL_SURFACE('',#4540,0.003);
#51=CYLINDRICAL_SURFACE('',#4541,0.003);
#52=CYLINDRICAL_SURFACE('',#4544,0.0025);
#53=CYLINDRICAL_SURFACE('',#4567,0.00405);
#54=CYLINDRICAL_SURFACE('',#4572,0.00405);
#55=CYLINDRICAL_SURFACE('',#4578,0.01);
#56=CYLINDRICAL_SURFACE('',#4582,0.01);
#57=CYLINDRICAL_SURFACE('',#4586,0.01);
#58=CYLINDRICAL_SURFACE('',#4590,0.01);
#59=CYLINDRICAL_SURFACE('',#4612,0.00405);
#60=CYLINDRICAL_SURFACE('',#4617,0.00405);
#61=CYLINDRICAL_SURFACE('',#4619,0.0025);
#62=CYLINDRICAL_SURFACE('',#4625,0.00125);
#63=CONICAL_SURFACE('',#4408,0.01715,0.785398163397449);
#64=CONICAL_SURFACE('',#4449,0.0035,0.785398163397448);
#65=CONICAL_SURFACE('',#4450,0.0035,0.785398163397449);
#66=CONICAL_SURFACE('',#4451,0.0035,0.785398163397448);
#67=CONICAL_SURFACE('',#4452,0.0035,0.785398163397448);
#68=CONICAL_SURFACE('',#4527,0.0016,0.785398163397448);
#69=CONICAL_SURFACE('',#4528,0.0016,0.785398163397449);
#70=CONICAL_SURFACE('',#4529,0.0016,0.785398163397448);
#71=CONICAL_SURFACE('',#4530,0.0016,0.785398163397448);
#72=CIRCLE('',#4389,0.0055);
#73=CIRCLE('',#4390,0.0055);
#74=CIRCLE('',#4391,0.0055);
#75=CIRCLE('',#4392,0.0055);
#76=CIRCLE('',#4393,0.01);
#77=CIRCLE('',#4394,0.01);
#78=CIRCLE('',#4395,0.01);
#79=CIRCLE('',#4396,0.01);
#80=CIRCLE('',#4401,0.01715);
#81=CIRCLE('',#4403,0.01915);
#82=CIRCLE('',#4404,0.01);
#83=CIRCLE('',#4405,0.01);
#84=CIRCLE('',#4406,0.01);
#85=CIRCLE('',#4407,0.01);
#86=CIRCLE('',#4418,0.0035);
#87=CIRCLE('',#4419,0.0035);
#88=CIRCLE('',#4421,0.0021);
#89=CIRCLE('',#4423,0.0035);
#90=CIRCLE('',#4424,0.0035);
#91=CIRCLE('',#4426,0.0021);
#92=CIRCLE('',#4428,0.0035);
#93=CIRCLE('',#4429,0.0035);
#94=CIRCLE('',#4431,0.0021);
#95=CIRCLE('',#4433,0.0035);
#96=CIRCLE('',#4434,0.0035);
#97=CIRCLE('',#4436,0.0021);
#98=CIRCLE('',#4438,0.0021);
#99=CIRCLE('',#4441,0.0021);
#100=CIRCLE('',#4444,0.0021);
#101=CIRCLE('',#4447,0.0021);
#102=CIRCLE('',#4455,0.003);
#103=CIRCLE('',#4456,0.003);
#104=CIRCLE('',#4457,0.003);
#105=CIRCLE('',#4458,0.003);
#106=CIRCLE('',#4459,0.003);
#107=CIRCLE('',#4460,0.003);
#108=CIRCLE('',#4461,0.003);
#109=CIRCLE('',#4462,0.003);
#110=CIRCLE('',#4463,0.0016);
#111=CIRCLE('',#4464,0.0016);
#112=CIRCLE('',#4465,0.0016);
#113=CIRCLE('',#4466,0.0016);
#114=CIRCLE('',#4467,0.0025);
#115=CIRCLE('',#4504,0.003);
#116=CIRCLE('',#4505,0.003);
#117=CIRCLE('',#4506,0.003);
#118=CIRCLE('',#4507,0.003);
#119=CIRCLE('',#4508,0.003);
#120=CIRCLE('',#4509,0.003);
#121=CIRCLE('',#4510,0.003);
#122=CIRCLE('',#4511,0.003);
#123=CIRCLE('',#4512,0.0015);
#124=CIRCLE('',#4513,0.0036);
#125=CIRCLE('',#4514,0.0036);
#126=CIRCLE('',#4515,0.0036);
#127=CIRCLE('',#4516,0.0036);
#128=CIRCLE('',#4520,0.0016);
#129=CIRCLE('',#4522,0.0016);
#130=CIRCLE('',#4524,0.0016);
#131=CIRCLE('',#4526,0.0016);
#132=CIRCLE('',#4532,0.0015);
#133=CIRCLE('',#4543,0.0025);
#134=CIRCLE('',#4564,0.00405);
#135=CIRCLE('',#4566,0.00405);
#136=CIRCLE('',#4569,0.00405);
#137=CIRCLE('',#4571,0.00405);
#138=CIRCLE('',#4579,0.01);
#139=CIRCLE('',#4580,0.01);
#140=CIRCLE('',#4583,0.01);
#141=CIRCLE('',#4584,0.01);
#142=CIRCLE('',#4587,0.01);
#143=CIRCLE('',#4588,0.01);
#144=CIRCLE('',#4591,0.01);
#145=CIRCLE('',#4592,0.01);
#146=CIRCLE('',#4609,0.00405);
#147=CIRCLE('',#4611,0.00405);
#148=CIRCLE('',#4614,0.00405);
#149=CIRCLE('',#4616,0.00405);
#150=CIRCLE('',#4620,0.0025);
#151=CIRCLE('',#4621,0.0025);
#152=CIRCLE('',#4624,0.00125);
#153=CIRCLE('',#4626,0.00125);
#154=ORIENTED_EDGE('',*,*,#1288,.F.);
#155=ORIENTED_EDGE('',*,*,#1289,.T.);
#156=ORIENTED_EDGE('',*,*,#1290,.T.);
#157=ORIENTED_EDGE('',*,*,#1291,.F.);
#158=ORIENTED_EDGE('',*,*,#1292,.F.);
#159=ORIENTED_EDGE('',*,*,#1291,.T.);
#160=ORIENTED_EDGE('',*,*,#1293,.T.);
#161=ORIENTED_EDGE('',*,*,#1294,.F.);
#162=ORIENTED_EDGE('',*,*,#1295,.F.);
#163=ORIENTED_EDGE('',*,*,#1294,.T.);
#164=ORIENTED_EDGE('',*,*,#1296,.T.);
#165=ORIENTED_EDGE('',*,*,#1297,.F.);
#166=ORIENTED_EDGE('',*,*,#1298,.F.);
#167=ORIENTED_EDGE('',*,*,#1297,.T.);
#168=ORIENTED_EDGE('',*,*,#1299,.T.);
#169=ORIENTED_EDGE('',*,*,#1300,.F.);
#170=ORIENTED_EDGE('',*,*,#1301,.F.);
#171=ORIENTED_EDGE('',*,*,#1300,.T.);
#172=ORIENTED_EDGE('',*,*,#1302,.T.);
#173=ORIENTED_EDGE('',*,*,#1303,.F.);
#174=ORIENTED_EDGE('',*,*,#1304,.F.);
#175=ORIENTED_EDGE('',*,*,#1303,.T.);
#176=ORIENTED_EDGE('',*,*,#1305,.T.);
#177=ORIENTED_EDGE('',*,*,#1306,.F.);
#178=ORIENTED_EDGE('',*,*,#1307,.F.);
#179=ORIENTED_EDGE('',*,*,#1306,.T.);
#180=ORIENTED_EDGE('',*,*,#1308,.T.);
#181=ORIENTED_EDGE('',*,*,#1309,.F.);
#182=ORIENTED_EDGE('',*,*,#1310,.F.);
#183=ORIENTED_EDGE('',*,*,#1309,.T.);
#184=ORIENTED_EDGE('',*,*,#1311,.T.);
#185=ORIENTED_EDGE('',*,*,#1312,.F.);
#186=ORIENTED_EDGE('',*,*,#1313,.F.);
#187=ORIENTED_EDGE('',*,*,#1312,.T.);
#188=ORIENTED_EDGE('',*,*,#1314,.T.);
#189=ORIENTED_EDGE('',*,*,#1315,.F.);
#190=ORIENTED_EDGE('',*,*,#1316,.F.);
#191=ORIENTED_EDGE('',*,*,#1315,.T.);
#192=ORIENTED_EDGE('',*,*,#1317,.T.);
#193=ORIENTED_EDGE('',*,*,#1318,.F.);
#194=ORIENTED_EDGE('',*,*,#1319,.F.);
#195=ORIENTED_EDGE('',*,*,#1318,.T.);
#196=ORIENTED_EDGE('',*,*,#1320,.T.);
#197=ORIENTED_EDGE('',*,*,#1321,.F.);
#198=ORIENTED_EDGE('',*,*,#1322,.F.);
#199=ORIENTED_EDGE('',*,*,#1321,.T.);
#200=ORIENTED_EDGE('',*,*,#1323,.T.);
#201=ORIENTED_EDGE('',*,*,#1324,.F.);
#202=ORIENTED_EDGE('',*,*,#1325,.F.);
#203=ORIENTED_EDGE('',*,*,#1324,.T.);
#204=ORIENTED_EDGE('',*,*,#1326,.T.);
#205=ORIENTED_EDGE('',*,*,#1327,.F.);
#206=ORIENTED_EDGE('',*,*,#1328,.F.);
#207=ORIENTED_EDGE('',*,*,#1327,.T.);
#208=ORIENTED_EDGE('',*,*,#1329,.T.);
#209=ORIENTED_EDGE('',*,*,#1330,.F.);
#210=ORIENTED_EDGE('',*,*,#1331,.F.);
#211=ORIENTED_EDGE('',*,*,#1330,.T.);
#212=ORIENTED_EDGE('',*,*,#1332,.T.);
#213=ORIENTED_EDGE('',*,*,#1333,.F.);
#214=ORIENTED_EDGE('',*,*,#1334,.F.);
#215=ORIENTED_EDGE('',*,*,#1333,.T.);
#216=ORIENTED_EDGE('',*,*,#1335,.T.);
#217=ORIENTED_EDGE('',*,*,#1336,.F.);
#218=ORIENTED_EDGE('',*,*,#1337,.F.);
#219=ORIENTED_EDGE('',*,*,#1336,.T.);
#220=ORIENTED_EDGE('',*,*,#1338,.T.);
#221=ORIENTED_EDGE('',*,*,#1339,.F.);
#222=ORIENTED_EDGE('',*,*,#1340,.F.);
#223=ORIENTED_EDGE('',*,*,#1339,.T.);
#224=ORIENTED_EDGE('',*,*,#1341,.T.);
#225=ORIENTED_EDGE('',*,*,#1342,.F.);
#226=ORIENTED_EDGE('',*,*,#1343,.F.);
#227=ORIENTED_EDGE('',*,*,#1342,.T.);
#228=ORIENTED_EDGE('',*,*,#1344,.T.);
#229=ORIENTED_EDGE('',*,*,#1345,.F.);
#230=ORIENTED_EDGE('',*,*,#1346,.F.);
#231=ORIENTED_EDGE('',*,*,#1345,.T.);
#232=ORIENTED_EDGE('',*,*,#1347,.T.);
#233=ORIENTED_EDGE('',*,*,#1348,.F.);
#234=ORIENTED_EDGE('',*,*,#1349,.F.);
#235=ORIENTED_EDGE('',*,*,#1348,.T.);
#236=ORIENTED_EDGE('',*,*,#1350,.T.);
#237=ORIENTED_EDGE('',*,*,#1351,.F.);
#238=ORIENTED_EDGE('',*,*,#1352,.F.);
#239=ORIENTED_EDGE('',*,*,#1351,.T.);
#240=ORIENTED_EDGE('',*,*,#1353,.T.);
#241=ORIENTED_EDGE('',*,*,#1354,.F.);
#242=ORIENTED_EDGE('',*,*,#1355,.F.);
#243=ORIENTED_EDGE('',*,*,#1354,.T.);
#244=ORIENTED_EDGE('',*,*,#1356,.T.);
#245=ORIENTED_EDGE('',*,*,#1357,.F.);
#246=ORIENTED_EDGE('',*,*,#1358,.F.);
#247=ORIENTED_EDGE('',*,*,#1357,.T.);
#248=ORIENTED_EDGE('',*,*,#1359,.T.);
#249=ORIENTED_EDGE('',*,*,#1360,.F.);
#250=ORIENTED_EDGE('',*,*,#1361,.F.);
#251=ORIENTED_EDGE('',*,*,#1360,.T.);
#252=ORIENTED_EDGE('',*,*,#1362,.T.);
#253=ORIENTED_EDGE('',*,*,#1363,.F.);
#254=ORIENTED_EDGE('',*,*,#1364,.F.);
#255=ORIENTED_EDGE('',*,*,#1363,.T.);
#256=ORIENTED_EDGE('',*,*,#1365,.T.);
#257=ORIENTED_EDGE('',*,*,#1366,.F.);
#258=ORIENTED_EDGE('',*,*,#1367,.F.);
#259=ORIENTED_EDGE('',*,*,#1366,.T.);
#260=ORIENTED_EDGE('',*,*,#1368,.T.);
#261=ORIENTED_EDGE('',*,*,#1369,.F.);
#262=ORIENTED_EDGE('',*,*,#1370,.F.);
#263=ORIENTED_EDGE('',*,*,#1369,.T.);
#264=ORIENTED_EDGE('',*,*,#1371,.T.);
#265=ORIENTED_EDGE('',*,*,#1372,.F.);
#266=ORIENTED_EDGE('',*,*,#1373,.F.);
#267=ORIENTED_EDGE('',*,*,#1372,.T.);
#268=ORIENTED_EDGE('',*,*,#1374,.T.);
#269=ORIENTED_EDGE('',*,*,#1375,.F.);
#270=ORIENTED_EDGE('',*,*,#1376,.F.);
#271=ORIENTED_EDGE('',*,*,#1375,.T.);
#272=ORIENTED_EDGE('',*,*,#1377,.T.);
#273=ORIENTED_EDGE('',*,*,#1378,.F.);
#274=ORIENTED_EDGE('',*,*,#1379,.F.);
#275=ORIENTED_EDGE('',*,*,#1378,.T.);
#276=ORIENTED_EDGE('',*,*,#1380,.T.);
#277=ORIENTED_EDGE('',*,*,#1381,.F.);
#278=ORIENTED_EDGE('',*,*,#1382,.F.);
#279=ORIENTED_EDGE('',*,*,#1381,.T.);
#280=ORIENTED_EDGE('',*,*,#1383,.T.);
#281=ORIENTED_EDGE('',*,*,#1384,.F.);
#282=ORIENTED_EDGE('',*,*,#1385,.F.);
#283=ORIENTED_EDGE('',*,*,#1384,.T.);
#284=ORIENTED_EDGE('',*,*,#1386,.T.);
#285=ORIENTED_EDGE('',*,*,#1387,.F.);
#286=ORIENTED_EDGE('',*,*,#1388,.F.);
#287=ORIENTED_EDGE('',*,*,#1387,.T.);
#288=ORIENTED_EDGE('',*,*,#1389,.T.);
#289=ORIENTED_EDGE('',*,*,#1390,.F.);
#290=ORIENTED_EDGE('',*,*,#1391,.F.);
#291=ORIENTED_EDGE('',*,*,#1390,.T.);
#292=ORIENTED_EDGE('',*,*,#1392,.T.);
#293=ORIENTED_EDGE('',*,*,#1393,.F.);
#294=ORIENTED_EDGE('',*,*,#1394,.F.);
#295=ORIENTED_EDGE('',*,*,#1393,.T.);
#296=ORIENTED_EDGE('',*,*,#1395,.T.);
#297=ORIENTED_EDGE('',*,*,#1396,.F.);
#298=ORIENTED_EDGE('',*,*,#1397,.F.);
#299=ORIENTED_EDGE('',*,*,#1396,.T.);
#300=ORIENTED_EDGE('',*,*,#1398,.T.);
#301=ORIENTED_EDGE('',*,*,#1399,.F.);
#302=ORIENTED_EDGE('',*,*,#1400,.F.);
#303=ORIENTED_EDGE('',*,*,#1399,.T.);
#304=ORIENTED_EDGE('',*,*,#1401,.T.);
#305=ORIENTED_EDGE('',*,*,#1402,.F.);
#306=ORIENTED_EDGE('',*,*,#1403,.F.);
#307=ORIENTED_EDGE('',*,*,#1402,.T.);
#308=ORIENTED_EDGE('',*,*,#1404,.T.);
#309=ORIENTED_EDGE('',*,*,#1405,.F.);
#310=ORIENTED_EDGE('',*,*,#1406,.F.);
#311=ORIENTED_EDGE('',*,*,#1405,.T.);
#312=ORIENTED_EDGE('',*,*,#1407,.T.);
#313=ORIENTED_EDGE('',*,*,#1408,.F.);
#314=ORIENTED_EDGE('',*,*,#1409,.F.);
#315=ORIENTED_EDGE('',*,*,#1408,.T.);
#316=ORIENTED_EDGE('',*,*,#1410,.T.);
#317=ORIENTED_EDGE('',*,*,#1411,.F.);
#318=ORIENTED_EDGE('',*,*,#1412,.F.);
#319=ORIENTED_EDGE('',*,*,#1411,.T.);
#320=ORIENTED_EDGE('',*,*,#1413,.T.);
#321=ORIENTED_EDGE('',*,*,#1414,.F.);
#322=ORIENTED_EDGE('',*,*,#1415,.F.);
#323=ORIENTED_EDGE('',*,*,#1414,.T.);
#324=ORIENTED_EDGE('',*,*,#1416,.T.);
#325=ORIENTED_EDGE('',*,*,#1417,.F.);
#326=ORIENTED_EDGE('',*,*,#1418,.F.);
#327=ORIENTED_EDGE('',*,*,#1417,.T.);
#328=ORIENTED_EDGE('',*,*,#1419,.T.);
#329=ORIENTED_EDGE('',*,*,#1420,.F.);
#330=ORIENTED_EDGE('',*,*,#1421,.F.);
#331=ORIENTED_EDGE('',*,*,#1420,.T.);
#332=ORIENTED_EDGE('',*,*,#1422,.T.);
#333=ORIENTED_EDGE('',*,*,#1423,.F.);
#334=ORIENTED_EDGE('',*,*,#1424,.F.);
#335=ORIENTED_EDGE('',*,*,#1423,.T.);
#336=ORIENTED_EDGE('',*,*,#1425,.T.);
#337=ORIENTED_EDGE('',*,*,#1426,.F.);
#338=ORIENTED_EDGE('',*,*,#1427,.F.);
#339=ORIENTED_EDGE('',*,*,#1426,.T.);
#340=ORIENTED_EDGE('',*,*,#1428,.T.);
#341=ORIENTED_EDGE('',*,*,#1429,.F.);
#342=ORIENTED_EDGE('',*,*,#1430,.F.);
#343=ORIENTED_EDGE('',*,*,#1429,.T.);
#344=ORIENTED_EDGE('',*,*,#1431,.T.);
#345=ORIENTED_EDGE('',*,*,#1432,.F.);
#346=ORIENTED_EDGE('',*,*,#1433,.F.);
#347=ORIENTED_EDGE('',*,*,#1432,.T.);
#348=ORIENTED_EDGE('',*,*,#1434,.T.);
#349=ORIENTED_EDGE('',*,*,#1435,.F.);
#350=ORIENTED_EDGE('',*,*,#1436,.F.);
#351=ORIENTED_EDGE('',*,*,#1435,.T.);
#352=ORIENTED_EDGE('',*,*,#1437,.T.);
#353=ORIENTED_EDGE('',*,*,#1438,.F.);
#354=ORIENTED_EDGE('',*,*,#1439,.F.);
#355=ORIENTED_EDGE('',*,*,#1438,.T.);
#356=ORIENTED_EDGE('',*,*,#1440,.T.);
#357=ORIENTED_EDGE('',*,*,#1441,.F.);
#358=ORIENTED_EDGE('',*,*,#1442,.F.);
#359=ORIENTED_EDGE('',*,*,#1441,.T.);
#360=ORIENTED_EDGE('',*,*,#1443,.T.);
#361=ORIENTED_EDGE('',*,*,#1444,.F.);
#362=ORIENTED_EDGE('',*,*,#1445,.F.);
#363=ORIENTED_EDGE('',*,*,#1444,.T.);
#364=ORIENTED_EDGE('',*,*,#1446,.T.);
#365=ORIENTED_EDGE('',*,*,#1447,.F.);
#366=ORIENTED_EDGE('',*,*,#1448,.F.);
#367=ORIENTED_EDGE('',*,*,#1447,.T.);
#368=ORIENTED_EDGE('',*,*,#1449,.T.);
#369=ORIENTED_EDGE('',*,*,#1450,.F.);
#370=ORIENTED_EDGE('',*,*,#1451,.F.);
#371=ORIENTED_EDGE('',*,*,#1450,.T.);
#372=ORIENTED_EDGE('',*,*,#1452,.T.);
#373=ORIENTED_EDGE('',*,*,#1453,.F.);
#374=ORIENTED_EDGE('',*,*,#1454,.F.);
#375=ORIENTED_EDGE('',*,*,#1453,.T.);
#376=ORIENTED_EDGE('',*,*,#1455,.T.);
#377=ORIENTED_EDGE('',*,*,#1456,.F.);
#378=ORIENTED_EDGE('',*,*,#1457,.F.);
#379=ORIENTED_EDGE('',*,*,#1456,.T.);
#380=ORIENTED_EDGE('',*,*,#1458,.T.);
#381=ORIENTED_EDGE('',*,*,#1459,.F.);
#382=ORIENTED_EDGE('',*,*,#1460,.F.);
#383=ORIENTED_EDGE('',*,*,#1459,.T.);
#384=ORIENTED_EDGE('',*,*,#1461,.T.);
#385=ORIENTED_EDGE('',*,*,#1462,.F.);
#386=ORIENTED_EDGE('',*,*,#1463,.F.);
#387=ORIENTED_EDGE('',*,*,#1462,.T.);
#388=ORIENTED_EDGE('',*,*,#1464,.T.);
#389=ORIENTED_EDGE('',*,*,#1465,.F.);
#390=ORIENTED_EDGE('',*,*,#1466,.F.);
#391=ORIENTED_EDGE('',*,*,#1465,.T.);
#392=ORIENTED_EDGE('',*,*,#1467,.T.);
#393=ORIENTED_EDGE('',*,*,#1468,.F.);
#394=ORIENTED_EDGE('',*,*,#1469,.F.);
#395=ORIENTED_EDGE('',*,*,#1468,.T.);
#396=ORIENTED_EDGE('',*,*,#1470,.T.);
#397=ORIENTED_EDGE('',*,*,#1471,.F.);
#398=ORIENTED_EDGE('',*,*,#1472,.F.);
#399=ORIENTED_EDGE('',*,*,#1471,.T.);
#400=ORIENTED_EDGE('',*,*,#1473,.T.);
#401=ORIENTED_EDGE('',*,*,#1474,.F.);
#402=ORIENTED_EDGE('',*,*,#1475,.F.);
#403=ORIENTED_EDGE('',*,*,#1474,.T.);
#404=ORIENTED_EDGE('',*,*,#1476,.T.);
#405=ORIENTED_EDGE('',*,*,#1477,.F.);
#406=ORIENTED_EDGE('',*,*,#1478,.F.);
#407=ORIENTED_EDGE('',*,*,#1477,.T.);
#408=ORIENTED_EDGE('',*,*,#1479,.T.);
#409=ORIENTED_EDGE('',*,*,#1480,.F.);
#410=ORIENTED_EDGE('',*,*,#1481,.F.);
#411=ORIENTED_EDGE('',*,*,#1480,.T.);
#412=ORIENTED_EDGE('',*,*,#1482,.T.);
#413=ORIENTED_EDGE('',*,*,#1483,.F.);
#414=ORIENTED_EDGE('',*,*,#1484,.F.);
#415=ORIENTED_EDGE('',*,*,#1483,.T.);
#416=ORIENTED_EDGE('',*,*,#1485,.T.);
#417=ORIENTED_EDGE('',*,*,#1486,.F.);
#418=ORIENTED_EDGE('',*,*,#1487,.F.);
#419=ORIENTED_EDGE('',*,*,#1486,.T.);
#420=ORIENTED_EDGE('',*,*,#1488,.T.);
#421=ORIENTED_EDGE('',*,*,#1489,.F.);
#422=ORIENTED_EDGE('',*,*,#1490,.F.);
#423=ORIENTED_EDGE('',*,*,#1489,.T.);
#424=ORIENTED_EDGE('',*,*,#1491,.T.);
#425=ORIENTED_EDGE('',*,*,#1492,.F.);
#426=ORIENTED_EDGE('',*,*,#1493,.F.);
#427=ORIENTED_EDGE('',*,*,#1492,.T.);
#428=ORIENTED_EDGE('',*,*,#1494,.T.);
#429=ORIENTED_EDGE('',*,*,#1495,.F.);
#430=ORIENTED_EDGE('',*,*,#1496,.F.);
#431=ORIENTED_EDGE('',*,*,#1495,.T.);
#432=ORIENTED_EDGE('',*,*,#1497,.T.);
#433=ORIENTED_EDGE('',*,*,#1498,.F.);
#434=ORIENTED_EDGE('',*,*,#1499,.F.);
#435=ORIENTED_EDGE('',*,*,#1498,.T.);
#436=ORIENTED_EDGE('',*,*,#1500,.T.);
#437=ORIENTED_EDGE('',*,*,#1501,.F.);
#438=ORIENTED_EDGE('',*,*,#1502,.F.);
#439=ORIENTED_EDGE('',*,*,#1501,.T.);
#440=ORIENTED_EDGE('',*,*,#1503,.T.);
#441=ORIENTED_EDGE('',*,*,#1504,.F.);
#442=ORIENTED_EDGE('',*,*,#1505,.F.);
#443=ORIENTED_EDGE('',*,*,#1504,.T.);
#444=ORIENTED_EDGE('',*,*,#1506,.T.);
#445=ORIENTED_EDGE('',*,*,#1507,.F.);
#446=ORIENTED_EDGE('',*,*,#1508,.F.);
#447=ORIENTED_EDGE('',*,*,#1507,.T.);
#448=ORIENTED_EDGE('',*,*,#1509,.T.);
#449=ORIENTED_EDGE('',*,*,#1510,.F.);
#450=ORIENTED_EDGE('',*,*,#1511,.F.);
#451=ORIENTED_EDGE('',*,*,#1510,.T.);
#452=ORIENTED_EDGE('',*,*,#1512,.T.);
#453=ORIENTED_EDGE('',*,*,#1513,.F.);
#454=ORIENTED_EDGE('',*,*,#1514,.F.);
#455=ORIENTED_EDGE('',*,*,#1513,.T.);
#456=ORIENTED_EDGE('',*,*,#1515,.T.);
#457=ORIENTED_EDGE('',*,*,#1516,.F.);
#458=ORIENTED_EDGE('',*,*,#1517,.T.);
#459=ORIENTED_EDGE('',*,*,#1518,.T.);
#460=ORIENTED_EDGE('',*,*,#1519,.T.);
#461=ORIENTED_EDGE('',*,*,#1520,.T.);
#462=ORIENTED_EDGE('',*,*,#1521,.T.);
#463=ORIENTED_EDGE('',*,*,#1522,.T.);
#464=ORIENTED_EDGE('',*,*,#1523,.T.);
#465=ORIENTED_EDGE('',*,*,#1515,.F.);
#466=ORIENTED_EDGE('',*,*,#1512,.F.);
#467=ORIENTED_EDGE('',*,*,#1509,.F.);
#468=ORIENTED_EDGE('',*,*,#1506,.F.);
#469=ORIENTED_EDGE('',*,*,#1503,.F.);
#470=ORIENTED_EDGE('',*,*,#1500,.F.);
#471=ORIENTED_EDGE('',*,*,#1497,.F.);
#472=ORIENTED_EDGE('',*,*,#1494,.F.);
#473=ORIENTED_EDGE('',*,*,#1491,.F.);
#474=ORIENTED_EDGE('',*,*,#1488,.F.);
#475=ORIENTED_EDGE('',*,*,#1485,.F.);
#476=ORIENTED_EDGE('',*,*,#1482,.F.);
#477=ORIENTED_EDGE('',*,*,#1479,.F.);
#478=ORIENTED_EDGE('',*,*,#1476,.F.);
#479=ORIENTED_EDGE('',*,*,#1473,.F.);
#480=ORIENTED_EDGE('',*,*,#1470,.F.);
#481=ORIENTED_EDGE('',*,*,#1467,.F.);
#482=ORIENTED_EDGE('',*,*,#1464,.F.);
#483=ORIENTED_EDGE('',*,*,#1461,.F.);
#484=ORIENTED_EDGE('',*,*,#1458,.F.);
#485=ORIENTED_EDGE('',*,*,#1455,.F.);
#486=ORIENTED_EDGE('',*,*,#1452,.F.);
#487=ORIENTED_EDGE('',*,*,#1449,.F.);
#488=ORIENTED_EDGE('',*,*,#1446,.F.);
#489=ORIENTED_EDGE('',*,*,#1443,.F.);
#490=ORIENTED_EDGE('',*,*,#1440,.F.);
#491=ORIENTED_EDGE('',*,*,#1437,.F.);
#492=ORIENTED_EDGE('',*,*,#1434,.F.);
#493=ORIENTED_EDGE('',*,*,#1431,.F.);
#494=ORIENTED_EDGE('',*,*,#1428,.F.);
#495=ORIENTED_EDGE('',*,*,#1425,.F.);
#496=ORIENTED_EDGE('',*,*,#1422,.F.);
#497=ORIENTED_EDGE('',*,*,#1419,.F.);
#498=ORIENTED_EDGE('',*,*,#1416,.F.);
#499=ORIENTED_EDGE('',*,*,#1413,.F.);
#500=ORIENTED_EDGE('',*,*,#1410,.F.);
#501=ORIENTED_EDGE('',*,*,#1407,.F.);
#502=ORIENTED_EDGE('',*,*,#1404,.F.);
#503=ORIENTED_EDGE('',*,*,#1401,.F.);
#504=ORIENTED_EDGE('',*,*,#1398,.F.);
#505=ORIENTED_EDGE('',*,*,#1395,.F.);
#506=ORIENTED_EDGE('',*,*,#1392,.F.);
#507=ORIENTED_EDGE('',*,*,#1389,.F.);
#508=ORIENTED_EDGE('',*,*,#1386,.F.);
#509=ORIENTED_EDGE('',*,*,#1383,.F.);
#510=ORIENTED_EDGE('',*,*,#1380,.F.);
#511=ORIENTED_EDGE('',*,*,#1377,.F.);
#512=ORIENTED_EDGE('',*,*,#1374,.F.);
#513=ORIENTED_EDGE('',*,*,#1371,.F.);
#514=ORIENTED_EDGE('',*,*,#1368,.F.);
#515=ORIENTED_EDGE('',*,*,#1365,.F.);
#516=ORIENTED_EDGE('',*,*,#1362,.F.);
#517=ORIENTED_EDGE('',*,*,#1359,.F.);
#518=ORIENTED_EDGE('',*,*,#1356,.F.);
#519=ORIENTED_EDGE('',*,*,#1353,.F.);
#520=ORIENTED_EDGE('',*,*,#1350,.F.);
#521=ORIENTED_EDGE('',*,*,#1347,.F.);
#522=ORIENTED_EDGE('',*,*,#1344,.F.);
#523=ORIENTED_EDGE('',*,*,#1341,.F.);
#524=ORIENTED_EDGE('',*,*,#1338,.F.);
#525=ORIENTED_EDGE('',*,*,#1335,.F.);
#526=ORIENTED_EDGE('',*,*,#1332,.F.);
#527=ORIENTED_EDGE('',*,*,#1329,.F.);
#528=ORIENTED_EDGE('',*,*,#1326,.F.);
#529=ORIENTED_EDGE('',*,*,#1323,.F.);
#530=ORIENTED_EDGE('',*,*,#1320,.F.);
#531=ORIENTED_EDGE('',*,*,#1317,.F.);
#532=ORIENTED_EDGE('',*,*,#1314,.F.);
#533=ORIENTED_EDGE('',*,*,#1311,.F.);
#534=ORIENTED_EDGE('',*,*,#1308,.F.);
#535=ORIENTED_EDGE('',*,*,#1305,.F.);
#536=ORIENTED_EDGE('',*,*,#1302,.F.);
#537=ORIENTED_EDGE('',*,*,#1299,.F.);
#538=ORIENTED_EDGE('',*,*,#1296,.F.);
#539=ORIENTED_EDGE('',*,*,#1293,.F.);
#540=ORIENTED_EDGE('',*,*,#1290,.F.);
#541=ORIENTED_EDGE('',*,*,#1524,.T.);
#542=ORIENTED_EDGE('',*,*,#1525,.F.);
#543=ORIENTED_EDGE('',*,*,#1526,.T.);
#544=ORIENTED_EDGE('',*,*,#1527,.T.);
#545=ORIENTED_EDGE('',*,*,#1528,.T.);
#546=ORIENTED_EDGE('',*,*,#1529,.T.);
#547=ORIENTED_EDGE('',*,*,#1530,.T.);
#548=ORIENTED_EDGE('',*,*,#1531,.F.);
#549=ORIENTED_EDGE('',*,*,#1532,.F.);
#550=ORIENTED_EDGE('',*,*,#1533,.T.);
#551=ORIENTED_EDGE('',*,*,#1516,.T.);
#552=ORIENTED_EDGE('',*,*,#1523,.F.);
#553=ORIENTED_EDGE('',*,*,#1289,.F.);
#554=ORIENTED_EDGE('',*,*,#1534,.T.);
#555=ORIENTED_EDGE('',*,*,#1535,.T.);
#556=ORIENTED_EDGE('',*,*,#1521,.F.);
#557=ORIENTED_EDGE('',*,*,#1535,.F.);
#558=ORIENTED_EDGE('',*,*,#1536,.T.);
#559=ORIENTED_EDGE('',*,*,#1532,.T.);
#560=ORIENTED_EDGE('',*,*,#1522,.F.);
#561=ORIENTED_EDGE('',*,*,#1537,.T.);
#562=ORIENTED_EDGE('',*,*,#1534,.F.);
#563=ORIENTED_EDGE('',*,*,#1288,.T.);
#564=ORIENTED_EDGE('',*,*,#1292,.T.);
#565=ORIENTED_EDGE('',*,*,#1295,.T.);
#566=ORIENTED_EDGE('',*,*,#1298,.T.);
#567=ORIENTED_EDGE('',*,*,#1301,.T.);
#568=ORIENTED_EDGE('',*,*,#1304,.T.);
#569=ORIENTED_EDGE('',*,*,#1307,.T.);
#570=ORIENTED_EDGE('',*,*,#1310,.T.);
#571=ORIENTED_EDGE('',*,*,#1313,.T.);
#572=ORIENTED_EDGE('',*,*,#1316,.T.);
#573=ORIENTED_EDGE('',*,*,#1319,.T.);
#574=ORIENTED_EDGE('',*,*,#1322,.T.);
#575=ORIENTED_EDGE('',*,*,#1325,.T.);
#576=ORIENTED_EDGE('',*,*,#1328,.T.);
#577=ORIENTED_EDGE('',*,*,#1331,.T.);
#578=ORIENTED_EDGE('',*,*,#1334,.T.);
#579=ORIENTED_EDGE('',*,*,#1337,.T.);
#580=ORIENTED_EDGE('',*,*,#1340,.T.);
#581=ORIENTED_EDGE('',*,*,#1343,.T.);
#582=ORIENTED_EDGE('',*,*,#1346,.T.);
#583=ORIENTED_EDGE('',*,*,#1349,.T.);
#584=ORIENTED_EDGE('',*,*,#1352,.T.);
#585=ORIENTED_EDGE('',*,*,#1355,.T.);
#586=ORIENTED_EDGE('',*,*,#1358,.T.);
#587=ORIENTED_EDGE('',*,*,#1361,.T.);
#588=ORIENTED_EDGE('',*,*,#1364,.T.);
#589=ORIENTED_EDGE('',*,*,#1367,.T.);
#590=ORIENTED_EDGE('',*,*,#1370,.T.);
#591=ORIENTED_EDGE('',*,*,#1373,.T.);
#592=ORIENTED_EDGE('',*,*,#1376,.T.);
#593=ORIENTED_EDGE('',*,*,#1379,.T.);
#594=ORIENTED_EDGE('',*,*,#1382,.T.);
#595=ORIENTED_EDGE('',*,*,#1385,.T.);
#596=ORIENTED_EDGE('',*,*,#1388,.T.);
#597=ORIENTED_EDGE('',*,*,#1391,.T.);
#598=ORIENTED_EDGE('',*,*,#1394,.T.);
#599=ORIENTED_EDGE('',*,*,#1397,.T.);
#600=ORIENTED_EDGE('',*,*,#1400,.T.);
#601=ORIENTED_EDGE('',*,*,#1403,.T.);
#602=ORIENTED_EDGE('',*,*,#1406,.T.);
#603=ORIENTED_EDGE('',*,*,#1409,.T.);
#604=ORIENTED_EDGE('',*,*,#1412,.T.);
#605=ORIENTED_EDGE('',*,*,#1415,.T.);
#606=ORIENTED_EDGE('',*,*,#1418,.T.);
#607=ORIENTED_EDGE('',*,*,#1421,.T.);
#608=ORIENTED_EDGE('',*,*,#1424,.T.);
#609=ORIENTED_EDGE('',*,*,#1427,.T.);
#610=ORIENTED_EDGE('',*,*,#1430,.T.);
#611=ORIENTED_EDGE('',*,*,#1433,.T.);
#612=ORIENTED_EDGE('',*,*,#1436,.T.);
#613=ORIENTED_EDGE('',*,*,#1439,.T.);
#614=ORIENTED_EDGE('',*,*,#1442,.T.);
#615=ORIENTED_EDGE('',*,*,#1445,.T.);
#616=ORIENTED_EDGE('',*,*,#1448,.T.);
#617=ORIENTED_EDGE('',*,*,#1451,.T.);
#618=ORIENTED_EDGE('',*,*,#1454,.T.);
#619=ORIENTED_EDGE('',*,*,#1457,.T.);
#620=ORIENTED_EDGE('',*,*,#1460,.T.);
#621=ORIENTED_EDGE('',*,*,#1463,.T.);
#622=ORIENTED_EDGE('',*,*,#1466,.T.);
#623=ORIENTED_EDGE('',*,*,#1469,.T.);
#624=ORIENTED_EDGE('',*,*,#1472,.T.);
#625=ORIENTED_EDGE('',*,*,#1475,.T.);
#626=ORIENTED_EDGE('',*,*,#1478,.T.);
#627=ORIENTED_EDGE('',*,*,#1481,.T.);
#628=ORIENTED_EDGE('',*,*,#1484,.T.);
#629=ORIENTED_EDGE('',*,*,#1487,.T.);
#630=ORIENTED_EDGE('',*,*,#1490,.T.);
#631=ORIENTED_EDGE('',*,*,#1493,.T.);
#632=ORIENTED_EDGE('',*,*,#1496,.T.);
#633=ORIENTED_EDGE('',*,*,#1499,.T.);
#634=ORIENTED_EDGE('',*,*,#1502,.T.);
#635=ORIENTED_EDGE('',*,*,#1505,.T.);
#636=ORIENTED_EDGE('',*,*,#1508,.T.);
#637=ORIENTED_EDGE('',*,*,#1511,.T.);
#638=ORIENTED_EDGE('',*,*,#1514,.T.);
#639=ORIENTED_EDGE('',*,*,#1533,.F.);
#640=ORIENTED_EDGE('',*,*,#1536,.F.);
#641=ORIENTED_EDGE('',*,*,#1538,.T.);
#642=ORIENTED_EDGE('',*,*,#1539,.F.);
#643=ORIENTED_EDGE('',*,*,#1540,.T.);
#644=ORIENTED_EDGE('',*,*,#1541,.T.);
#645=ORIENTED_EDGE('',*,*,#1542,.T.);
#646=ORIENTED_EDGE('',*,*,#1543,.T.);
#647=ORIENTED_EDGE('',*,*,#1544,.T.);
#648=ORIENTED_EDGE('',*,*,#1545,.F.);
#649=ORIENTED_EDGE('',*,*,#1546,.T.);
#650=ORIENTED_EDGE('',*,*,#1538,.F.);
#651=ORIENTED_EDGE('',*,*,#1537,.F.);
#652=ORIENTED_EDGE('',*,*,#1524,.F.);
#653=ORIENTED_EDGE('',*,*,#1547,.T.);
#654=ORIENTED_EDGE('',*,*,#1546,.F.);
#655=ORIENTED_EDGE('',*,*,#1548,.F.);
#656=ORIENTED_EDGE('',*,*,#1549,.F.);
#657=ORIENTED_EDGE('',*,*,#1525,.T.);
#658=ORIENTED_EDGE('',*,*,#1548,.T.);
#659=ORIENTED_EDGE('',*,*,#1545,.T.);
#660=ORIENTED_EDGE('',*,*,#1526,.F.);
#661=ORIENTED_EDGE('',*,*,#1549,.T.);
#662=ORIENTED_EDGE('',*,*,#1544,.F.);
#663=ORIENTED_EDGE('',*,*,#1550,.F.);
#664=ORIENTED_EDGE('',*,*,#1527,.F.);
#665=ORIENTED_EDGE('',*,*,#1550,.T.);
#666=ORIENTED_EDGE('',*,*,#1543,.F.);
#667=ORIENTED_EDGE('',*,*,#1551,.F.);
#668=ORIENTED_EDGE('',*,*,#1528,.F.);
#669=ORIENTED_EDGE('',*,*,#1551,.T.);
#670=ORIENTED_EDGE('',*,*,#1542,.F.);
#671=ORIENTED_EDGE('',*,*,#1552,.F.);
#672=ORIENTED_EDGE('',*,*,#1529,.F.);
#673=ORIENTED_EDGE('',*,*,#1552,.T.);
#674=ORIENTED_EDGE('',*,*,#1541,.F.);
#675=ORIENTED_EDGE('',*,*,#1553,.F.);
#676=ORIENTED_EDGE('',*,*,#1530,.F.);
#677=ORIENTED_EDGE('',*,*,#1553,.T.);
#678=ORIENTED_EDGE('',*,*,#1540,.F.);
#679=ORIENTED_EDGE('',*,*,#1554,.F.);
#680=ORIENTED_EDGE('',*,*,#1547,.F.);
#681=ORIENTED_EDGE('',*,*,#1531,.T.);
#682=ORIENTED_EDGE('',*,*,#1554,.T.);
#683=ORIENTED_EDGE('',*,*,#1539,.T.);
#684=ORIENTED_EDGE('',*,*,#1555,.T.);
#685=ORIENTED_EDGE('',*,*,#1556,.F.);
#686=ORIENTED_EDGE('',*,*,#1557,.F.);
#687=ORIENTED_EDGE('',*,*,#1556,.T.);
#688=ORIENTED_EDGE('',*,*,#1558,.T.);
#689=ORIENTED_EDGE('',*,*,#1559,.F.);
#690=ORIENTED_EDGE('',*,*,#1560,.F.);
#691=ORIENTED_EDGE('',*,*,#1559,.T.);
#692=ORIENTED_EDGE('',*,*,#1561,.T.);
#693=ORIENTED_EDGE('',*,*,#1562,.F.);
#694=ORIENTED_EDGE('',*,*,#1563,.F.);
#695=ORIENTED_EDGE('',*,*,#1562,.T.);
#696=ORIENTED_EDGE('',*,*,#1564,.T.);
#697=ORIENTED_EDGE('',*,*,#1565,.F.);
#698=ORIENTED_EDGE('',*,*,#1566,.F.);
#699=ORIENTED_EDGE('',*,*,#1565,.T.);
#700=ORIENTED_EDGE('',*,*,#1567,.F.);
#701=ORIENTED_EDGE('',*,*,#1566,.T.);
#702=ORIENTED_EDGE('',*,*,#1567,.T.);
#703=ORIENTED_EDGE('',*,*,#1568,.F.);
#704=ORIENTED_EDGE('',*,*,#1563,.T.);
#705=ORIENTED_EDGE('',*,*,#1568,.T.);
#706=ORIENTED_EDGE('',*,*,#1569,.F.);
#707=ORIENTED_EDGE('',*,*,#1560,.T.);
#708=ORIENTED_EDGE('',*,*,#1569,.T.);
#709=ORIENTED_EDGE('',*,*,#1570,.F.);
#710=ORIENTED_EDGE('',*,*,#1557,.T.);
#711=ORIENTED_EDGE('',*,*,#1570,.T.);
#712=ORIENTED_EDGE('',*,*,#1517,.F.);
#713=ORIENTED_EDGE('',*,*,#1564,.F.);
#714=ORIENTED_EDGE('',*,*,#1518,.F.);
#715=ORIENTED_EDGE('',*,*,#1561,.F.);
#716=ORIENTED_EDGE('',*,*,#1519,.F.);
#717=ORIENTED_EDGE('',*,*,#1558,.F.);
#718=ORIENTED_EDGE('',*,*,#1520,.F.);
#719=ORIENTED_EDGE('',*,*,#1555,.F.);
#720=ORIENTED_EDGE('',*,*,#1571,.T.);
#721=ORIENTED_EDGE('',*,*,#1572,.T.);
#722=ORIENTED_EDGE('',*,*,#1573,.F.);
#723=ORIENTED_EDGE('',*,*,#1574,.T.);
#724=ORIENTED_EDGE('',*,*,#1575,.T.);
#725=ORIENTED_EDGE('',*,*,#1576,.T.);
#726=ORIENTED_EDGE('',*,*,#1577,.T.);
#727=ORIENTED_EDGE('',*,*,#1578,.T.);
#728=ORIENTED_EDGE('',*,*,#1579,.F.);
#729=ORIENTED_EDGE('',*,*,#1580,.T.);
#730=ORIENTED_EDGE('',*,*,#1581,.F.);
#731=ORIENTED_EDGE('',*,*,#1582,.T.);
#732=ORIENTED_EDGE('',*,*,#1583,.F.);
#733=ORIENTED_EDGE('',*,*,#1584,.T.);
#734=ORIENTED_EDGE('',*,*,#1585,.T.);
#735=ORIENTED_EDGE('',*,*,#1586,.T.);
#736=ORIENTED_EDGE('',*,*,#1587,.F.);
#737=ORIENTED_EDGE('',*,*,#1588,.F.);
#738=ORIENTED_EDGE('',*,*,#1589,.F.);
#739=ORIENTED_EDGE('',*,*,#1590,.F.);
#740=ORIENTED_EDGE('',*,*,#1591,.T.);
#741=ORIENTED_EDGE('',*,*,#1592,.T.);
#742=ORIENTED_EDGE('',*,*,#1593,.T.);
#743=ORIENTED_EDGE('',*,*,#1594,.T.);
#744=ORIENTED_EDGE('',*,*,#1595,.T.);
#745=ORIENTED_EDGE('',*,*,#1596,.T.);
#746=ORIENTED_EDGE('',*,*,#1597,.T.);
#747=ORIENTED_EDGE('',*,*,#1598,.T.);
#748=ORIENTED_EDGE('',*,*,#1599,.T.);
#749=ORIENTED_EDGE('',*,*,#1600,.T.);
#750=ORIENTED_EDGE('',*,*,#1601,.T.);
#751=ORIENTED_EDGE('',*,*,#1602,.T.);
#752=ORIENTED_EDGE('',*,*,#1603,.T.);
#753=ORIENTED_EDGE('',*,*,#1604,.T.);
#754=ORIENTED_EDGE('',*,*,#1605,.F.);
#755=ORIENTED_EDGE('',*,*,#1606,.T.);
#756=ORIENTED_EDGE('',*,*,#1607,.T.);
#757=ORIENTED_EDGE('',*,*,#1608,.T.);
#758=ORIENTED_EDGE('',*,*,#1609,.T.);
#759=ORIENTED_EDGE('',*,*,#1610,.T.);
#760=ORIENTED_EDGE('',*,*,#1611,.T.);
#761=ORIENTED_EDGE('',*,*,#1612,.T.);
#762=ORIENTED_EDGE('',*,*,#1613,.T.);
#763=ORIENTED_EDGE('',*,*,#1614,.T.);
#764=ORIENTED_EDGE('',*,*,#1615,.T.);
#765=ORIENTED_EDGE('',*,*,#1616,.T.);
#766=ORIENTED_EDGE('',*,*,#1617,.F.);
#767=ORIENTED_EDGE('',*,*,#1618,.F.);
#768=ORIENTED_EDGE('',*,*,#1619,.F.);
#769=ORIENTED_EDGE('',*,*,#1573,.T.);
#770=ORIENTED_EDGE('',*,*,#1620,.T.);
#771=ORIENTED_EDGE('',*,*,#1621,.F.);
#772=ORIENTED_EDGE('',*,*,#1622,.T.);
#773=ORIENTED_EDGE('',*,*,#1616,.F.);
#774=ORIENTED_EDGE('',*,*,#1623,.T.);
#775=ORIENTED_EDGE('',*,*,#1624,.T.);
#776=ORIENTED_EDGE('',*,*,#1625,.F.);
#777=ORIENTED_EDGE('',*,*,#1626,.F.);
#778=ORIENTED_EDGE('',*,*,#1617,.T.);
#779=ORIENTED_EDGE('',*,*,#1625,.T.);
#780=ORIENTED_EDGE('',*,*,#1627,.F.);
#781=ORIENTED_EDGE('',*,*,#1628,.F.);
#782=ORIENTED_EDGE('',*,*,#1618,.T.);
#783=ORIENTED_EDGE('',*,*,#1626,.T.);
#784=ORIENTED_EDGE('',*,*,#1629,.F.);
#785=ORIENTED_EDGE('',*,*,#1630,.F.);
#786=ORIENTED_EDGE('',*,*,#1631,.T.);
#787=ORIENTED_EDGE('',*,*,#1605,.T.);
#788=ORIENTED_EDGE('',*,*,#1628,.T.);
#789=ORIENTED_EDGE('',*,*,#1632,.F.);
#790=ORIENTED_EDGE('',*,*,#1633,.F.);
#791=ORIENTED_EDGE('',*,*,#1634,.T.);
#792=ORIENTED_EDGE('',*,*,#1630,.T.);
#793=ORIENTED_EDGE('',*,*,#1635,.F.);
#794=ORIENTED_EDGE('',*,*,#1636,.F.);
#795=ORIENTED_EDGE('',*,*,#1637,.T.);
#796=ORIENTED_EDGE('',*,*,#1633,.T.);
#797=ORIENTED_EDGE('',*,*,#1638,.T.);
#798=ORIENTED_EDGE('',*,*,#1639,.F.);
#799=ORIENTED_EDGE('',*,*,#1640,.T.);
#800=ORIENTED_EDGE('',*,*,#1636,.T.);
#801=ORIENTED_EDGE('',*,*,#1641,.T.);
#802=ORIENTED_EDGE('',*,*,#1642,.F.);
#803=ORIENTED_EDGE('',*,*,#1643,.T.);
#804=ORIENTED_EDGE('',*,*,#1639,.T.);
#805=ORIENTED_EDGE('',*,*,#1644,.T.);
#806=ORIENTED_EDGE('',*,*,#1645,.F.);
#807=ORIENTED_EDGE('',*,*,#1646,.T.);
#808=ORIENTED_EDGE('',*,*,#1642,.T.);
#809=ORIENTED_EDGE('',*,*,#1647,.F.);
#810=ORIENTED_EDGE('',*,*,#1648,.F.);
#811=ORIENTED_EDGE('',*,*,#1649,.T.);
#812=ORIENTED_EDGE('',*,*,#1645,.T.);
#813=ORIENTED_EDGE('',*,*,#1650,.T.);
#814=ORIENTED_EDGE('',*,*,#1651,.F.);
#815=ORIENTED_EDGE('',*,*,#1652,.T.);
#816=ORIENTED_EDGE('',*,*,#1648,.T.);
#817=ORIENTED_EDGE('',*,*,#1653,.T.);
#818=ORIENTED_EDGE('',*,*,#1654,.F.);
#819=ORIENTED_EDGE('',*,*,#1655,.T.);
#820=ORIENTED_EDGE('',*,*,#1651,.T.);
#821=ORIENTED_EDGE('',*,*,#1656,.T.);
#822=ORIENTED_EDGE('',*,*,#1657,.F.);
#823=ORIENTED_EDGE('',*,*,#1658,.T.);
#824=ORIENTED_EDGE('',*,*,#1654,.T.);
#825=ORIENTED_EDGE('',*,*,#1659,.T.);
#826=ORIENTED_EDGE('',*,*,#1615,.F.);
#827=ORIENTED_EDGE('',*,*,#1660,.T.);
#828=ORIENTED_EDGE('',*,*,#1657,.T.);
#829=ORIENTED_EDGE('',*,*,#1661,.T.);
#830=ORIENTED_EDGE('',*,*,#1623,.F.);
#831=ORIENTED_EDGE('',*,*,#1624,.F.);
#832=ORIENTED_EDGE('',*,*,#1661,.F.);
#833=ORIENTED_EDGE('',*,*,#1659,.F.);
#834=ORIENTED_EDGE('',*,*,#1656,.F.);
#835=ORIENTED_EDGE('',*,*,#1653,.F.);
#836=ORIENTED_EDGE('',*,*,#1650,.F.);
#837=ORIENTED_EDGE('',*,*,#1647,.T.);
#838=ORIENTED_EDGE('',*,*,#1644,.F.);
#839=ORIENTED_EDGE('',*,*,#1641,.F.);
#840=ORIENTED_EDGE('',*,*,#1638,.F.);
#841=ORIENTED_EDGE('',*,*,#1635,.T.);
#842=ORIENTED_EDGE('',*,*,#1632,.T.);
#843=ORIENTED_EDGE('',*,*,#1629,.T.);
#844=ORIENTED_EDGE('',*,*,#1627,.T.);
#845=ORIENTED_EDGE('',*,*,#1594,.F.);
#846=ORIENTED_EDGE('',*,*,#1662,.T.);
#847=ORIENTED_EDGE('',*,*,#1663,.T.);
#848=ORIENTED_EDGE('',*,*,#1664,.F.);
#849=ORIENTED_EDGE('',*,*,#1595,.F.);
#850=ORIENTED_EDGE('',*,*,#1664,.T.);
#851=ORIENTED_EDGE('',*,*,#1665,.T.);
#852=ORIENTED_EDGE('',*,*,#1666,.F.);
#853=ORIENTED_EDGE('',*,*,#1596,.F.);
#854=ORIENTED_EDGE('',*,*,#1666,.T.);
#855=ORIENTED_EDGE('',*,*,#1667,.T.);
#856=ORIENTED_EDGE('',*,*,#1668,.F.);
#857=ORIENTED_EDGE('',*,*,#1669,.T.);
#858=ORIENTED_EDGE('',*,*,#1670,.F.);
#859=ORIENTED_EDGE('',*,*,#1671,.T.);
#860=ORIENTED_EDGE('',*,*,#1668,.T.);
#861=ORIENTED_EDGE('',*,*,#1672,.T.);
#862=ORIENTED_EDGE('',*,*,#1673,.F.);
#863=ORIENTED_EDGE('',*,*,#1674,.T.);
#864=ORIENTED_EDGE('',*,*,#1670,.T.);
#865=ORIENTED_EDGE('',*,*,#1675,.T.);
#866=ORIENTED_EDGE('',*,*,#1676,.F.);
#867=ORIENTED_EDGE('',*,*,#1677,.T.);
#868=ORIENTED_EDGE('',*,*,#1673,.T.);
#869=ORIENTED_EDGE('',*,*,#1678,.T.);
#870=ORIENTED_EDGE('',*,*,#1679,.F.);
#871=ORIENTED_EDGE('',*,*,#1680,.T.);
#872=ORIENTED_EDGE('',*,*,#1676,.T.);
#873=ORIENTED_EDGE('',*,*,#1681,.T.);
#874=ORIENTED_EDGE('',*,*,#1682,.F.);
#875=ORIENTED_EDGE('',*,*,#1683,.T.);
#876=ORIENTED_EDGE('',*,*,#1679,.T.);
#877=ORIENTED_EDGE('',*,*,#1684,.T.);
#878=ORIENTED_EDGE('',*,*,#1685,.F.);
#879=ORIENTED_EDGE('',*,*,#1686,.T.);
#880=ORIENTED_EDGE('',*,*,#1682,.T.);
#881=ORIENTED_EDGE('',*,*,#1687,.T.);
#882=ORIENTED_EDGE('',*,*,#1688,.F.);
#883=ORIENTED_EDGE('',*,*,#1689,.T.);
#884=ORIENTED_EDGE('',*,*,#1685,.T.);
#885=ORIENTED_EDGE('',*,*,#1690,.T.);
#886=ORIENTED_EDGE('',*,*,#1691,.F.);
#887=ORIENTED_EDGE('',*,*,#1692,.T.);
#888=ORIENTED_EDGE('',*,*,#1688,.T.);
#889=ORIENTED_EDGE('',*,*,#1693,.T.);
#890=ORIENTED_EDGE('',*,*,#1694,.F.);
#891=ORIENTED_EDGE('',*,*,#1695,.T.);
#892=ORIENTED_EDGE('',*,*,#1691,.T.);
#893=ORIENTED_EDGE('',*,*,#1696,.T.);
#894=ORIENTED_EDGE('',*,*,#1592,.F.);
#895=ORIENTED_EDGE('',*,*,#1697,.T.);
#896=ORIENTED_EDGE('',*,*,#1694,.T.);
#897=ORIENTED_EDGE('',*,*,#1698,.T.);
#898=ORIENTED_EDGE('',*,*,#1699,.F.);
#899=ORIENTED_EDGE('',*,*,#1593,.F.);
#900=ORIENTED_EDGE('',*,*,#1699,.T.);
#901=ORIENTED_EDGE('',*,*,#1700,.T.);
#902=ORIENTED_EDGE('',*,*,#1662,.F.);
#903=ORIENTED_EDGE('',*,*,#1663,.F.);
#904=ORIENTED_EDGE('',*,*,#1700,.F.);
#905=ORIENTED_EDGE('',*,*,#1698,.F.);
#906=ORIENTED_EDGE('',*,*,#1696,.F.);
#907=ORIENTED_EDGE('',*,*,#1693,.F.);
#908=ORIENTED_EDGE('',*,*,#1690,.F.);
#909=ORIENTED_EDGE('',*,*,#1687,.F.);
#910=ORIENTED_EDGE('',*,*,#1684,.F.);
#911=ORIENTED_EDGE('',*,*,#1681,.F.);
#912=ORIENTED_EDGE('',*,*,#1678,.F.);
#913=ORIENTED_EDGE('',*,*,#1675,.F.);
#914=ORIENTED_EDGE('',*,*,#1672,.F.);
#915=ORIENTED_EDGE('',*,*,#1667,.F.);
#916=ORIENTED_EDGE('',*,*,#1665,.F.);
#917=ORIENTED_EDGE('',*,*,#1585,.F.);
#918=ORIENTED_EDGE('',*,*,#1701,.T.);
#919=ORIENTED_EDGE('',*,*,#1702,.T.);
#920=ORIENTED_EDGE('',*,*,#1703,.T.);
#921=ORIENTED_EDGE('',*,*,#1583,.T.);
#922=ORIENTED_EDGE('',*,*,#1704,.T.);
#923=ORIENTED_EDGE('',*,*,#1705,.F.);
#924=ORIENTED_EDGE('',*,*,#1706,.T.);
#925=ORIENTED_EDGE('',*,*,#1581,.T.);
#926=ORIENTED_EDGE('',*,*,#1707,.T.);
#927=ORIENTED_EDGE('',*,*,#1708,.F.);
#928=ORIENTED_EDGE('',*,*,#1709,.T.);
#929=ORIENTED_EDGE('',*,*,#1710,.T.);
#930=ORIENTED_EDGE('',*,*,#1711,.T.);
#931=ORIENTED_EDGE('',*,*,#1571,.F.);
#932=ORIENTED_EDGE('',*,*,#1712,.T.);
#933=ORIENTED_EDGE('',*,*,#1621,.T.);
#934=ORIENTED_EDGE('',*,*,#1713,.T.);
#935=ORIENTED_EDGE('',*,*,#1710,.F.);
#936=ORIENTED_EDGE('',*,*,#1714,.T.);
#937=ORIENTED_EDGE('',*,*,#1702,.F.);
#938=ORIENTED_EDGE('',*,*,#1715,.T.);
#939=ORIENTED_EDGE('',*,*,#1705,.T.);
#940=ORIENTED_EDGE('',*,*,#1716,.T.);
#941=ORIENTED_EDGE('',*,*,#1708,.T.);
#942=ORIENTED_EDGE('',*,*,#1717,.T.);
#943=ORIENTED_EDGE('',*,*,#1718,.F.);
#944=ORIENTED_EDGE('',*,*,#1719,.T.);
#945=ORIENTED_EDGE('',*,*,#1720,.T.);
#946=ORIENTED_EDGE('',*,*,#1721,.T.);
#947=ORIENTED_EDGE('',*,*,#1722,.T.);
#948=ORIENTED_EDGE('',*,*,#1723,.T.);
#949=ORIENTED_EDGE('',*,*,#1724,.F.);
#950=ORIENTED_EDGE('',*,*,#1725,.T.);
#951=ORIENTED_EDGE('',*,*,#1726,.T.);
#952=ORIENTED_EDGE('',*,*,#1727,.T.);
#953=ORIENTED_EDGE('',*,*,#1728,.T.);
#954=ORIENTED_EDGE('',*,*,#1715,.F.);
#955=ORIENTED_EDGE('',*,*,#1701,.F.);
#956=ORIENTED_EDGE('',*,*,#1584,.F.);
#957=ORIENTED_EDGE('',*,*,#1706,.F.);
#958=ORIENTED_EDGE('',*,*,#1714,.F.);
#959=ORIENTED_EDGE('',*,*,#1712,.F.);
#960=ORIENTED_EDGE('',*,*,#1586,.F.);
#961=ORIENTED_EDGE('',*,*,#1703,.F.);
#962=ORIENTED_EDGE('',*,*,#1729,.T.);
#963=ORIENTED_EDGE('',*,*,#1590,.T.);
#964=ORIENTED_EDGE('',*,*,#1730,.T.);
#965=ORIENTED_EDGE('',*,*,#1589,.T.);
#966=ORIENTED_EDGE('',*,*,#1731,.T.);
#967=ORIENTED_EDGE('',*,*,#1588,.T.);
#968=ORIENTED_EDGE('',*,*,#1732,.T.);
#969=ORIENTED_EDGE('',*,*,#1587,.T.);
#970=ORIENTED_EDGE('',*,*,#1725,.F.);
#971=ORIENTED_EDGE('',*,*,#1731,.F.);
#972=ORIENTED_EDGE('',*,*,#1726,.F.);
#973=ORIENTED_EDGE('',*,*,#1732,.F.);
#974=ORIENTED_EDGE('',*,*,#1727,.F.);
#975=ORIENTED_EDGE('',*,*,#1730,.F.);
#976=ORIENTED_EDGE('',*,*,#1728,.F.);
#977=ORIENTED_EDGE('',*,*,#1729,.F.);
#978=ORIENTED_EDGE('',*,*,#1724,.T.);
#979=ORIENTED_EDGE('',*,*,#1733,.F.);
#980=ORIENTED_EDGE('',*,*,#1577,.F.);
#981=ORIENTED_EDGE('',*,*,#1734,.T.);
#982=ORIENTED_EDGE('',*,*,#1720,.F.);
#983=ORIENTED_EDGE('',*,*,#1735,.T.);
#984=ORIENTED_EDGE('',*,*,#1575,.F.);
#985=ORIENTED_EDGE('',*,*,#1736,.T.);
#986=ORIENTED_EDGE('',*,*,#1722,.F.);
#987=ORIENTED_EDGE('',*,*,#1737,.T.);
#988=ORIENTED_EDGE('',*,*,#1579,.T.);
#989=ORIENTED_EDGE('',*,*,#1738,.T.);
#990=ORIENTED_EDGE('',*,*,#1718,.T.);
#991=ORIENTED_EDGE('',*,*,#1739,.T.);
#992=ORIENTED_EDGE('',*,*,#1713,.F.);
#993=ORIENTED_EDGE('',*,*,#1620,.F.);
#994=ORIENTED_EDGE('',*,*,#1572,.F.);
#995=ORIENTED_EDGE('',*,*,#1711,.F.);
#996=ORIENTED_EDGE('',*,*,#1574,.F.);
#997=ORIENTED_EDGE('',*,*,#1622,.F.);
#998=ORIENTED_EDGE('',*,*,#1723,.F.);
#999=ORIENTED_EDGE('',*,*,#1736,.F.);
#1000=ORIENTED_EDGE('',*,*,#1576,.F.);
#1001=ORIENTED_EDGE('',*,*,#1737,.F.);
#1002=ORIENTED_EDGE('',*,*,#1721,.F.);
#1003=ORIENTED_EDGE('',*,*,#1734,.F.);
#1004=ORIENTED_EDGE('',*,*,#1578,.F.);
#1005=ORIENTED_EDGE('',*,*,#1735,.F.);
#1006=ORIENTED_EDGE('',*,*,#1719,.F.);
#1007=ORIENTED_EDGE('',*,*,#1738,.F.);
#1008=ORIENTED_EDGE('',*,*,#1580,.F.);
#1009=ORIENTED_EDGE('',*,*,#1739,.F.);
#1010=ORIENTED_EDGE('',*,*,#1717,.F.);
#1011=ORIENTED_EDGE('',*,*,#1707,.F.);
#1012=ORIENTED_EDGE('',*,*,#1716,.F.);
#1013=ORIENTED_EDGE('',*,*,#1704,.F.);
#1014=ORIENTED_EDGE('',*,*,#1582,.F.);
#1015=ORIENTED_EDGE('',*,*,#1709,.F.);
#1016=ORIENTED_EDGE('',*,*,#1733,.T.);
#1017=ORIENTED_EDGE('',*,*,#1740,.F.);
#1018=ORIENTED_EDGE('',*,*,#1740,.T.);
#1019=ORIENTED_EDGE('',*,*,#1619,.T.);
#1020=ORIENTED_EDGE('',*,*,#1669,.F.);
#1021=ORIENTED_EDGE('',*,*,#1671,.F.);
#1022=ORIENTED_EDGE('',*,*,#1741,.F.);
#1023=ORIENTED_EDGE('',*,*,#1597,.F.);
#1024=ORIENTED_EDGE('',*,*,#1741,.T.);
#1025=ORIENTED_EDGE('',*,*,#1674,.F.);
#1026=ORIENTED_EDGE('',*,*,#1742,.F.);
#1027=ORIENTED_EDGE('',*,*,#1598,.F.);
#1028=ORIENTED_EDGE('',*,*,#1742,.T.);
#1029=ORIENTED_EDGE('',*,*,#1677,.F.);
#1030=ORIENTED_EDGE('',*,*,#1743,.F.);
#1031=ORIENTED_EDGE('',*,*,#1599,.F.);
#1032=ORIENTED_EDGE('',*,*,#1743,.T.);
#1033=ORIENTED_EDGE('',*,*,#1680,.F.);
#1034=ORIENTED_EDGE('',*,*,#1744,.F.);
#1035=ORIENTED_EDGE('',*,*,#1600,.F.);
#1036=ORIENTED_EDGE('',*,*,#1744,.T.);
#1037=ORIENTED_EDGE('',*,*,#1683,.F.);
#1038=ORIENTED_EDGE('',*,*,#1745,.F.);
#1039=ORIENTED_EDGE('',*,*,#1601,.F.);
#1040=ORIENTED_EDGE('',*,*,#1745,.T.);
#1041=ORIENTED_EDGE('',*,*,#1686,.F.);
#1042=ORIENTED_EDGE('',*,*,#1746,.F.);
#1043=ORIENTED_EDGE('',*,*,#1602,.F.);
#1044=ORIENTED_EDGE('',*,*,#1746,.T.);
#1045=ORIENTED_EDGE('',*,*,#1689,.F.);
#1046=ORIENTED_EDGE('',*,*,#1747,.F.);
#1047=ORIENTED_EDGE('',*,*,#1603,.F.);
#1048=ORIENTED_EDGE('',*,*,#1747,.T.);
#1049=ORIENTED_EDGE('',*,*,#1692,.F.);
#1050=ORIENTED_EDGE('',*,*,#1748,.F.);
#1051=ORIENTED_EDGE('',*,*,#1604,.F.);
#1052=ORIENTED_EDGE('',*,*,#1748,.T.);
#1053=ORIENTED_EDGE('',*,*,#1695,.F.);
#1054=ORIENTED_EDGE('',*,*,#1697,.F.);
#1055=ORIENTED_EDGE('',*,*,#1591,.F.);
#1056=ORIENTED_EDGE('',*,*,#1660,.F.);
#1057=ORIENTED_EDGE('',*,*,#1614,.F.);
#1058=ORIENTED_EDGE('',*,*,#1749,.F.);
#1059=ORIENTED_EDGE('',*,*,#1658,.F.);
#1060=ORIENTED_EDGE('',*,*,#1749,.T.);
#1061=ORIENTED_EDGE('',*,*,#1613,.F.);
#1062=ORIENTED_EDGE('',*,*,#1750,.F.);
#1063=ORIENTED_EDGE('',*,*,#1655,.F.);
#1064=ORIENTED_EDGE('',*,*,#1750,.T.);
#1065=ORIENTED_EDGE('',*,*,#1612,.F.);
#1066=ORIENTED_EDGE('',*,*,#1751,.F.);
#1067=ORIENTED_EDGE('',*,*,#1652,.F.);
#1068=ORIENTED_EDGE('',*,*,#1751,.T.);
#1069=ORIENTED_EDGE('',*,*,#1611,.F.);
#1070=ORIENTED_EDGE('',*,*,#1752,.F.);
#1071=ORIENTED_EDGE('',*,*,#1649,.F.);
#1072=ORIENTED_EDGE('',*,*,#1752,.T.);
#1073=ORIENTED_EDGE('',*,*,#1610,.F.);
#1074=ORIENTED_EDGE('',*,*,#1753,.F.);
#1075=ORIENTED_EDGE('',*,*,#1646,.F.);
#1076=ORIENTED_EDGE('',*,*,#1753,.T.);
#1077=ORIENTED_EDGE('',*,*,#1609,.F.);
#1078=ORIENTED_EDGE('',*,*,#1754,.F.);
#1079=ORIENTED_EDGE('',*,*,#1643,.F.);
#1080=ORIENTED_EDGE('',*,*,#1754,.T.);
#1081=ORIENTED_EDGE('',*,*,#1608,.F.);
#1082=ORIENTED_EDGE('',*,*,#1755,.F.);
#1083=ORIENTED_EDGE('',*,*,#1640,.F.);
#1084=ORIENTED_EDGE('',*,*,#1755,.T.);
#1085=ORIENTED_EDGE('',*,*,#1607,.F.);
#1086=ORIENTED_EDGE('',*,*,#1756,.F.);
#1087=ORIENTED_EDGE('',*,*,#1637,.F.);
#1088=ORIENTED_EDGE('',*,*,#1756,.T.);
#1089=ORIENTED_EDGE('',*,*,#1606,.F.);
#1090=ORIENTED_EDGE('',*,*,#1631,.F.);
#1091=ORIENTED_EDGE('',*,*,#1634,.F.);
#1092=ORIENTED_EDGE('',*,*,#1757,.T.);
#1093=ORIENTED_EDGE('',*,*,#1758,.T.);
#1094=ORIENTED_EDGE('',*,*,#1758,.F.);
#1095=ORIENTED_EDGE('',*,*,#1757,.F.);
#1096=ORIENTED_EDGE('',*,*,#1759,.T.);
#1097=ORIENTED_EDGE('',*,*,#1760,.T.);
#1098=ORIENTED_EDGE('',*,*,#1760,.F.);
#1099=ORIENTED_EDGE('',*,*,#1759,.F.);
#1100=ORIENTED_EDGE('',*,*,#1761,.F.);
#1101=ORIENTED_EDGE('',*,*,#1762,.F.);
#1102=ORIENTED_EDGE('',*,*,#1763,.T.);
#1103=ORIENTED_EDGE('',*,*,#1764,.T.);
#1104=ORIENTED_EDGE('',*,*,#1765,.T.);
#1105=ORIENTED_EDGE('',*,*,#1766,.T.);
#1106=ORIENTED_EDGE('',*,*,#1767,.F.);
#1107=ORIENTED_EDGE('',*,*,#1768,.F.);
#1108=ORIENTED_EDGE('',*,*,#1769,.T.);
#1109=ORIENTED_EDGE('',*,*,#1770,.F.);
#1110=ORIENTED_EDGE('',*,*,#1771,.F.);
#1111=ORIENTED_EDGE('',*,*,#1762,.T.);
#1112=ORIENTED_EDGE('',*,*,#1772,.T.);
#1113=ORIENTED_EDGE('',*,*,#1773,.F.);
#1114=ORIENTED_EDGE('',*,*,#1774,.F.);
#1115=ORIENTED_EDGE('',*,*,#1770,.T.);
#1116=ORIENTED_EDGE('',*,*,#1775,.F.);
#1117=ORIENTED_EDGE('',*,*,#1776,.F.);
#1118=ORIENTED_EDGE('',*,*,#1777,.T.);
#1119=ORIENTED_EDGE('',*,*,#1778,.T.);
#1120=ORIENTED_EDGE('',*,*,#1779,.T.);
#1121=ORIENTED_EDGE('',*,*,#1780,.F.);
#1122=ORIENTED_EDGE('',*,*,#1781,.F.);
#1123=ORIENTED_EDGE('',*,*,#1776,.T.);
#1124=ORIENTED_EDGE('',*,*,#1782,.F.);
#1125=ORIENTED_EDGE('',*,*,#1783,.F.);
#1126=ORIENTED_EDGE('',*,*,#1784,.T.);
#1127=ORIENTED_EDGE('',*,*,#1780,.T.);
#1128=ORIENTED_EDGE('',*,*,#1785,.T.);
#1129=ORIENTED_EDGE('',*,*,#1786,.F.);
#1130=ORIENTED_EDGE('',*,*,#1787,.F.);
#1131=ORIENTED_EDGE('',*,*,#1783,.T.);
#1132=ORIENTED_EDGE('',*,*,#1788,.T.);
#1133=ORIENTED_EDGE('',*,*,#1789,.F.);
#1134=ORIENTED_EDGE('',*,*,#1790,.F.);
#1135=ORIENTED_EDGE('',*,*,#1786,.T.);
#1136=ORIENTED_EDGE('',*,*,#1791,.T.);
#1137=ORIENTED_EDGE('',*,*,#1792,.F.);
#1138=ORIENTED_EDGE('',*,*,#1793,.F.);
#1139=ORIENTED_EDGE('',*,*,#1789,.T.);
#1140=ORIENTED_EDGE('',*,*,#1794,.T.);
#1141=ORIENTED_EDGE('',*,*,#1795,.F.);
#1142=ORIENTED_EDGE('',*,*,#1796,.F.);
#1143=ORIENTED_EDGE('',*,*,#1792,.T.);
#1144=ORIENTED_EDGE('',*,*,#1797,.T.);
#1145=ORIENTED_EDGE('',*,*,#1778,.F.);
#1146=ORIENTED_EDGE('',*,*,#1798,.F.);
#1147=ORIENTED_EDGE('',*,*,#1795,.T.);
#1148=ORIENTED_EDGE('',*,*,#1799,.F.);
#1149=ORIENTED_EDGE('',*,*,#1800,.T.);
#1150=ORIENTED_EDGE('',*,*,#1801,.T.);
#1151=ORIENTED_EDGE('',*,*,#1802,.T.);
#1152=ORIENTED_EDGE('',*,*,#1803,.F.);
#1153=ORIENTED_EDGE('',*,*,#1764,.F.);
#1154=ORIENTED_EDGE('',*,*,#1804,.T.);
#1155=ORIENTED_EDGE('',*,*,#1773,.T.);
#1156=ORIENTED_EDGE('',*,*,#1775,.T.);
#1157=ORIENTED_EDGE('',*,*,#1797,.F.);
#1158=ORIENTED_EDGE('',*,*,#1794,.F.);
#1159=ORIENTED_EDGE('',*,*,#1791,.F.);
#1160=ORIENTED_EDGE('',*,*,#1788,.F.);
#1161=ORIENTED_EDGE('',*,*,#1785,.F.);
#1162=ORIENTED_EDGE('',*,*,#1782,.T.);
#1163=ORIENTED_EDGE('',*,*,#1779,.F.);
#1164=ORIENTED_EDGE('',*,*,#1761,.T.);
#1165=ORIENTED_EDGE('',*,*,#1803,.T.);
#1166=ORIENTED_EDGE('',*,*,#1772,.F.);
#1167=ORIENTED_EDGE('',*,*,#1769,.F.);
#1168=ORIENTED_EDGE('',*,*,#1763,.F.);
#1169=ORIENTED_EDGE('',*,*,#1771,.T.);
#1170=ORIENTED_EDGE('',*,*,#1774,.T.);
#1171=ORIENTED_EDGE('',*,*,#1804,.F.);
#1172=ORIENTED_EDGE('',*,*,#1777,.F.);
#1173=ORIENTED_EDGE('',*,*,#1781,.T.);
#1174=ORIENTED_EDGE('',*,*,#1784,.F.);
#1175=ORIENTED_EDGE('',*,*,#1787,.T.);
#1176=ORIENTED_EDGE('',*,*,#1790,.T.);
#1177=ORIENTED_EDGE('',*,*,#1793,.T.);
#1178=ORIENTED_EDGE('',*,*,#1796,.T.);
#1179=ORIENTED_EDGE('',*,*,#1798,.T.);
#1180=ORIENTED_EDGE('',*,*,#1805,.F.);
#1181=ORIENTED_EDGE('',*,*,#1801,.F.);
#1182=ORIENTED_EDGE('',*,*,#1806,.T.);
#1183=ORIENTED_EDGE('',*,*,#1807,.T.);
#1184=ORIENTED_EDGE('',*,*,#1808,.T.);
#1185=ORIENTED_EDGE('',*,*,#1809,.T.);
#1186=ORIENTED_EDGE('',*,*,#1810,.F.);
#1187=ORIENTED_EDGE('',*,*,#1811,.F.);
#1188=ORIENTED_EDGE('',*,*,#1812,.T.);
#1189=ORIENTED_EDGE('',*,*,#1799,.T.);
#1190=ORIENTED_EDGE('',*,*,#1813,.F.);
#1191=ORIENTED_EDGE('',*,*,#1808,.F.);
#1192=ORIENTED_EDGE('',*,*,#1814,.T.);
#1193=ORIENTED_EDGE('',*,*,#1810,.T.);
#1194=ORIENTED_EDGE('',*,*,#1807,.F.);
#1195=ORIENTED_EDGE('',*,*,#1815,.T.);
#1196=ORIENTED_EDGE('',*,*,#1811,.T.);
#1197=ORIENTED_EDGE('',*,*,#1814,.F.);
#1198=ORIENTED_EDGE('',*,*,#1805,.T.);
#1199=ORIENTED_EDGE('',*,*,#1813,.T.);
#1200=ORIENTED_EDGE('',*,*,#1809,.F.);
#1201=ORIENTED_EDGE('',*,*,#1802,.F.);
#1202=ORIENTED_EDGE('',*,*,#1816,.T.);
#1203=ORIENTED_EDGE('',*,*,#1817,.F.);
#1204=ORIENTED_EDGE('',*,*,#1818,.T.);
#1205=ORIENTED_EDGE('',*,*,#1768,.T.);
#1206=ORIENTED_EDGE('',*,*,#1819,.T.);
#1207=ORIENTED_EDGE('',*,*,#1820,.F.);
#1208=ORIENTED_EDGE('',*,*,#1821,.F.);
#1209=ORIENTED_EDGE('',*,*,#1817,.T.);
#1210=ORIENTED_EDGE('',*,*,#1822,.F.);
#1211=ORIENTED_EDGE('',*,*,#1766,.F.);
#1212=ORIENTED_EDGE('',*,*,#1823,.T.);
#1213=ORIENTED_EDGE('',*,*,#1820,.T.);
#1214=ORIENTED_EDGE('',*,*,#1767,.T.);
#1215=ORIENTED_EDGE('',*,*,#1822,.T.);
#1216=ORIENTED_EDGE('',*,*,#1819,.F.);
#1217=ORIENTED_EDGE('',*,*,#1816,.F.);
#1218=ORIENTED_EDGE('',*,*,#1806,.F.);
#1219=ORIENTED_EDGE('',*,*,#1800,.F.);
#1220=ORIENTED_EDGE('',*,*,#1812,.F.);
#1221=ORIENTED_EDGE('',*,*,#1815,.F.);
#1222=ORIENTED_EDGE('',*,*,#1818,.F.);
#1223=ORIENTED_EDGE('',*,*,#1821,.T.);
#1224=ORIENTED_EDGE('',*,*,#1823,.F.);
#1225=ORIENTED_EDGE('',*,*,#1765,.F.);
#1226=ORIENTED_EDGE('',*,*,#1824,.T.);
#1227=ORIENTED_EDGE('',*,*,#1825,.F.);
#1228=ORIENTED_EDGE('',*,*,#1825,.T.);
#1229=ORIENTED_EDGE('',*,*,#1824,.F.);
#1230=ORIENTED_EDGE('',*,*,#1826,.F.);
#1231=ORIENTED_EDGE('',*,*,#1827,.F.);
#1232=ORIENTED_EDGE('',*,*,#1827,.T.);
#1233=ORIENTED_EDGE('',*,*,#1826,.T.);
#1234=ORIENTED_EDGE('',*,*,#1828,.T.);
#1235=ORIENTED_EDGE('',*,*,#1829,.F.);
#1236=ORIENTED_EDGE('',*,*,#1828,.F.);
#1237=ORIENTED_EDGE('',*,*,#1830,.T.);
#1238=ORIENTED_EDGE('',*,*,#1829,.T.);
#1239=ORIENTED_EDGE('',*,*,#1831,.T.);
#1240=ORIENTED_EDGE('',*,*,#1830,.F.);
#1241=ORIENTED_EDGE('',*,*,#1831,.F.);
#1242=ORIENTED_EDGE('',*,*,#1832,.F.);
#1243=ORIENTED_EDGE('',*,*,#1833,.F.);
#1244=ORIENTED_EDGE('',*,*,#1834,.T.);
#1245=ORIENTED_EDGE('',*,*,#1835,.T.);
#1246=ORIENTED_EDGE('',*,*,#1834,.F.);
#1247=ORIENTED_EDGE('',*,*,#1836,.F.);
#1248=ORIENTED_EDGE('',*,*,#1837,.F.);
#1249=ORIENTED_EDGE('',*,*,#1838,.T.);
#1250=ORIENTED_EDGE('',*,*,#1839,.T.);
#1251=ORIENTED_EDGE('',*,*,#1840,.T.);
#1252=ORIENTED_EDGE('',*,*,#1838,.F.);
#1253=ORIENTED_EDGE('',*,*,#1841,.F.);
#1254=ORIENTED_EDGE('',*,*,#1842,.T.);
#1255=ORIENTED_EDGE('',*,*,#1843,.T.);
#1256=ORIENTED_EDGE('',*,*,#1842,.F.);
#1257=ORIENTED_EDGE('',*,*,#1844,.F.);
#1258=ORIENTED_EDGE('',*,*,#1845,.T.);
#1259=ORIENTED_EDGE('',*,*,#1846,.T.);
#1260=ORIENTED_EDGE('',*,*,#1847,.F.);
#1261=ORIENTED_EDGE('',*,*,#1848,.T.);
#1262=ORIENTED_EDGE('',*,*,#1846,.F.);
#1263=ORIENTED_EDGE('',*,*,#1849,.F.);
#1264=ORIENTED_EDGE('',*,*,#1832,.T.);
#1265=ORIENTED_EDGE('',*,*,#1850,.T.);
#1266=ORIENTED_EDGE('',*,*,#1851,.F.);
#1267=ORIENTED_EDGE('',*,*,#1840,.F.);
#1268=ORIENTED_EDGE('',*,*,#1852,.T.);
#1269=ORIENTED_EDGE('',*,*,#1847,.T.);
#1270=ORIENTED_EDGE('',*,*,#1852,.F.);
#1271=ORIENTED_EDGE('',*,*,#1839,.F.);
#1272=ORIENTED_EDGE('',*,*,#1843,.F.);
#1273=ORIENTED_EDGE('',*,*,#1848,.F.);
#1274=ORIENTED_EDGE('',*,*,#1835,.F.);
#1275=ORIENTED_EDGE('',*,*,#1851,.T.);
#1276=ORIENTED_EDGE('',*,*,#1850,.F.);
#1277=ORIENTED_EDGE('',*,*,#1853,.T.);
#1278=ORIENTED_EDGE('',*,*,#1833,.T.);
#1279=ORIENTED_EDGE('',*,*,#1849,.T.);
#1280=ORIENTED_EDGE('',*,*,#1853,.F.);
#1281=ORIENTED_EDGE('',*,*,#1845,.F.);
#1282=ORIENTED_EDGE('',*,*,#1854,.T.);
#1283=ORIENTED_EDGE('',*,*,#1836,.T.);
#1284=ORIENTED_EDGE('',*,*,#1841,.T.);
#1285=ORIENTED_EDGE('',*,*,#1837,.T.);
#1286=ORIENTED_EDGE('',*,*,#1854,.F.);
#1287=ORIENTED_EDGE('',*,*,#1844,.T.);
#1288=EDGE_CURVE('',#1855,#1856,#2243,.T.);
#1289=EDGE_CURVE('',#1855,#1857,#2244,.T.);
#1290=EDGE_CURVE('',#1857,#1858,#2245,.T.);
#1291=EDGE_CURVE('',#1856,#1858,#2246,.T.);
#1292=EDGE_CURVE('',#1856,#1859,#2247,.T.);
#1293=EDGE_CURVE('',#1858,#1860,#2248,.T.);
#1294=EDGE_CURVE('',#1859,#1860,#2249,.T.);
#1295=EDGE_CURVE('',#1859,#1861,#2250,.T.);
#1296=EDGE_CURVE('',#1860,#1862,#2251,.T.);
#1297=EDGE_CURVE('',#1861,#1862,#2252,.T.);
#1298=EDGE_CURVE('',#1861,#1863,#2253,.T.);
#1299=EDGE_CURVE('',#1862,#1864,#2254,.T.);
#1300=EDGE_CURVE('',#1863,#1864,#2255,.T.);
#1301=EDGE_CURVE('',#1863,#1865,#2256,.T.);
#1302=EDGE_CURVE('',#1864,#1866,#2257,.T.);
#1303=EDGE_CURVE('',#1865,#1866,#2258,.T.);
#1304=EDGE_CURVE('',#1865,#1867,#2259,.T.);
#1305=EDGE_CURVE('',#1866,#1868,#2260,.T.);
#1306=EDGE_CURVE('',#1867,#1868,#2261,.T.);
#1307=EDGE_CURVE('',#1867,#1869,#2262,.T.);
#1308=EDGE_CURVE('',#1868,#1870,#2263,.T.);
#1309=EDGE_CURVE('',#1869,#1870,#2264,.T.);
#1310=EDGE_CURVE('',#1869,#1871,#2265,.T.);
#1311=EDGE_CURVE('',#1870,#1872,#2266,.T.);
#1312=EDGE_CURVE('',#1871,#1872,#2267,.T.);
#1313=EDGE_CURVE('',#1871,#1873,#2268,.T.);
#1314=EDGE_CURVE('',#1872,#1874,#2269,.T.);
#1315=EDGE_CURVE('',#1873,#1874,#2270,.T.);
#1316=EDGE_CURVE('',#1873,#1875,#2271,.T.);
#1317=EDGE_CURVE('',#1874,#1876,#2272,.T.);
#1318=EDGE_CURVE('',#1875,#1876,#2273,.T.);
#1319=EDGE_CURVE('',#1875,#1877,#2274,.T.);
#1320=EDGE_CURVE('',#1876,#1878,#2275,.T.);
#1321=EDGE_CURVE('',#1877,#1878,#2276,.T.);
#1322=EDGE_CURVE('',#1877,#1879,#2277,.T.);
#1323=EDGE_CURVE('',#1878,#1880,#2278,.T.);
#1324=EDGE_CURVE('',#1879,#1880,#2279,.T.);
#1325=EDGE_CURVE('',#1879,#1881,#2280,.T.);
#1326=EDGE_CURVE('',#1880,#1882,#2281,.T.);
#1327=EDGE_CURVE('',#1881,#1882,#2282,.T.);
#1328=EDGE_CURVE('',#1881,#1883,#2283,.T.);
#1329=EDGE_CURVE('',#1882,#1884,#2284,.T.);
#1330=EDGE_CURVE('',#1883,#1884,#2285,.T.);
#1331=EDGE_CURVE('',#1883,#1885,#2286,.T.);
#1332=EDGE_CURVE('',#1884,#1886,#2287,.T.);
#1333=EDGE_CURVE('',#1885,#1886,#2288,.T.);
#1334=EDGE_CURVE('',#1885,#1887,#2289,.T.);
#1335=EDGE_CURVE('',#1886,#1888,#2290,.T.);
#1336=EDGE_CURVE('',#1887,#1888,#2291,.T.);
#1337=EDGE_CURVE('',#1887,#1889,#2292,.T.);
#1338=EDGE_CURVE('',#1888,#1890,#2293,.T.);
#1339=EDGE_CURVE('',#1889,#1890,#2294,.T.);
#1340=EDGE_CURVE('',#1889,#1891,#2295,.T.);
#1341=EDGE_CURVE('',#1890,#1892,#2296,.T.);
#1342=EDGE_CURVE('',#1891,#1892,#2297,.T.);
#1343=EDGE_CURVE('',#1891,#1893,#2298,.T.);
#1344=EDGE_CURVE('',#1892,#1894,#2299,.T.);
#1345=EDGE_CURVE('',#1893,#1894,#2300,.T.);
#1346=EDGE_CURVE('',#1893,#1895,#2301,.T.);
#1347=EDGE_CURVE('',#1894,#1896,#2302,.T.);
#1348=EDGE_CURVE('',#1895,#1896,#2303,.T.);
#1349=EDGE_CURVE('',#1895,#1897,#2304,.T.);
#1350=EDGE_CURVE('',#1896,#1898,#2305,.T.);
#1351=EDGE_CURVE('',#1897,#1898,#2306,.T.);
#1352=EDGE_CURVE('',#1897,#1899,#2307,.T.);
#1353=EDGE_CURVE('',#1898,#1900,#2308,.T.);
#1354=EDGE_CURVE('',#1899,#1900,#2309,.T.);
#1355=EDGE_CURVE('',#1899,#1901,#2310,.T.);
#1356=EDGE_CURVE('',#1900,#1902,#2311,.T.);
#1357=EDGE_CURVE('',#1901,#1902,#2312,.T.);
#1358=EDGE_CURVE('',#1901,#1903,#2313,.T.);
#1359=EDGE_CURVE('',#1902,#1904,#2314,.T.);
#1360=EDGE_CURVE('',#1903,#1904,#2315,.T.);
#1361=EDGE_CURVE('',#1903,#1905,#2316,.T.);
#1362=EDGE_CURVE('',#1904,#1906,#2317,.T.);
#1363=EDGE_CURVE('',#1905,#1906,#2318,.T.);
#1364=EDGE_CURVE('',#1905,#1907,#2319,.T.);
#1365=EDGE_CURVE('',#1906,#1908,#2320,.T.);
#1366=EDGE_CURVE('',#1907,#1908,#2321,.T.);
#1367=EDGE_CURVE('',#1907,#1909,#2322,.T.);
#1368=EDGE_CURVE('',#1908,#1910,#2323,.T.);
#1369=EDGE_CURVE('',#1909,#1910,#2324,.T.);
#1370=EDGE_CURVE('',#1909,#1911,#2325,.T.);
#1371=EDGE_CURVE('',#1910,#1912,#2326,.T.);
#1372=EDGE_CURVE('',#1911,#1912,#2327,.T.);
#1373=EDGE_CURVE('',#1911,#1913,#2328,.T.);
#1374=EDGE_CURVE('',#1912,#1914,#2329,.T.);
#1375=EDGE_CURVE('',#1913,#1914,#2330,.T.);
#1376=EDGE_CURVE('',#1913,#1915,#2331,.T.);
#1377=EDGE_CURVE('',#1914,#1916,#2332,.T.);
#1378=EDGE_CURVE('',#1915,#1916,#2333,.T.);
#1379=EDGE_CURVE('',#1915,#1917,#2334,.T.);
#1380=EDGE_CURVE('',#1916,#1918,#2335,.T.);
#1381=EDGE_CURVE('',#1917,#1918,#2336,.T.);
#1382=EDGE_CURVE('',#1917,#1919,#2337,.T.);
#1383=EDGE_CURVE('',#1918,#1920,#2338,.T.);
#1384=EDGE_CURVE('',#1919,#1920,#2339,.T.);
#1385=EDGE_CURVE('',#1919,#1921,#2340,.T.);
#1386=EDGE_CURVE('',#1920,#1922,#2341,.T.);
#1387=EDGE_CURVE('',#1921,#1922,#2342,.T.);
#1388=EDGE_CURVE('',#1921,#1923,#2343,.T.);
#1389=EDGE_CURVE('',#1922,#1924,#2344,.T.);
#1390=EDGE_CURVE('',#1923,#1924,#2345,.T.);
#1391=EDGE_CURVE('',#1923,#1925,#2346,.T.);
#1392=EDGE_CURVE('',#1924,#1926,#2347,.T.);
#1393=EDGE_CURVE('',#1925,#1926,#2348,.T.);
#1394=EDGE_CURVE('',#1925,#1927,#2349,.T.);
#1395=EDGE_CURVE('',#1926,#1928,#2350,.T.);
#1396=EDGE_CURVE('',#1927,#1928,#2351,.T.);
#1397=EDGE_CURVE('',#1927,#1929,#2352,.T.);
#1398=EDGE_CURVE('',#1928,#1930,#2353,.T.);
#1399=EDGE_CURVE('',#1929,#1930,#2354,.T.);
#1400=EDGE_CURVE('',#1929,#1931,#2355,.T.);
#1401=EDGE_CURVE('',#1930,#1932,#2356,.T.);
#1402=EDGE_CURVE('',#1931,#1932,#2357,.T.);
#1403=EDGE_CURVE('',#1931,#1933,#2358,.T.);
#1404=EDGE_CURVE('',#1932,#1934,#2359,.T.);
#1405=EDGE_CURVE('',#1933,#1934,#2360,.T.);
#1406=EDGE_CURVE('',#1933,#1935,#2361,.T.);
#1407=EDGE_CURVE('',#1934,#1936,#2362,.T.);
#1408=EDGE_CURVE('',#1935,#1936,#2363,.T.);
#1409=EDGE_CURVE('',#1935,#1937,#2364,.T.);
#1410=EDGE_CURVE('',#1936,#1938,#2365,.T.);
#1411=EDGE_CURVE('',#1937,#1938,#2366,.T.);
#1412=EDGE_CURVE('',#1937,#1939,#2367,.T.);
#1413=EDGE_CURVE('',#1938,#1940,#2368,.T.);
#1414=EDGE_CURVE('',#1939,#1940,#2369,.T.);
#1415=EDGE_CURVE('',#1939,#1941,#2370,.T.);
#1416=EDGE_CURVE('',#1940,#1942,#2371,.T.);
#1417=EDGE_CURVE('',#1941,#1942,#2372,.T.);
#1418=EDGE_CURVE('',#1941,#1943,#2373,.T.);
#1419=EDGE_CURVE('',#1942,#1944,#2374,.T.);
#1420=EDGE_CURVE('',#1943,#1944,#2375,.T.);
#1421=EDGE_CURVE('',#1943,#1945,#2376,.T.);
#1422=EDGE_CURVE('',#1944,#1946,#2377,.T.);
#1423=EDGE_CURVE('',#1945,#1946,#2378,.T.);
#1424=EDGE_CURVE('',#1945,#1947,#2379,.T.);
#1425=EDGE_CURVE('',#1946,#1948,#2380,.T.);
#1426=EDGE_CURVE('',#1947,#1948,#2381,.T.);
#1427=EDGE_CURVE('',#1947,#1949,#2382,.T.);
#1428=EDGE_CURVE('',#1948,#1950,#2383,.T.);
#1429=EDGE_CURVE('',#1949,#1950,#2384,.T.);
#1430=EDGE_CURVE('',#1949,#1951,#2385,.T.);
#1431=EDGE_CURVE('',#1950,#1952,#2386,.T.);
#1432=EDGE_CURVE('',#1951,#1952,#2387,.T.);
#1433=EDGE_CURVE('',#1951,#1953,#2388,.T.);
#1434=EDGE_CURVE('',#1952,#1954,#2389,.T.);
#1435=EDGE_CURVE('',#1953,#1954,#2390,.T.);
#1436=EDGE_CURVE('',#1953,#1955,#2391,.T.);
#1437=EDGE_CURVE('',#1954,#1956,#2392,.T.);
#1438=EDGE_CURVE('',#1955,#1956,#2393,.T.);
#1439=EDGE_CURVE('',#1955,#1957,#2394,.T.);
#1440=EDGE_CURVE('',#1956,#1958,#2395,.T.);
#1441=EDGE_CURVE('',#1957,#1958,#2396,.T.);
#1442=EDGE_CURVE('',#1957,#1959,#2397,.T.);
#1443=EDGE_CURVE('',#1958,#1960,#2398,.T.);
#1444=EDGE_CURVE('',#1959,#1960,#2399,.T.);
#1445=EDGE_CURVE('',#1959,#1961,#2400,.T.);
#1446=EDGE_CURVE('',#1960,#1962,#2401,.T.);
#1447=EDGE_CURVE('',#1961,#1962,#2402,.T.);
#1448=EDGE_CURVE('',#1961,#1963,#2403,.T.);
#1449=EDGE_CURVE('',#1962,#1964,#2404,.T.);
#1450=EDGE_CURVE('',#1963,#1964,#2405,.T.);
#1451=EDGE_CURVE('',#1963,#1965,#2406,.T.);
#1452=EDGE_CURVE('',#1964,#1966,#2407,.T.);
#1453=EDGE_CURVE('',#1965,#1966,#2408,.T.);
#1454=EDGE_CURVE('',#1965,#1967,#2409,.T.);
#1455=EDGE_CURVE('',#1966,#1968,#2410,.T.);
#1456=EDGE_CURVE('',#1967,#1968,#2411,.T.);
#1457=EDGE_CURVE('',#1967,#1969,#2412,.T.);
#1458=EDGE_CURVE('',#1968,#1970,#2413,.T.);
#1459=EDGE_CURVE('',#1969,#1970,#2414,.T.);
#1460=EDGE_CURVE('',#1969,#1971,#2415,.T.);
#1461=EDGE_CURVE('',#1970,#1972,#2416,.T.);
#1462=EDGE_CURVE('',#1971,#1972,#2417,.T.);
#1463=EDGE_CURVE('',#1971,#1973,#2418,.T.);
#1464=EDGE_CURVE('',#1972,#1974,#2419,.T.);
#1465=EDGE_CURVE('',#1973,#1974,#2420,.T.);
#1466=EDGE_CURVE('',#1973,#1975,#2421,.T.);
#1467=EDGE_CURVE('',#1974,#1976,#2422,.T.);
#1468=EDGE_CURVE('',#1975,#1976,#2423,.T.);
#1469=EDGE_CURVE('',#1975,#1977,#2424,.T.);
#1470=EDGE_CURVE('',#1976,#1978,#2425,.T.);
#1471=EDGE_CURVE('',#1977,#1978,#2426,.T.);
#1472=EDGE_CURVE('',#1977,#1979,#2427,.T.);
#1473=EDGE_CURVE('',#1978,#1980,#2428,.T.);
#1474=EDGE_CURVE('',#1979,#1980,#2429,.T.);
#1475=EDGE_CURVE('',#1979,#1981,#2430,.T.);
#1476=EDGE_CURVE('',#1980,#1982,#2431,.T.);
#1477=EDGE_CURVE('',#1981,#1982,#2432,.T.);
#1478=EDGE_CURVE('',#1981,#1983,#2433,.T.);
#1479=EDGE_CURVE('',#1982,#1984,#2434,.T.);
#1480=EDGE_CURVE('',#1983,#1984,#2435,.T.);
#1481=EDGE_CURVE('',#1983,#1985,#2436,.T.);
#1482=EDGE_CURVE('',#1984,#1986,#2437,.T.);
#1483=EDGE_CURVE('',#1985,#1986,#2438,.T.);
#1484=EDGE_CURVE('',#1985,#1987,#2439,.T.);
#1485=EDGE_CURVE('',#1986,#1988,#2440,.T.);
#1486=EDGE_CURVE('',#1987,#1988,#2441,.T.);
#1487=EDGE_CURVE('',#1987,#1989,#2442,.T.);
#1488=EDGE_CURVE('',#1988,#1990,#2443,.T.);
#1489=EDGE_CURVE('',#1989,#1990,#2444,.T.);
#1490=EDGE_CURVE('',#1989,#1991,#2445,.T.);
#1491=EDGE_CURVE('',#1990,#1992,#2446,.T.);
#1492=EDGE_CURVE('',#1991,#1992,#2447,.T.);
#1493=EDGE_CURVE('',#1991,#1993,#2448,.T.);
#1494=EDGE_CURVE('',#1992,#1994,#2449,.T.);
#1495=EDGE_CURVE('',#1993,#1994,#2450,.T.);
#1496=EDGE_CURVE('',#1993,#1995,#2451,.T.);
#1497=EDGE_CURVE('',#1994,#1996,#2452,.T.);
#1498=EDGE_CURVE('',#1995,#1996,#2453,.T.);
#1499=EDGE_CURVE('',#1995,#1997,#2454,.T.);
#1500=EDGE_CURVE('',#1996,#1998,#2455,.T.);
#1501=EDGE_CURVE('',#1997,#1998,#2456,.T.);
#1502=EDGE_CURVE('',#1997,#1999,#2457,.T.);
#1503=EDGE_CURVE('',#1998,#2000,#2458,.T.);
#1504=EDGE_CURVE('',#1999,#2000,#2459,.T.);
#1505=EDGE_CURVE('',#1999,#2001,#2460,.T.);
#1506=EDGE_CURVE('',#2000,#2002,#2461,.T.);
#1507=EDGE_CURVE('',#2001,#2002,#2462,.T.);
#1508=EDGE_CURVE('',#2001,#2003,#2463,.T.);
#1509=EDGE_CURVE('',#2002,#2004,#2464,.T.);
#1510=EDGE_CURVE('',#2003,#2004,#2465,.T.);
#1511=EDGE_CURVE('',#2003,#2005,#2466,.T.);
#1512=EDGE_CURVE('',#2004,#2006,#2467,.T.);
#1513=EDGE_CURVE('',#2005,#2006,#2468,.T.);
#1514=EDGE_CURVE('',#2005,#2007,#2469,.T.);
#1515=EDGE_CURVE('',#2006,#2008,#2470,.T.);
#1516=EDGE_CURVE('',#2007,#2008,#2471,.T.);
#1517=EDGE_CURVE('',#2009,#2009,#72,.T.);
#1518=EDGE_CURVE('',#2010,#2010,#73,.T.);
#1519=EDGE_CURVE('',#2011,#2011,#74,.T.);
#1520=EDGE_CURVE('',#2012,#2012,#75,.T.);
#1521=EDGE_CURVE('',#1857,#2013,#2472,.T.);
#1522=EDGE_CURVE('',#2013,#2014,#2473,.T.);
#1523=EDGE_CURVE('',#2014,#2008,#2474,.T.);
#1524=EDGE_CURVE('',#2015,#2016,#76,.F.);
#1525=EDGE_CURVE('',#2017,#2016,#2475,.T.);
#1526=EDGE_CURVE('',#2017,#2018,#77,.F.);
#1527=EDGE_CURVE('',#2018,#2019,#2476,.T.);
#1528=EDGE_CURVE('',#2019,#2020,#78,.F.);
#1529=EDGE_CURVE('',#2020,#2021,#2477,.T.);
#1530=EDGE_CURVE('',#2021,#2022,#79,.F.);
#1531=EDGE_CURVE('',#2015,#2022,#2478,.T.);
#1532=EDGE_CURVE('',#2023,#2014,#2479,.T.);
#1533=EDGE_CURVE('',#2023,#2007,#2480,.T.);
#1534=EDGE_CURVE('',#1855,#2024,#2481,.T.);
#1535=EDGE_CURVE('',#2024,#2013,#2482,.T.);
#1536=EDGE_CURVE('',#2024,#2023,#2483,.T.);
#1537=EDGE_CURVE('',#2025,#2025,#80,.T.);
#1538=EDGE_CURVE('',#2026,#2026,#81,.F.);
#1539=EDGE_CURVE('',#2027,#2028,#2484,.T.);
#1540=EDGE_CURVE('',#2027,#2029,#82,.T.);
#1541=EDGE_CURVE('',#2029,#2030,#2485,.T.);
#1542=EDGE_CURVE('',#2030,#2031,#83,.T.);
#1543=EDGE_CURVE('',#2031,#2032,#2486,.T.);
#1544=EDGE_CURVE('',#2032,#2033,#84,.T.);
#1545=EDGE_CURVE('',#2034,#2033,#2487,.T.);
#1546=EDGE_CURVE('',#2034,#2028,#85,.T.);
#1547=EDGE_CURVE('',#2015,#2028,#2488,.T.);
#1548=EDGE_CURVE('',#2016,#2034,#2489,.T.);
#1549=EDGE_CURVE('',#2017,#2033,#2490,.T.);
#1550=EDGE_CURVE('',#2018,#2032,#2491,.T.);
#1551=EDGE_CURVE('',#2019,#2031,#2492,.T.);
#1552=EDGE_CURVE('',#2020,#2030,#2493,.T.);
#1553=EDGE_CURVE('',#2021,#2029,#2494,.T.);
#1554=EDGE_CURVE('',#2022,#2027,#2495,.T.);
#1555=EDGE_CURVE('',#2035,#2035,#86,.F.);
#1556=EDGE_CURVE('',#2036,#2036,#87,.T.);
#1557=EDGE_CURVE('',#2037,#2037,#88,.T.);
#1558=EDGE_CURVE('',#2038,#2038,#89,.F.);
#1559=EDGE_CURVE('',#2039,#2039,#90,.T.);
#1560=EDGE_CURVE('',#2040,#2040,#91,.T.);
#1561=EDGE_CURVE('',#2041,#2041,#92,.F.);
#1562=EDGE_CURVE('',#2042,#2042,#93,.T.);
#1563=EDGE_CURVE('',#2043,#2043,#94,.T.);
#1564=EDGE_CURVE('',#2044,#2044,#95,.F.);
#1565=EDGE_CURVE('',#2045,#2045,#96,.T.);
#1566=EDGE_CURVE('',#2046,#2046,#97,.T.);
#1567=EDGE_CURVE('',#2047,#2047,#98,.T.);
#1568=EDGE_CURVE('',#2048,#2048,#99,.T.);
#1569=EDGE_CURVE('',#2049,#2049,#100,.T.);
#1570=EDGE_CURVE('',#2050,#2050,#101,.T.);
#1571=EDGE_CURVE('',#2051,#2052,#2496,.T.);
#1572=EDGE_CURVE('',#2052,#2053,#102,.F.);
#1573=EDGE_CURVE('',#2054,#2053,#2497,.T.);
#1574=EDGE_CURVE('',#2054,#2055,#103,.F.);
#1575=EDGE_CURVE('',#2055,#2056,#2498,.T.);
#1576=EDGE_CURVE('',#2056,#2057,#104,.T.);
#1577=EDGE_CURVE('',#2057,#2058,#2499,.T.);
#1578=EDGE_CURVE('',#2058,#2059,#105,.T.);
#1579=EDGE_CURVE('',#2060,#2059,#2500,.T.);
#1580=EDGE_CURVE('',#2060,#2061,#106,.F.);
#1581=EDGE_CURVE('',#2062,#2061,#2501,.T.);
#1582=EDGE_CURVE('',#2062,#2063,#107,.F.);
#1583=EDGE_CURVE('',#2064,#2063,#2502,.T.);
#1584=EDGE_CURVE('',#2064,#2065,#108,.F.);
#1585=EDGE_CURVE('',#2065,#2066,#2503,.T.);
#1586=EDGE_CURVE('',#2066,#2051,#109,.F.);
#1587=EDGE_CURVE('',#2067,#2067,#110,.F.);
#1588=EDGE_CURVE('',#2068,#2068,#111,.F.);
#1589=EDGE_CURVE('',#2069,#2069,#112,.F.);
#1590=EDGE_CURVE('',#2070,#2070,#113,.F.);
#1591=EDGE_CURVE('',#2071,#2072,#2504,.T.);
#1592=EDGE_CURVE('',#2072,#2073,#2505,.T.);
#1593=EDGE_CURVE('',#2073,#2074,#2506,.T.);
#1594=EDGE_CURVE('',#2074,#2075,#2507,.T.);
#1595=EDGE_CURVE('',#2075,#2076,#2508,.T.);
#1596=EDGE_CURVE('',#2076,#2077,#2509,.T.);
#1597=EDGE_CURVE('',#2077,#2078,#2510,.T.);
#1598=EDGE_CURVE('',#2078,#2079,#2511,.T.);
#1599=EDGE_CURVE('',#2079,#2080,#2512,.T.);
#1600=EDGE_CURVE('',#2080,#2081,#2513,.T.);
#1601=EDGE_CURVE('',#2081,#2082,#2514,.T.);
#1602=EDGE_CURVE('',#2082,#2083,#2515,.T.);
#1603=EDGE_CURVE('',#2083,#2084,#2516,.T.);
#1604=EDGE_CURVE('',#2084,#2071,#2517,.T.);
#1605=EDGE_CURVE('',#2085,#2086,#2518,.T.);
#1606=EDGE_CURVE('',#2085,#2087,#2519,.T.);
#1607=EDGE_CURVE('',#2087,#2088,#2520,.T.);
#1608=EDGE_CURVE('',#2088,#2089,#2521,.T.);
#1609=EDGE_CURVE('',#2089,#2090,#2522,.T.);
#1610=EDGE_CURVE('',#2090,#2091,#2523,.T.);
#1611=EDGE_CURVE('',#2091,#2092,#2524,.T.);
#1612=EDGE_CURVE('',#2092,#2093,#2525,.T.);
#1613=EDGE_CURVE('',#2093,#2094,#2526,.T.);
#1614=EDGE_CURVE('',#2094,#2095,#2527,.T.);
#1615=EDGE_CURVE('',#2095,#2096,#2528,.T.);
#1616=EDGE_CURVE('',#2096,#2097,#2529,.T.);
#1617=EDGE_CURVE('',#2098,#2097,#2530,.T.);
#1618=EDGE_CURVE('',#2086,#2098,#2531,.T.);
#1619=EDGE_CURVE('',#2099,#2099,#114,.F.);
#1620=EDGE_CURVE('',#2053,#2100,#2532,.F.);
#1621=EDGE_CURVE('',#2101,#2100,#2533,.T.);
#1622=EDGE_CURVE('',#2101,#2054,#2534,.F.);
#1623=EDGE_CURVE('',#2096,#2102,#2535,.T.);
#1624=EDGE_CURVE('',#2102,#2103,#2536,.T.);
#1625=EDGE_CURVE('',#2097,#2103,#2537,.T.);
#1626=EDGE_CURVE('',#2098,#2104,#2538,.T.);
#1627=EDGE_CURVE('',#2104,#2103,#2539,.T.);
#1628=EDGE_CURVE('',#2086,#2105,#2540,.T.);
#1629=EDGE_CURVE('',#2105,#2104,#2541,.T.);
#1630=EDGE_CURVE('',#2106,#2107,#2542,.T.);
#1631=EDGE_CURVE('',#2106,#2085,#2543,.T.);
#1632=EDGE_CURVE('',#2107,#2105,#2544,.T.);
#1633=EDGE_CURVE('',#2108,#2109,#2545,.T.);
#1634=EDGE_CURVE('',#2108,#2106,#2546,.T.);
#1635=EDGE_CURVE('',#2109,#2107,#2547,.T.);
#1636=EDGE_CURVE('',#2110,#2111,#2548,.T.);
#1637=EDGE_CURVE('',#2110,#2108,#2549,.T.);
#1638=EDGE_CURVE('',#2109,#2111,#2550,.T.);
#1639=EDGE_CURVE('',#2112,#2113,#2551,.T.);
#1640=EDGE_CURVE('',#2112,#2110,#2552,.T.);
#1641=EDGE_CURVE('',#2111,#2113,#2553,.T.);
#1642=EDGE_CURVE('',#2114,#2115,#2554,.T.);
#1643=EDGE_CURVE('',#2114,#2112,#2555,.T.);
#1644=EDGE_CURVE('',#2113,#2115,#2556,.T.);
#1645=EDGE_CURVE('',#2116,#2117,#2557,.T.);
#1646=EDGE_CURVE('',#2116,#2114,#2558,.T.);
#1647=EDGE_CURVE('',#2117,#2115,#2559,.T.);
#1648=EDGE_CURVE('',#2118,#2119,#2560,.T.);
#1649=EDGE_CURVE('',#2118,#2116,#2561,.T.);
#1650=EDGE_CURVE('',#2117,#2119,#2562,.T.);
#1651=EDGE_CURVE('',#2120,#2121,#2563,.T.);
#1652=EDGE_CURVE('',#2120,#2118,#2564,.T.);
#1653=EDGE_CURVE('',#2119,#2121,#2565,.T.);
#1654=EDGE_CURVE('',#2122,#2123,#2566,.T.);
#1655=EDGE_CURVE('',#2122,#2120,#2567,.T.);
#1656=EDGE_CURVE('',#2121,#2123,#2568,.T.);
#1657=EDGE_CURVE('',#2124,#2125,#2569,.T.);
#1658=EDGE_CURVE('',#2124,#2122,#2570,.T.);
#1659=EDGE_CURVE('',#2123,#2125,#2571,.T.);
#1660=EDGE_CURVE('',#2095,#2124,#2572,.F.);
#1661=EDGE_CURVE('',#2125,#2102,#2573,.T.);
#1662=EDGE_CURVE('',#2074,#2126,#2574,.T.);
#1663=EDGE_CURVE('',#2126,#2127,#2575,.T.);
#1664=EDGE_CURVE('',#2075,#2127,#2576,.T.);
#1665=EDGE_CURVE('',#2127,#2128,#2577,.T.);
#1666=EDGE_CURVE('',#2076,#2128,#2578,.T.);
#1667=EDGE_CURVE('',#2128,#2129,#2579,.T.);
#1668=EDGE_CURVE('',#2130,#2129,#2580,.T.);
#1669=EDGE_CURVE('',#2130,#2077,#2581,.F.);
#1670=EDGE_CURVE('',#2131,#2132,#2582,.T.);
#1671=EDGE_CURVE('',#2131,#2130,#2583,.T.);
#1672=EDGE_CURVE('',#2129,#2132,#2584,.T.);
#1673=EDGE_CURVE('',#2133,#2134,#2585,.T.);
#1674=EDGE_CURVE('',#2133,#2131,#2586,.T.);
#1675=EDGE_CURVE('',#2132,#2134,#2587,.T.);
#1676=EDGE_CURVE('',#2135,#2136,#2588,.T.);
#1677=EDGE_CURVE('',#2135,#2133,#2589,.T.);
#1678=EDGE_CURVE('',#2134,#2136,#2590,.T.);
#1679=EDGE_CURVE('',#2137,#2138,#2591,.T.);
#1680=EDGE_CURVE('',#2137,#2135,#2592,.T.);
#1681=EDGE_CURVE('',#2136,#2138,#2593,.T.);
#1682=EDGE_CURVE('',#2139,#2140,#2594,.T.);
#1683=EDGE_CURVE('',#2139,#2137,#2595,.T.);
#1684=EDGE_CURVE('',#2138,#2140,#2596,.T.);
#1685=EDGE_CURVE('',#2141,#2142,#2597,.T.);
#1686=EDGE_CURVE('',#2141,#2139,#2598,.T.);
#1687=EDGE_CURVE('',#2140,#2142,#2599,.T.);
#1688=EDGE_CURVE('',#2143,#2144,#2600,.T.);
#1689=EDGE_CURVE('',#2143,#2141,#2601,.T.);
#1690=EDGE_CURVE('',#2142,#2144,#2602,.T.);
#1691=EDGE_CURVE('',#2145,#2146,#2603,.T.);
#1692=EDGE_CURVE('',#2145,#2143,#2604,.T.);
#1693=EDGE_CURVE('',#2144,#2146,#2605,.T.);
#1694=EDGE_CURVE('',#2147,#2148,#2606,.T.);
#1695=EDGE_CURVE('',#2147,#2145,#2607,.T.);
#1696=EDGE_CURVE('',#2146,#2148,#2608,.T.);
#1697=EDGE_CURVE('',#2072,#2147,#2609,.F.);
#1698=EDGE_CURVE('',#2148,#2149,#2610,.T.);
#1699=EDGE_CURVE('',#2073,#2149,#2611,.T.);
#1700=EDGE_CURVE('',#2149,#2126,#2612,.T.);
#1701=EDGE_CURVE('',#2065,#2150,#2613,.F.);
#1702=EDGE_CURVE('',#2150,#2151,#2614,.T.);
#1703=EDGE_CURVE('',#2151,#2066,#2615,.T.);
#1704=EDGE_CURVE('',#2063,#2152,#2616,.F.);
#1705=EDGE_CURVE('',#2153,#2152,#2617,.T.);
#1706=EDGE_CURVE('',#2153,#2064,#2618,.T.);
#1707=EDGE_CURVE('',#2061,#2154,#2619,.T.);
#1708=EDGE_CURVE('',#2155,#2154,#2620,.T.);
#1709=EDGE_CURVE('',#2155,#2062,#2621,.T.);
#1710=EDGE_CURVE('',#2156,#2157,#2622,.T.);
#1711=EDGE_CURVE('',#2157,#2052,#2623,.T.);
#1712=EDGE_CURVE('',#2051,#2156,#2624,.F.);
#1713=EDGE_CURVE('',#2100,#2157,#115,.T.);
#1714=EDGE_CURVE('',#2156,#2151,#116,.T.);
#1715=EDGE_CURVE('',#2150,#2153,#117,.T.);
#1716=EDGE_CURVE('',#2152,#2155,#118,.T.);
#1717=EDGE_CURVE('',#2154,#2158,#119,.T.);
#1718=EDGE_CURVE('',#2159,#2158,#2625,.T.);
#1719=EDGE_CURVE('',#2159,#2160,#120,.F.);
#1720=EDGE_CURVE('',#2160,#2161,#2626,.T.);
#1721=EDGE_CURVE('',#2161,#2162,#121,.F.);
#1722=EDGE_CURVE('',#2162,#2163,#2627,.T.);
#1723=EDGE_CURVE('',#2163,#2101,#122,.T.);
#1724=EDGE_CURVE('',#2164,#2164,#123,.T.);
#1725=EDGE_CURVE('',#2165,#2165,#124,.F.);
#1726=EDGE_CURVE('',#2166,#2166,#125,.F.);
#1727=EDGE_CURVE('',#2167,#2167,#126,.F.);
#1728=EDGE_CURVE('',#2168,#2168,#127,.F.);
#1729=EDGE_CURVE('',#2169,#2169,#128,.T.);
#1730=EDGE_CURVE('',#2170,#2170,#129,.T.);
#1731=EDGE_CURVE('',#2171,#2171,#130,.T.);
#1732=EDGE_CURVE('',#2172,#2172,#131,.T.);
#1733=EDGE_CURVE('',#2173,#2173,#132,.T.);
#1734=EDGE_CURVE('',#2057,#2161,#2628,.T.);
#1735=EDGE_CURVE('',#2160,#2058,#2629,.F.);
#1736=EDGE_CURVE('',#2055,#2163,#2630,.T.);
#1737=EDGE_CURVE('',#2162,#2056,#2631,.F.);
#1738=EDGE_CURVE('',#2059,#2159,#2632,.T.);
#1739=EDGE_CURVE('',#2158,#2060,#2633,.F.);
#1740=EDGE_CURVE('',#2174,#2174,#133,.T.);
#1741=EDGE_CURVE('',#2078,#2131,#2634,.F.);
#1742=EDGE_CURVE('',#2079,#2133,#2635,.F.);
#1743=EDGE_CURVE('',#2080,#2135,#2636,.F.);
#1744=EDGE_CURVE('',#2081,#2137,#2637,.F.);
#1745=EDGE_CURVE('',#2082,#2139,#2638,.F.);
#1746=EDGE_CURVE('',#2083,#2141,#2639,.F.);
#1747=EDGE_CURVE('',#2084,#2143,#2640,.F.);
#1748=EDGE_CURVE('',#2071,#2145,#2641,.F.);
#1749=EDGE_CURVE('',#2122,#2094,#2642,.F.);
#1750=EDGE_CURVE('',#2120,#2093,#2643,.F.);
#1751=EDGE_CURVE('',#2118,#2092,#2644,.F.);
#1752=EDGE_CURVE('',#2116,#2091,#2645,.T.);
#1753=EDGE_CURVE('',#2114,#2090,#2646,.T.);
#1754=EDGE_CURVE('',#2112,#2089,#2647,.F.);
#1755=EDGE_CURVE('',#2110,#2088,#2648,.F.);
#1756=EDGE_CURVE('',#2108,#2087,#2649,.T.);
#1757=EDGE_CURVE('',#2175,#2175,#134,.F.);
#1758=EDGE_CURVE('',#2176,#2176,#135,.T.);
#1759=EDGE_CURVE('',#2177,#2177,#136,.F.);
#1760=EDGE_CURVE('',#2178,#2178,#137,.T.);
#1761=EDGE_CURVE('',#2179,#2180,#2650,.T.);
#1762=EDGE_CURVE('',#2181,#2179,#2651,.T.);
#1763=EDGE_CURVE('',#2181,#2182,#2652,.T.);
#1764=EDGE_CURVE('',#2182,#2180,#2653,.T.);
#1765=EDGE_CURVE('',#2183,#2184,#2654,.T.);
#1766=EDGE_CURVE('',#2184,#2185,#2655,.T.);
#1767=EDGE_CURVE('',#2186,#2185,#2656,.T.);
#1768=EDGE_CURVE('',#2183,#2186,#2657,.T.);
#1769=EDGE_CURVE('',#2179,#2187,#2658,.T.);
#1770=EDGE_CURVE('',#2188,#2187,#2659,.T.);
#1771=EDGE_CURVE('',#2181,#2188,#2660,.T.);
#1772=EDGE_CURVE('',#2187,#2189,#2661,.T.);
#1773=EDGE_CURVE('',#2190,#2189,#2662,.T.);
#1774=EDGE_CURVE('',#2188,#2190,#2663,.T.);
#1775=EDGE_CURVE('',#2191,#2192,#2664,.T.);
#1776=EDGE_CURVE('',#2193,#2191,#2665,.T.);
#1777=EDGE_CURVE('',#2193,#2194,#2666,.T.);
#1778=EDGE_CURVE('',#2194,#2192,#2667,.T.);
#1779=EDGE_CURVE('',#2191,#2195,#138,.F.);
#1780=EDGE_CURVE('',#2196,#2195,#2668,.T.);
#1781=EDGE_CURVE('',#2193,#2196,#139,.F.);
#1782=EDGE_CURVE('',#2197,#2195,#2669,.T.);
#1783=EDGE_CURVE('',#2198,#2197,#2670,.T.);
#1784=EDGE_CURVE('',#2198,#2196,#2671,.T.);
#1785=EDGE_CURVE('',#2197,#2199,#140,.F.);
#1786=EDGE_CURVE('',#2200,#2199,#2672,.T.);
#1787=EDGE_CURVE('',#2198,#2200,#141,.F.);
#1788=EDGE_CURVE('',#2199,#2201,#2673,.T.);
#1789=EDGE_CURVE('',#2202,#2201,#2674,.T.);
#1790=EDGE_CURVE('',#2200,#2202,#2675,.T.);
#1791=EDGE_CURVE('',#2201,#2203,#142,.F.);
#1792=EDGE_CURVE('',#2204,#2203,#2676,.T.);
#1793=EDGE_CURVE('',#2202,#2204,#143,.F.);
#1794=EDGE_CURVE('',#2203,#2205,#2677,.T.);
#1795=EDGE_CURVE('',#2206,#2205,#2678,.T.);
#1796=EDGE_CURVE('',#2204,#2206,#2679,.T.);
#1797=EDGE_CURVE('',#2205,#2192,#144,.F.);
#1798=EDGE_CURVE('',#2206,#2194,#145,.F.);
#1799=EDGE_CURVE('',#2207,#2208,#2680,.T.);
#1800=EDGE_CURVE('',#2207,#2209,#2681,.T.);
#1801=EDGE_CURVE('',#2209,#2210,#2682,.T.);
#1802=EDGE_CURVE('',#2210,#2208,#2683,.T.);
#1803=EDGE_CURVE('',#2180,#2189,#2684,.T.);
#1804=EDGE_CURVE('',#2182,#2190,#2685,.T.);
#1805=EDGE_CURVE('',#2210,#2211,#2686,.T.);
#1806=EDGE_CURVE('',#2209,#2212,#2687,.F.);
#1807=EDGE_CURVE('',#2212,#2213,#2688,.T.);
#1808=EDGE_CURVE('',#2213,#2211,#2689,.T.);
#1809=EDGE_CURVE('',#2208,#2214,#2690,.T.);
#1810=EDGE_CURVE('',#2215,#2214,#2691,.T.);
#1811=EDGE_CURVE('',#2216,#2215,#2692,.T.);
#1812=EDGE_CURVE('',#2216,#2207,#2693,.F.);
#1813=EDGE_CURVE('',#2211,#2214,#2694,.T.);
#1814=EDGE_CURVE('',#2213,#2215,#2695,.T.);
#1815=EDGE_CURVE('',#2212,#2216,#2696,.T.);
#1816=EDGE_CURVE('',#2186,#2217,#2697,.T.);
#1817=EDGE_CURVE('',#2218,#2217,#2698,.T.);
#1818=EDGE_CURVE('',#2218,#2183,#2699,.T.);
#1819=EDGE_CURVE('',#2217,#2219,#2700,.T.);
#1820=EDGE_CURVE('',#2220,#2219,#2701,.T.);
#1821=EDGE_CURVE('',#2218,#2220,#2702,.T.);
#1822=EDGE_CURVE('',#2185,#2219,#2703,.T.);
#1823=EDGE_CURVE('',#2184,#2220,#2704,.T.);
#1824=EDGE_CURVE('',#2221,#2221,#146,.T.);
#1825=EDGE_CURVE('',#2222,#2222,#147,.T.);
#1826=EDGE_CURVE('',#2223,#2223,#148,.T.);
#1827=EDGE_CURVE('',#2224,#2224,#149,.T.);
#1828=EDGE_CURVE('',#2225,#2225,#150,.T.);
#1829=EDGE_CURVE('',#2226,#2226,#151,.T.);
#1830=EDGE_CURVE('',#2227,#2227,#152,.T.);
#1831=EDGE_CURVE('',#2228,#2228,#153,.T.);
#1832=EDGE_CURVE('',#2229,#2230,#2705,.T.);
#1833=EDGE_CURVE('',#2231,#2229,#2706,.T.);
#1834=EDGE_CURVE('',#2231,#2232,#2707,.T.);
#1835=EDGE_CURVE('',#2232,#2230,#2708,.T.);
#1836=EDGE_CURVE('',#2233,#2231,#2709,.T.);
#1837=EDGE_CURVE('',#2234,#2233,#2710,.T.);
#1838=EDGE_CURVE('',#2234,#2235,#2711,.T.);
#1839=EDGE_CURVE('',#2235,#2236,#2712,.T.);
#1840=EDGE_CURVE('',#2236,#2232,#2713,.T.);
#1841=EDGE_CURVE('',#2237,#2234,#2714,.T.);
#1842=EDGE_CURVE('',#2237,#2238,#2715,.T.);
#1843=EDGE_CURVE('',#2238,#2235,#2716,.T.);
#1844=EDGE_CURVE('',#2239,#2237,#2717,.T.);
#1845=EDGE_CURVE('',#2239,#2240,#2718,.T.);
#1846=EDGE_CURVE('',#2240,#2241,#2719,.T.);
#1847=EDGE_CURVE('',#2242,#2241,#2720,.T.);
#1848=EDGE_CURVE('',#2242,#2238,#2721,.T.);
#1849=EDGE_CURVE('',#2229,#2240,#2722,.T.);
#1850=EDGE_CURVE('',#2230,#2241,#2723,.T.);
#1851=EDGE_CURVE('',#2232,#2241,#2724,.T.);
#1852=EDGE_CURVE('',#2236,#2242,#2725,.T.);
#1853=EDGE_CURVE('',#2240,#2231,#2726,.T.);
#1854=EDGE_CURVE('',#2239,#2233,#2727,.T.);
#1855=VERTEX_POINT('',#5786);
#1856=VERTEX_POINT('',#5787);
#1857=VERTEX_POINT('',#5789);
#1858=VERTEX_POINT('',#5791);
#1859=VERTEX_POINT('',#5795);
#1860=VERTEX_POINT('',#5797);
#1861=VERTEX_POINT('',#5801);
#1862=VERTEX_POINT('',#5803);
#1863=VERTEX_POINT('',#5807);
#1864=VERTEX_POINT('',#5809);
#1865=VERTEX_POINT('',#5813);
#1866=VERTEX_POINT('',#5815);
#1867=VERTEX_POINT('',#5819);
#1868=VERTEX_POINT('',#5821);
#1869=VERTEX_POINT('',#5825);
#1870=VERTEX_POINT('',#5827);
#1871=VERTEX_POINT('',#5831);
#1872=VERTEX_POINT('',#5833);
#1873=VERTEX_POINT('',#5837);
#1874=VERTEX_POINT('',#5839);
#1875=VERTEX_POINT('',#5843);
#1876=VERTEX_POINT('',#5845);
#1877=VERTEX_POINT('',#5849);
#1878=VERTEX_POINT('',#5851);
#1879=VERTEX_POINT('',#5855);
#1880=VERTEX_POINT('',#5857);
#1881=VERTEX_POINT('',#5861);
#1882=VERTEX_POINT('',#5863);
#1883=VERTEX_POINT('',#5867);
#1884=VERTEX_POINT('',#5869);
#1885=VERTEX_POINT('',#5873);
#1886=VERTEX_POINT('',#5875);
#1887=VERTEX_POINT('',#5879);
#1888=VERTEX_POINT('',#5881);
#1889=VERTEX_POINT('',#5885);
#1890=VERTEX_POINT('',#5887);
#1891=VERTEX_POINT('',#5891);
#1892=VERTEX_POINT('',#5893);
#1893=VERTEX_POINT('',#5897);
#1894=VERTEX_POINT('',#5899);
#1895=VERTEX_POINT('',#5903);
#1896=VERTEX_POINT('',#5905);
#1897=VERTEX_POINT('',#5909);
#1898=VERTEX_POINT('',#5911);
#1899=VERTEX_POINT('',#5915);
#1900=VERTEX_POINT('',#5917);
#1901=VERTEX_POINT('',#5921);
#1902=VERTEX_POINT('',#5923);
#1903=VERTEX_POINT('',#5927);
#1904=VERTEX_POINT('',#5929);
#1905=VERTEX_POINT('',#5933);
#1906=VERTEX_POINT('',#5935);
#1907=VERTEX_POINT('',#5939);
#1908=VERTEX_POINT('',#5941);
#1909=VERTEX_POINT('',#5945);
#1910=VERTEX_POINT('',#5947);
#1911=VERTEX_POINT('',#5951);
#1912=VERTEX_POINT('',#5953);
#1913=VERTEX_POINT('',#5957);
#1914=VERTEX_POINT('',#5959);
#1915=VERTEX_POINT('',#5963);
#1916=VERTEX_POINT('',#5965);
#1917=VERTEX_POINT('',#5969);
#1918=VERTEX_POINT('',#5971);
#1919=VERTEX_POINT('',#5975);
#1920=VERTEX_POINT('',#5977);
#1921=VERTEX_POINT('',#5981);
#1922=VERTEX_POINT('',#5983);
#1923=VERTEX_POINT('',#5987);
#1924=VERTEX_POINT('',#5989);
#1925=VERTEX_POINT('',#5993);
#1926=VERTEX_POINT('',#5995);
#1927=VERTEX_POINT('',#5999);
#1928=VERTEX_POINT('',#6001);
#1929=VERTEX_POINT('',#6005);
#1930=VERTEX_POINT('',#6007);
#1931=VERTEX_POINT('',#6011);
#1932=VERTEX_POINT('',#6013);
#1933=VERTEX_POINT('',#6017);
#1934=VERTEX_POINT('',#6019);
#1935=VERTEX_POINT('',#6023);
#1936=VERTEX_POINT('',#6025);
#1937=VERTEX_POINT('',#6029);
#1938=VERTEX_POINT('',#6031);
#1939=VERTEX_POINT('',#6035);
#1940=VERTEX_POINT('',#6037);
#1941=VERTEX_POINT('',#6041);
#1942=VERTEX_POINT('',#6043);
#1943=VERTEX_POINT('',#6047);
#1944=VERTEX_POINT('',#6049);
#1945=VERTEX_POINT('',#6053);
#1946=VERTEX_POINT('',#6055);
#1947=VERTEX_POINT('',#6059);
#1948=VERTEX_POINT('',#6061);
#1949=VERTEX_POINT('',#6065);
#1950=VERTEX_POINT('',#6067);
#1951=VERTEX_POINT('',#6071);
#1952=VERTEX_POINT('',#6073);
#1953=VERTEX_POINT('',#6077);
#1954=VERTEX_POINT('',#6079);
#1955=VERTEX_POINT('',#6083);
#1956=VERTEX_POINT('',#6085);
#1957=VERTEX_POINT('',#6089);
#1958=VERTEX_POINT('',#6091);
#1959=VERTEX_POINT('',#6095);
#1960=VERTEX_POINT('',#6097);
#1961=VERTEX_POINT('',#6101);
#1962=VERTEX_POINT('',#6103);
#1963=VERTEX_POINT('',#6107);
#1964=VERTEX_POINT('',#6109);
#1965=VERTEX_POINT('',#6113);
#1966=VERTEX_POINT('',#6115);
#1967=VERTEX_POINT('',#6119);
#1968=VERTEX_POINT('',#6121);
#1969=VERTEX_POINT('',#6125);
#1970=VERTEX_POINT('',#6127);
#1971=VERTEX_POINT('',#6131);
#1972=VERTEX_POINT('',#6133);
#1973=VERTEX_POINT('',#6137);
#1974=VERTEX_POINT('',#6139);
#1975=VERTEX_POINT('',#6143);
#1976=VERTEX_POINT('',#6145);
#1977=VERTEX_POINT('',#6149);
#1978=VERTEX_POINT('',#6151);
#1979=VERTEX_POINT('',#6155);
#1980=VERTEX_POINT('',#6157);
#1981=VERTEX_POINT('',#6161);
#1982=VERTEX_POINT('',#6163);
#1983=VERTEX_POINT('',#6167);
#1984=VERTEX_POINT('',#6169);
#1985=VERTEX_POINT('',#6173);
#1986=VERTEX_POINT('',#6175);
#1987=VERTEX_POINT('',#6179);
#1988=VERTEX_POINT('',#6181);
#1989=VERTEX_POINT('',#6185);
#1990=VERTEX_POINT('',#6187);
#1991=VERTEX_POINT('',#6191);
#1992=VERTEX_POINT('',#6193);
#1993=VERTEX_POINT('',#6197);
#1994=VERTEX_POINT('',#6199);
#1995=VERTEX_POINT('',#6203);
#1996=VERTEX_POINT('',#6205);
#1997=VERTEX_POINT('',#6209);
#1998=VERTEX_POINT('',#6211);
#1999=VERTEX_POINT('',#6215);
#2000=VERTEX_POINT('',#6217);
#2001=VERTEX_POINT('',#6221);
#2002=VERTEX_POINT('',#6223);
#2003=VERTEX_POINT('',#6227);
#2004=VERTEX_POINT('',#6229);
#2005=VERTEX_POINT('',#6233);
#2006=VERTEX_POINT('',#6235);
#2007=VERTEX_POINT('',#6239);
#2008=VERTEX_POINT('',#6241);
#2009=VERTEX_POINT('',#6245);
#2010=VERTEX_POINT('',#6247);
#2011=VERTEX_POINT('',#6249);
#2012=VERTEX_POINT('',#6251);
#2013=VERTEX_POINT('',#6253);
#2014=VERTEX_POINT('',#6255);
#2015=VERTEX_POINT('',#6258);
#2016=VERTEX_POINT('',#6259);
#2017=VERTEX_POINT('',#6261);
#2018=VERTEX_POINT('',#6263);
#2019=VERTEX_POINT('',#6265);
#2020=VERTEX_POINT('',#6267);
#2021=VERTEX_POINT('',#6269);
#2022=VERTEX_POINT('',#6271);
#2023=VERTEX_POINT('',#6275);
#2024=VERTEX_POINT('',#6279);
#2025=VERTEX_POINT('',#6285);
#2026=VERTEX_POINT('',#6288);
#2027=VERTEX_POINT('',#6290);
#2028=VERTEX_POINT('',#6291);
#2029=VERTEX_POINT('',#6293);
#2030=VERTEX_POINT('',#6295);
#2031=VERTEX_POINT('',#6297);
#2032=VERTEX_POINT('',#6299);
#2033=VERTEX_POINT('',#6301);
#2034=VERTEX_POINT('',#6303);
#2035=VERTEX_POINT('',#6324);
#2036=VERTEX_POINT('',#6326);
#2037=VERTEX_POINT('',#6329);
#2038=VERTEX_POINT('',#6332);
#2039=VERTEX_POINT('',#6334);
#2040=VERTEX_POINT('',#6337);
#2041=VERTEX_POINT('',#6340);
#2042=VERTEX_POINT('',#6342);
#2043=VERTEX_POINT('',#6345);
#2044=VERTEX_POINT('',#6348);
#2045=VERTEX_POINT('',#6350);
#2046=VERTEX_POINT('',#6353);
#2047=VERTEX_POINT('',#6356);
#2048=VERTEX_POINT('',#6360);
#2049=VERTEX_POINT('',#6364);
#2050=VERTEX_POINT('',#6368);
#2051=VERTEX_POINT('',#6377);
#2052=VERTEX_POINT('',#6378);
#2053=VERTEX_POINT('',#6380);
#2054=VERTEX_POINT('',#6382);
#2055=VERTEX_POINT('',#6384);
#2056=VERTEX_POINT('',#6386);
#2057=VERTEX_POINT('',#6388);
#2058=VERTEX_POINT('',#6390);
#2059=VERTEX_POINT('',#6392);
#2060=VERTEX_POINT('',#6394);
#2061=VERTEX_POINT('',#6396);
#2062=VERTEX_POINT('',#6398);
#2063=VERTEX_POINT('',#6400);
#2064=VERTEX_POINT('',#6402);
#2065=VERTEX_POINT('',#6404);
#2066=VERTEX_POINT('',#6406);
#2067=VERTEX_POINT('',#6409);
#2068=VERTEX_POINT('',#6411);
#2069=VERTEX_POINT('',#6413);
#2070=VERTEX_POINT('',#6415);
#2071=VERTEX_POINT('',#6417);
#2072=VERTEX_POINT('',#6418);
#2073=VERTEX_POINT('',#6420);
#2074=VERTEX_POINT('',#6422);
#2075=VERTEX_POINT('',#6424);
#2076=VERTEX_POINT('',#6426);
#2077=VERTEX_POINT('',#6428);
#2078=VERTEX_POINT('',#6430);
#2079=VERTEX_POINT('',#6432);
#2080=VERTEX_POINT('',#6434);
#2081=VERTEX_POINT('',#6436);
#2082=VERTEX_POINT('',#6438);
#2083=VERTEX_POINT('',#6440);
#2084=VERTEX_POINT('',#6442);
#2085=VERTEX_POINT('',#6445);
#2086=VERTEX_POINT('',#6446);
#2087=VERTEX_POINT('',#6448);
#2088=VERTEX_POINT('',#6450);
#2089=VERTEX_POINT('',#6452);
#2090=VERTEX_POINT('',#6454);
#2091=VERTEX_POINT('',#6456);
#2092=VERTEX_POINT('',#6458);
#2093=VERTEX_POINT('',#6460);
#2094=VERTEX_POINT('',#6462);
#2095=VERTEX_POINT('',#6464);
#2096=VERTEX_POINT('',#6466);
#2097=VERTEX_POINT('',#6468);
#2098=VERTEX_POINT('',#6470);
#2099=VERTEX_POINT('',#6473);
#2100=VERTEX_POINT('',#6476);
#2101=VERTEX_POINT('',#6478);
#2102=VERTEX_POINT('',#6482);
#2103=VERTEX_POINT('',#6484);
#2104=VERTEX_POINT('',#6488);
#2105=VERTEX_POINT('',#6492);
#2106=VERTEX_POINT('',#6496);
#2107=VERTEX_POINT('',#6497);
#2108=VERTEX_POINT('',#6502);
#2109=VERTEX_POINT('',#6503);
#2110=VERTEX_POINT('',#6508);
#2111=VERTEX_POINT('',#6509);
#2112=VERTEX_POINT('',#6514);
#2113=VERTEX_POINT('',#6515);
#2114=VERTEX_POINT('',#6520);
#2115=VERTEX_POINT('',#6521);
#2116=VERTEX_POINT('',#6526);
#2117=VERTEX_POINT('',#6527);
#2118=VERTEX_POINT('',#6532);
#2119=VERTEX_POINT('',#6533);
#2120=VERTEX_POINT('',#6538);
#2121=VERTEX_POINT('',#6539);
#2122=VERTEX_POINT('',#6544);
#2123=VERTEX_POINT('',#6545);
#2124=VERTEX_POINT('',#6550);
#2125=VERTEX_POINT('',#6551);
#2126=VERTEX_POINT('',#6560);
#2127=VERTEX_POINT('',#6562);
#2128=VERTEX_POINT('',#6566);
#2129=VERTEX_POINT('',#6570);
#2130=VERTEX_POINT('',#6572);
#2131=VERTEX_POINT('',#6576);
#2132=VERTEX_POINT('',#6577);
#2133=VERTEX_POINT('',#6582);
#2134=VERTEX_POINT('',#6583);
#2135=VERTEX_POINT('',#6588);
#2136=VERTEX_POINT('',#6589);
#2137=VERTEX_POINT('',#6594);
#2138=VERTEX_POINT('',#6595);
#2139=VERTEX_POINT('',#6600);
#2140=VERTEX_POINT('',#6601);
#2141=VERTEX_POINT('',#6606);
#2142=VERTEX_POINT('',#6607);
#2143=VERTEX_POINT('',#6612);
#2144=VERTEX_POINT('',#6613);
#2145=VERTEX_POINT('',#6618);
#2146=VERTEX_POINT('',#6619);
#2147=VERTEX_POINT('',#6624);
#2148=VERTEX_POINT('',#6625);
#2149=VERTEX_POINT('',#6631);
#2150=VERTEX_POINT('',#6638);
#2151=VERTEX_POINT('',#6640);
#2152=VERTEX_POINT('',#6644);
#2153=VERTEX_POINT('',#6646);
#2154=VERTEX_POINT('',#6650);
#2155=VERTEX_POINT('',#6652);
#2156=VERTEX_POINT('',#6656);
#2157=VERTEX_POINT('',#6657);
#2158=VERTEX_POINT('',#6666);
#2159=VERTEX_POINT('',#6668);
#2160=VERTEX_POINT('',#6670);
#2161=VERTEX_POINT('',#6672);
#2162=VERTEX_POINT('',#6674);
#2163=VERTEX_POINT('',#6676);
#2164=VERTEX_POINT('',#6679);
#2165=VERTEX_POINT('',#6681);
#2166=VERTEX_POINT('',#6683);
#2167=VERTEX_POINT('',#6685);
#2168=VERTEX_POINT('',#6687);
#2169=VERTEX_POINT('',#6692);
#2170=VERTEX_POINT('',#6695);
#2171=VERTEX_POINT('',#6698);
#2172=VERTEX_POINT('',#6701);
#2173=VERTEX_POINT('',#6708);
#2174=VERTEX_POINT('',#6726);
#2175=VERTEX_POINT('',#6764);
#2176=VERTEX_POINT('',#6767);
#2177=VERTEX_POINT('',#6771);
#2178=VERTEX_POINT('',#6774);
#2179=VERTEX_POINT('',#6779);
#2180=VERTEX_POINT('',#6780);
#2181=VERTEX_POINT('',#6782);
#2182=VERTEX_POINT('',#6784);
#2183=VERTEX_POINT('',#6788);
#2184=VERTEX_POINT('',#6789);
#2185=VERTEX_POINT('',#6791);
#2186=VERTEX_POINT('',#6793);
#2187=VERTEX_POINT('',#6796);
#2188=VERTEX_POINT('',#6798);
#2189=VERTEX_POINT('',#6802);
#2190=VERTEX_POINT('',#6804);
#2191=VERTEX_POINT('',#6808);
#2192=VERTEX_POINT('',#6809);
#2193=VERTEX_POINT('',#6811);
#2194=VERTEX_POINT('',#6813);
#2195=VERTEX_POINT('',#6817);
#2196=VERTEX_POINT('',#6819);
#2197=VERTEX_POINT('',#6823);
#2198=VERTEX_POINT('',#6825);
#2199=VERTEX_POINT('',#6829);
#2200=VERTEX_POINT('',#6831);
#2201=VERTEX_POINT('',#6835);
#2202=VERTEX_POINT('',#6837);
#2203=VERTEX_POINT('',#6841);
#2204=VERTEX_POINT('',#6843);
#2205=VERTEX_POINT('',#6847);
#2206=VERTEX_POINT('',#6849);
#2207=VERTEX_POINT('',#6856);
#2208=VERTEX_POINT('',#6857);
#2209=VERTEX_POINT('',#6859);
#2210=VERTEX_POINT('',#6861);
#2211=VERTEX_POINT('',#6870);
#2212=VERTEX_POINT('',#6872);
#2213=VERTEX_POINT('',#6874);
#2214=VERTEX_POINT('',#6878);
#2215=VERTEX_POINT('',#6880);
#2216=VERTEX_POINT('',#6882);
#2217=VERTEX_POINT('',#6892);
#2218=VERTEX_POINT('',#6894);
#2219=VERTEX_POINT('',#6898);
#2220=VERTEX_POINT('',#6900);
#2221=VERTEX_POINT('',#6910);
#2222=VERTEX_POINT('',#6913);
#2223=VERTEX_POINT('',#6917);
#2224=VERTEX_POINT('',#6920);
#2225=VERTEX_POINT('',#6925);
#2226=VERTEX_POINT('',#6927);
#2227=VERTEX_POINT('',#6931);
#2228=VERTEX_POINT('',#6934);
#2229=VERTEX_POINT('',#6939);
#2230=VERTEX_POINT('',#6940);
#2231=VERTEX_POINT('',#6942);
#2232=VERTEX_POINT('',#6944);
#2233=VERTEX_POINT('',#6948);
#2234=VERTEX_POINT('',#6950);
#2235=VERTEX_POINT('',#6952);
#2236=VERTEX_POINT('',#6954);
#2237=VERTEX_POINT('',#6958);
#2238=VERTEX_POINT('',#6960);
#2239=VERTEX_POINT('',#6964);
#2240=VERTEX_POINT('',#6966);
#2241=VERTEX_POINT('',#6968);
#2242=VERTEX_POINT('',#6970);
#2243=LINE('',#5785,#2728);
#2244=LINE('',#5788,#2729);
#2245=LINE('',#5790,#2730);
#2246=LINE('',#5792,#2731);
#2247=LINE('',#5794,#2732);
#2248=LINE('',#5796,#2733);
#2249=LINE('',#5798,#2734);
#2250=LINE('',#5800,#2735);
#2251=LINE('',#5802,#2736);
#2252=LINE('',#5804,#2737);
#2253=LINE('',#5806,#2738);
#2254=LINE('',#5808,#2739);
#2255=LINE('',#5810,#2740);
#2256=LINE('',#5812,#2741);
#2257=LINE('',#5814,#2742);
#2258=LINE('',#5816,#2743);
#2259=LINE('',#5818,#2744);
#2260=LINE('',#5820,#2745);
#2261=LINE('',#5822,#2746);
#2262=LINE('',#5824,#2747);
#2263=LINE('',#5826,#2748);
#2264=LINE('',#5828,#2749);
#2265=LINE('',#5830,#2750);
#2266=LINE('',#5832,#2751);
#2267=LINE('',#5834,#2752);
#2268=LINE('',#5836,#2753);
#2269=LINE('',#5838,#2754);
#2270=LINE('',#5840,#2755);
#2271=LINE('',#5842,#2756);
#2272=LINE('',#5844,#2757);
#2273=LINE('',#5846,#2758);
#2274=LINE('',#5848,#2759);
#2275=LINE('',#5850,#2760);
#2276=LINE('',#5852,#2761);
#2277=LINE('',#5854,#2762);
#2278=LINE('',#5856,#2763);
#2279=LINE('',#5858,#2764);
#2280=LINE('',#5860,#2765);
#2281=LINE('',#5862,#2766);
#2282=LINE('',#5864,#2767);
#2283=LINE('',#5866,#2768);
#2284=LINE('',#5868,#2769);
#2285=LINE('',#5870,#2770);
#2286=LINE('',#5872,#2771);
#2287=LINE('',#5874,#2772);
#2288=LINE('',#5876,#2773);
#2289=LINE('',#5878,#2774);
#2290=LINE('',#5880,#2775);
#2291=LINE('',#5882,#2776);
#2292=LINE('',#5884,#2777);
#2293=LINE('',#5886,#2778);
#2294=LINE('',#5888,#2779);
#2295=LINE('',#5890,#2780);
#2296=LINE('',#5892,#2781);
#2297=LINE('',#5894,#2782);
#2298=LINE('',#5896,#2783);
#2299=LINE('',#5898,#2784);
#2300=LINE('',#5900,#2785);
#2301=LINE('',#5902,#2786);
#2302=LINE('',#5904,#2787);
#2303=LINE('',#5906,#2788);
#2304=LINE('',#5908,#2789);
#2305=LINE('',#5910,#2790);
#2306=LINE('',#5912,#2791);
#2307=LINE('',#5914,#2792);
#2308=LINE('',#5916,#2793);
#2309=LINE('',#5918,#2794);
#2310=LINE('',#5920,#2795);
#2311=LINE('',#5922,#2796);
#2312=LINE('',#5924,#2797);
#2313=LINE('',#5926,#2798);
#2314=LINE('',#5928,#2799);
#2315=LINE('',#5930,#2800);
#2316=LINE('',#5932,#2801);
#2317=LINE('',#5934,#2802);
#2318=LINE('',#5936,#2803);
#2319=LINE('',#5938,#2804);
#2320=LINE('',#5940,#2805);
#2321=LINE('',#5942,#2806);
#2322=LINE('',#5944,#2807);
#2323=LINE('',#5946,#2808);
#2324=LINE('',#5948,#2809);
#2325=LINE('',#5950,#2810);
#2326=LINE('',#5952,#2811);
#2327=LINE('',#5954,#2812);
#2328=LINE('',#5956,#2813);
#2329=LINE('',#5958,#2814);
#2330=LINE('',#5960,#2815);
#2331=LINE('',#5962,#2816);
#2332=LINE('',#5964,#2817);
#2333=LINE('',#5966,#2818);
#2334=LINE('',#5968,#2819);
#2335=LINE('',#5970,#2820);
#2336=LINE('',#5972,#2821);
#2337=LINE('',#5974,#2822);
#2338=LINE('',#5976,#2823);
#2339=LINE('',#5978,#2824);
#2340=LINE('',#5980,#2825);
#2341=LINE('',#5982,#2826);
#2342=LINE('',#5984,#2827);
#2343=LINE('',#5986,#2828);
#2344=LINE('',#5988,#2829);
#2345=LINE('',#5990,#2830);
#2346=LINE('',#5992,#2831);
#2347=LINE('',#5994,#2832);
#2348=LINE('',#5996,#2833);
#2349=LINE('',#5998,#2834);
#2350=LINE('',#6000,#2835);
#2351=LINE('',#6002,#2836);
#2352=LINE('',#6004,#2837);
#2353=LINE('',#6006,#2838);
#2354=LINE('',#6008,#2839);
#2355=LINE('',#6010,#2840);
#2356=LINE('',#6012,#2841);
#2357=LINE('',#6014,#2842);
#2358=LINE('',#6016,#2843);
#2359=LINE('',#6018,#2844);
#2360=LINE('',#6020,#2845);
#2361=LINE('',#6022,#2846);
#2362=LINE('',#6024,#2847);
#2363=LINE('',#6026,#2848);
#2364=LINE('',#6028,#2849);
#2365=LINE('',#6030,#2850);
#2366=LINE('',#6032,#2851);
#2367=LINE('',#6034,#2852);
#2368=LINE('',#6036,#2853);
#2369=LINE('',#6038,#2854);
#2370=LINE('',#6040,#2855);
#2371=LINE('',#6042,#2856);
#2372=LINE('',#6044,#2857);
#2373=LINE('',#6046,#2858);
#2374=LINE('',#6048,#2859);
#2375=LINE('',#6050,#2860);
#2376=LINE('',#6052,#2861);
#2377=LINE('',#6054,#2862);
#2378=LINE('',#6056,#2863);
#2379=LINE('',#6058,#2864);
#2380=LINE('',#6060,#2865);
#2381=LINE('',#6062,#2866);
#2382=LINE('',#6064,#2867);
#2383=LINE('',#6066,#2868);
#2384=LINE('',#6068,#2869);
#2385=LINE('',#6070,#2870);
#2386=LINE('',#6072,#2871);
#2387=LINE('',#6074,#2872);
#2388=LINE('',#6076,#2873);
#2389=LINE('',#6078,#2874);
#2390=LINE('',#6080,#2875);
#2391=LINE('',#6082,#2876);
#2392=LINE('',#6084,#2877);
#2393=LINE('',#6086,#2878);
#2394=LINE('',#6088,#2879);
#2395=LINE('',#6090,#2880);
#2396=LINE('',#6092,#2881);
#2397=LINE('',#6094,#2882);
#2398=LINE('',#6096,#2883);
#2399=LINE('',#6098,#2884);
#2400=LINE('',#6100,#2885);
#2401=LINE('',#6102,#2886);
#2402=LINE('',#6104,#2887);
#2403=LINE('',#6106,#2888);
#2404=LINE('',#6108,#2889);
#2405=LINE('',#6110,#2890);
#2406=LINE('',#6112,#2891);
#2407=LINE('',#6114,#2892);
#2408=LINE('',#6116,#2893);
#2409=LINE('',#6118,#2894);
#2410=LINE('',#6120,#2895);
#2411=LINE('',#6122,#2896);
#2412=LINE('',#6124,#2897);
#2413=LINE('',#6126,#2898);
#2414=LINE('',#6128,#2899);
#2415=LINE('',#6130,#2900);
#2416=LINE('',#6132,#2901);
#2417=LINE('',#6134,#2902);
#2418=LINE('',#6136,#2903);
#2419=LINE('',#6138,#2904);
#2420=LINE('',#6140,#2905);
#2421=LINE('',#6142,#2906);
#2422=LINE('',#6144,#2907);
#2423=LINE('',#6146,#2908);
#2424=LINE('',#6148,#2909);
#2425=LINE('',#6150,#2910);
#2426=LINE('',#6152,#2911);
#2427=LINE('',#6154,#2912);
#2428=LINE('',#6156,#2913);
#2429=LINE('',#6158,#2914);
#2430=LINE('',#6160,#2915);
#2431=LINE('',#6162,#2916);
#2432=LINE('',#6164,#2917);
#2433=LINE('',#6166,#2918);
#2434=LINE('',#6168,#2919);
#2435=LINE('',#6170,#2920);
#2436=LINE('',#6172,#2921);
#2437=LINE('',#6174,#2922);
#2438=LINE('',#6176,#2923);
#2439=LINE('',#6178,#2924);
#2440=LINE('',#6180,#2925);
#2441=LINE('',#6182,#2926);
#2442=LINE('',#6184,#2927);
#2443=LINE('',#6186,#2928);
#2444=LINE('',#6188,#2929);
#2445=LINE('',#6190,#2930);
#2446=LINE('',#6192,#2931);
#2447=LINE('',#6194,#2932);
#2448=LINE('',#6196,#2933);
#2449=LINE('',#6198,#2934);
#2450=LINE('',#6200,#2935);
#2451=LINE('',#6202,#2936);
#2452=LINE('',#6204,#2937);
#2453=LINE('',#6206,#2938);
#2454=LINE('',#6208,#2939);
#2455=LINE('',#6210,#2940);
#2456=LINE('',#6212,#2941);
#2457=LINE('',#6214,#2942);
#2458=LINE('',#6216,#2943);
#2459=LINE('',#6218,#2944);
#2460=LINE('',#6220,#2945);
#2461=LINE('',#6222,#2946);
#2462=LINE('',#6224,#2947);
#2463=LINE('',#6226,#2948);
#2464=LINE('',#6228,#2949);
#2465=LINE('',#6230,#2950);
#2466=LINE('',#6232,#2951);
#2467=LINE('',#6234,#2952);
#2468=LINE('',#6236,#2953);
#2469=LINE('',#6238,#2954);
#2470=LINE('',#6240,#2955);
#2471=LINE('',#6242,#2956);
#2472=LINE('',#6252,#2957);
#2473=LINE('',#6254,#2958);
#2474=LINE('',#6256,#2959);
#2475=LINE('',#6260,#2960);
#2476=LINE('',#6264,#2961);
#2477=LINE('',#6268,#2962);
#2478=LINE('',#6272,#2963);
#2479=LINE('',#6274,#2964);
#2480=LINE('',#6276,#2965);
#2481=LINE('',#6278,#2966);
#2482=LINE('',#6280,#2967);
#2483=LINE('',#6282,#2968);
#2484=LINE('',#6289,#2969);
#2485=LINE('',#6294,#2970);
#2486=LINE('',#6298,#2971);
#2487=LINE('',#6302,#2972);
#2488=LINE('',#6307,#2973);
#2489=LINE('',#6308,#2974);
#2490=LINE('',#6310,#2975);
#2491=LINE('',#6312,#2976);
#2492=LINE('',#6314,#2977);
#2493=LINE('',#6316,#2978);
#2494=LINE('',#6318,#2979);
#2495=LINE('',#6320,#2980);
#2496=LINE('',#6376,#2981);
#2497=LINE('',#6381,#2982);
#2498=LINE('',#6385,#2983);
#2499=LINE('',#6389,#2984);
#2500=LINE('',#6393,#2985);
#2501=LINE('',#6397,#2986);
#2502=LINE('',#6401,#2987);
#2503=LINE('',#6405,#2988);
#2504=LINE('',#6416,#2989);
#2505=LINE('',#6419,#2990);
#2506=LINE('',#6421,#2991);
#2507=LINE('',#6423,#2992);
#2508=LINE('',#6425,#2993);
#2509=LINE('',#6427,#2994);
#2510=LINE('',#6429,#2995);
#2511=LINE('',#6431,#2996);
#2512=LINE('',#6433,#2997);
#2513=LINE('',#6435,#2998);
#2514=LINE('',#6437,#2999);
#2515=LINE('',#6439,#3000);
#2516=LINE('',#6441,#3001);
#2517=LINE('',#6443,#3002);
#2518=LINE('',#6444,#3003);
#2519=LINE('',#6447,#3004);
#2520=LINE('',#6449,#3005);
#2521=LINE('',#6451,#3006);
#2522=LINE('',#6453,#3007);
#2523=LINE('',#6455,#3008);
#2524=LINE('',#6457,#3009);
#2525=LINE('',#6459,#3010);
#2526=LINE('',#6461,#3011);
#2527=LINE('',#6463,#3012);
#2528=LINE('',#6465,#3013);
#2529=LINE('',#6467,#3014);
#2530=LINE('',#6469,#3015);
#2531=LINE('',#6471,#3016);
#2532=LINE('',#6475,#3017);
#2533=LINE('',#6477,#3018);
#2534=LINE('',#6479,#3019);
#2535=LINE('',#6481,#3020);
#2536=LINE('',#6483,#3021);
#2537=LINE('',#6485,#3022);
#2538=LINE('',#6487,#3023);
#2539=LINE('',#6489,#3024);
#2540=LINE('',#6491,#3025);
#2541=LINE('',#6493,#3026);
#2542=LINE('',#6495,#3027);
#2543=LINE('',#6498,#3028);
#2544=LINE('',#6499,#3029);
#2545=LINE('',#6501,#3030);
#2546=LINE('',#6504,#3031);
#2547=LINE('',#6505,#3032);
#2548=LINE('',#6507,#3033);
#2549=LINE('',#6510,#3034);
#2550=LINE('',#6511,#3035);
#2551=LINE('',#6513,#3036);
#2552=LINE('',#6516,#3037);
#2553=LINE('',#6517,#3038);
#2554=LINE('',#6519,#3039);
#2555=LINE('',#6522,#3040);
#2556=LINE('',#6523,#3041);
#2557=LINE('',#6525,#3042);
#2558=LINE('',#6528,#3043);
#2559=LINE('',#6529,#3044);
#2560=LINE('',#6531,#3045);
#2561=LINE('',#6534,#3046);
#2562=LINE('',#6535,#3047);
#2563=LINE('',#6537,#3048);
#2564=LINE('',#6540,#3049);
#2565=LINE('',#6541,#3050);
#2566=LINE('',#6543,#3051);
#2567=LINE('',#6546,#3052);
#2568=LINE('',#6547,#3053);
#2569=LINE('',#6549,#3054);
#2570=LINE('',#6552,#3055);
#2571=LINE('',#6553,#3056);
#2572=LINE('',#6555,#3057);
#2573=LINE('',#6556,#3058);
#2574=LINE('',#6559,#3059);
#2575=LINE('',#6561,#3060);
#2576=LINE('',#6563,#3061);
#2577=LINE('',#6565,#3062);
#2578=LINE('',#6567,#3063);
#2579=LINE('',#6569,#3064);
#2580=LINE('',#6571,#3065);
#2581=LINE('',#6573,#3066);
#2582=LINE('',#6575,#3067);
#2583=LINE('',#6578,#3068);
#2584=LINE('',#6579,#3069);
#2585=LINE('',#6581,#3070);
#2586=LINE('',#6584,#3071);
#2587=LINE('',#6585,#3072);
#2588=LINE('',#6587,#3073);
#2589=LINE('',#6590,#3074);
#2590=LINE('',#6591,#3075);
#2591=LINE('',#6593,#3076);
#2592=LINE('',#6596,#3077);
#2593=LINE('',#6597,#3078);
#2594=LINE('',#6599,#3079);
#2595=LINE('',#6602,#3080);
#2596=LINE('',#6603,#3081);
#2597=LINE('',#6605,#3082);
#2598=LINE('',#6608,#3083);
#2599=LINE('',#6609,#3084);
#2600=LINE('',#6611,#3085);
#2601=LINE('',#6614,#3086);
#2602=LINE('',#6615,#3087);
#2603=LINE('',#6617,#3088);
#2604=LINE('',#6620,#3089);
#2605=LINE('',#6621,#3090);
#2606=LINE('',#6623,#3091);
#2607=LINE('',#6626,#3092);
#2608=LINE('',#6627,#3093);
#2609=LINE('',#6629,#3094);
#2610=LINE('',#6630,#3095);
#2611=LINE('',#6632,#3096);
#2612=LINE('',#6634,#3097);
#2613=LINE('',#6637,#3098);
#2614=LINE('',#6639,#3099);
#2615=LINE('',#6641,#3100);
#2616=LINE('',#6643,#3101);
#2617=LINE('',#6645,#3102);
#2618=LINE('',#6647,#3103);
#2619=LINE('',#6649,#3104);
#2620=LINE('',#6651,#3105);
#2621=LINE('',#6653,#3106);
#2622=LINE('',#6655,#3107);
#2623=LINE('',#6658,#3108);
#2624=LINE('',#6659,#3109);
#2625=LINE('',#6667,#3110);
#2626=LINE('',#6671,#3111);
#2627=LINE('',#6675,#3112);
#2628=LINE('',#6710,#3113);
#2629=LINE('',#6711,#3114);
#2630=LINE('',#6713,#3115);
#2631=LINE('',#6714,#3116);
#2632=LINE('',#6716,#3117);
#2633=LINE('',#6717,#3118);
#2634=LINE('',#6729,#3119);
#2635=LINE('',#6731,#3120);
#2636=LINE('',#6733,#3121);
#2637=LINE('',#6735,#3122);
#2638=LINE('',#6737,#3123);
#2639=LINE('',#6739,#3124);
#2640=LINE('',#6741,#3125);
#2641=LINE('',#6743,#3126);
#2642=LINE('',#6746,#3127);
#2643=LINE('',#6748,#3128);
#2644=LINE('',#6750,#3129);
#2645=LINE('',#6752,#3130);
#2646=LINE('',#6754,#3131);
#2647=LINE('',#6756,#3132);
#2648=LINE('',#6758,#3133);
#2649=LINE('',#6760,#3134);
#2650=LINE('',#6778,#3135);
#2651=LINE('',#6781,#3136);
#2652=LINE('',#6783,#3137);
#2653=LINE('',#6785,#3138);
#2654=LINE('',#6787,#3139);
#2655=LINE('',#6790,#3140);
#2656=LINE('',#6792,#3141);
#2657=LINE('',#6794,#3142);
#2658=LINE('',#6795,#3143);
#2659=LINE('',#6797,#3144);
#2660=LINE('',#6799,#3145);
#2661=LINE('',#6801,#3146);
#2662=LINE('',#6803,#3147);
#2663=LINE('',#6805,#3148);
#2664=LINE('',#6807,#3149);
#2665=LINE('',#6810,#3150);
#2666=LINE('',#6812,#3151);
#2667=LINE('',#6814,#3152);
#2668=LINE('',#6818,#3153);
#2669=LINE('',#6822,#3154);
#2670=LINE('',#6824,#3155);
#2671=LINE('',#6826,#3156);
#2672=LINE('',#6830,#3157);
#2673=LINE('',#6834,#3158);
#2674=LINE('',#6836,#3159);
#2675=LINE('',#6838,#3160);
#2676=LINE('',#6842,#3161);
#2677=LINE('',#6846,#3162);
#2678=LINE('',#6848,#3163);
#2679=LINE('',#6850,#3164);
#2680=LINE('',#6855,#3165);
#2681=LINE('',#6858,#3166);
#2682=LINE('',#6860,#3167);
#2683=LINE('',#6862,#3168);
#2684=LINE('',#6863,#3169);
#2685=LINE('',#6864,#3170);
#2686=LINE('',#6869,#3171);
#2687=LINE('',#6871,#3172);
#2688=LINE('',#6873,#3173);
#2689=LINE('',#6875,#3174);
#2690=LINE('',#6877,#3175);
#2691=LINE('',#6879,#3176);
#2692=LINE('',#6881,#3177);
#2693=LINE('',#6883,#3178);
#2694=LINE('',#6885,#3179);
#2695=LINE('',#6886,#3180);
#2696=LINE('',#6888,#3181);
#2697=LINE('',#6891,#3182);
#2698=LINE('',#6893,#3183);
#2699=LINE('',#6895,#3184);
#2700=LINE('',#6897,#3185);
#2701=LINE('',#6899,#3186);
#2702=LINE('',#6901,#3187);
#2703=LINE('',#6903,#3188);
#2704=LINE('',#6904,#3189);
#2705=LINE('',#6938,#3190);
#2706=LINE('',#6941,#3191);
#2707=LINE('',#6943,#3192);
#2708=LINE('',#6945,#3193);
#2709=LINE('',#6947,#3194);
#2710=LINE('',#6949,#3195);
#2711=LINE('',#6951,#3196);
#2712=LINE('',#6953,#3197);
#2713=LINE('',#6955,#3198);
#2714=LINE('',#6957,#3199);
#2715=LINE('',#6959,#3200);
#2716=LINE('',#6961,#3201);
#2717=LINE('',#6963,#3202);
#2718=LINE('',#6965,#3203);
#2719=LINE('',#6967,#3204);
#2720=LINE('',#6969,#3205);
#2721=LINE('',#6971,#3206);
#2722=LINE('',#6973,#3207);
#2723=LINE('',#6974,#3208);
#2724=LINE('',#6976,#3209);
#2725=LINE('',#6977,#3210);
#2726=LINE('',#6981,#3211);
#2727=LINE('',#6983,#3212);
#2728=VECTOR('',#4644,1.);
#2729=VECTOR('',#4645,1.);
#2730=VECTOR('',#4646,1.);
#2731=VECTOR('',#4647,1.);
#2732=VECTOR('',#4650,1.);
#2733=VECTOR('',#4651,1.);
#2734=VECTOR('',#4652,1.);
#2735=VECTOR('',#4655,1.);
#2736=VECTOR('',#4656,1.);
#2737=VECTOR('',#4657,1.);
#2738=VECTOR('',#4660,1.);
#2739=VECTOR('',#4661,1.);
#2740=VECTOR('',#4662,1.);
#2741=VECTOR('',#4665,1.);
#2742=VECTOR('',#4666,1.);
#2743=VECTOR('',#4667,1.);
#2744=VECTOR('',#4670,1.);
#2745=VECTOR('',#4671,1.);
#2746=VECTOR('',#4672,1.);
#2747=VECTOR('',#4675,1.);
#2748=VECTOR('',#4676,1.);
#2749=VECTOR('',#4677,1.);
#2750=VECTOR('',#4680,1.);
#2751=VECTOR('',#4681,1.);
#2752=VECTOR('',#4682,1.);
#2753=VECTOR('',#4685,1.);
#2754=VECTOR('',#4686,1.);
#2755=VECTOR('',#4687,1.);
#2756=VECTOR('',#4690,1.);
#2757=VECTOR('',#4691,1.);
#2758=VECTOR('',#4692,1.);
#2759=VECTOR('',#4695,1.);
#2760=VECTOR('',#4696,1.);
#2761=VECTOR('',#4697,1.);
#2762=VECTOR('',#4700,1.);
#2763=VECTOR('',#4701,1.);
#2764=VECTOR('',#4702,1.);
#2765=VECTOR('',#4705,1.);
#2766=VECTOR('',#4706,1.);
#2767=VECTOR('',#4707,1.);
#2768=VECTOR('',#4710,1.);
#2769=VECTOR('',#4711,1.);
#2770=VECTOR('',#4712,1.);
#2771=VECTOR('',#4715,1.);
#2772=VECTOR('',#4716,1.);
#2773=VECTOR('',#4717,1.);
#2774=VECTOR('',#4720,1.);
#2775=VECTOR('',#4721,1.);
#2776=VECTOR('',#4722,1.);
#2777=VECTOR('',#4725,1.);
#2778=VECTOR('',#4726,1.);
#2779=VECTOR('',#4727,1.);
#2780=VECTOR('',#4730,1.);
#2781=VECTOR('',#4731,1.);
#2782=VECTOR('',#4732,1.);
#2783=VECTOR('',#4735,1.);
#2784=VECTOR('',#4736,1.);
#2785=VECTOR('',#4737,1.);
#2786=VECTOR('',#4740,1.);
#2787=VECTOR('',#4741,1.);
#2788=VECTOR('',#4742,1.);
#2789=VECTOR('',#4745,1.);
#2790=VECTOR('',#4746,1.);
#2791=VECTOR('',#4747,1.);
#2792=VECTOR('',#4750,1.);
#2793=VECTOR('',#4751,1.);
#2794=VECTOR('',#4752,1.);
#2795=VECTOR('',#4755,1.);
#2796=VECTOR('',#4756,1.);
#2797=VECTOR('',#4757,1.);
#2798=VECTOR('',#4760,1.);
#2799=VECTOR('',#4761,1.);
#2800=VECTOR('',#4762,1.);
#2801=VECTOR('',#4765,1.);
#2802=VECTOR('',#4766,1.);
#2803=VECTOR('',#4767,1.);
#2804=VECTOR('',#4770,1.);
#2805=VECTOR('',#4771,1.);
#2806=VECTOR('',#4772,1.);
#2807=VECTOR('',#4775,1.);
#2808=VECTOR('',#4776,1.);
#2809=VECTOR('',#4777,1.);
#2810=VECTOR('',#4780,1.);
#2811=VECTOR('',#4781,1.);
#2812=VECTOR('',#4782,1.);
#2813=VECTOR('',#4785,1.);
#2814=VECTOR('',#4786,1.);
#2815=VECTOR('',#4787,1.);
#2816=VECTOR('',#4790,1.);
#2817=VECTOR('',#4791,1.);
#2818=VECTOR('',#4792,1.);
#2819=VECTOR('',#4795,1.);
#2820=VECTOR('',#4796,1.);
#2821=VECTOR('',#4797,1.);
#2822=VECTOR('',#4800,1.);
#2823=VECTOR('',#4801,1.);
#2824=VECTOR('',#4802,1.);
#2825=VECTOR('',#4805,1.);
#2826=VECTOR('',#4806,1.);
#2827=VECTOR('',#4807,1.);
#2828=VECTOR('',#4810,1.);
#2829=VECTOR('',#4811,1.);
#2830=VECTOR('',#4812,1.);
#2831=VECTOR('',#4815,1.);
#2832=VECTOR('',#4816,1.);
#2833=VECTOR('',#4817,1.);
#2834=VECTOR('',#4820,1.);
#2835=VECTOR('',#4821,1.);
#2836=VECTOR('',#4822,1.);
#2837=VECTOR('',#4825,1.);
#2838=VECTOR('',#4826,1.);
#2839=VECTOR('',#4827,1.);
#2840=VECTOR('',#4830,1.);
#2841=VECTOR('',#4831,1.);
#2842=VECTOR('',#4832,1.);
#2843=VECTOR('',#4835,1.);
#2844=VECTOR('',#4836,1.);
#2845=VECTOR('',#4837,1.);
#2846=VECTOR('',#4840,1.);
#2847=VECTOR('',#4841,1.);
#2848=VECTOR('',#4842,1.);
#2849=VECTOR('',#4845,1.);
#2850=VECTOR('',#4846,1.);
#2851=VECTOR('',#4847,1.);
#2852=VECTOR('',#4850,1.);
#2853=VECTOR('',#4851,1.);
#2854=VECTOR('',#4852,1.);
#2855=VECTOR('',#4855,1.);
#2856=VECTOR('',#4856,1.);
#2857=VECTOR('',#4857,1.);
#2858=VECTOR('',#4860,1.);
#2859=VECTOR('',#4861,1.);
#2860=VECTOR('',#4862,1.);
#2861=VECTOR('',#4865,1.);
#2862=VECTOR('',#4866,1.);
#2863=VECTOR('',#4867,1.);
#2864=VECTOR('',#4870,1.);
#2865=VECTOR('',#4871,1.);
#2866=VECTOR('',#4872,1.);
#2867=VECTOR('',#4875,1.);
#2868=VECTOR('',#4876,1.);
#2869=VECTOR('',#4877,1.);
#2870=VECTOR('',#4880,1.);
#2871=VECTOR('',#4881,1.);
#2872=VECTOR('',#4882,1.);
#2873=VECTOR('',#4885,1.);
#2874=VECTOR('',#4886,1.);
#2875=VECTOR('',#4887,1.);
#2876=VECTOR('',#4890,1.);
#2877=VECTOR('',#4891,1.);
#2878=VECTOR('',#4892,1.);
#2879=VECTOR('',#4895,1.);
#2880=VECTOR('',#4896,1.);
#2881=VECTOR('',#4897,1.);
#2882=VECTOR('',#4900,1.);
#2883=VECTOR('',#4901,1.);
#2884=VECTOR('',#4902,1.);
#2885=VECTOR('',#4905,1.);
#2886=VECTOR('',#4906,1.);
#2887=VECTOR('',#4907,1.);
#2888=VECTOR('',#4910,1.);
#2889=VECTOR('',#4911,1.);
#2890=VECTOR('',#4912,1.);
#2891=VECTOR('',#4915,1.);
#2892=VECTOR('',#4916,1.);
#2893=VECTOR('',#4917,1.);
#2894=VECTOR('',#4920,1.);
#2895=VECTOR('',#4921,1.);
#2896=VECTOR('',#4922,1.);
#2897=VECTOR('',#4925,1.);
#2898=VECTOR('',#4926,1.);
#2899=VECTOR('',#4927,1.);
#2900=VECTOR('',#4930,1.);
#2901=VECTOR('',#4931,1.);
#2902=VECTOR('',#4932,1.);
#2903=VECTOR('',#4935,1.);
#2904=VECTOR('',#4936,1.);
#2905=VECTOR('',#4937,1.);
#2906=VECTOR('',#4940,1.);
#2907=VECTOR('',#4941,1.);
#2908=VECTOR('',#4942,1.);
#2909=VECTOR('',#4945,1.);
#2910=VECTOR('',#4946,1.);
#2911=VECTOR('',#4947,1.);
#2912=VECTOR('',#4950,1.);
#2913=VECTOR('',#4951,1.);
#2914=VECTOR('',#4952,1.);
#2915=VECTOR('',#4955,1.);
#2916=VECTOR('',#4956,1.);
#2917=VECTOR('',#4957,1.);
#2918=VECTOR('',#4960,1.);
#2919=VECTOR('',#4961,1.);
#2920=VECTOR('',#4962,1.);
#2921=VECTOR('',#4965,1.);
#2922=VECTOR('',#4966,1.);
#2923=VECTOR('',#4967,1.);
#2924=VECTOR('',#4970,1.);
#2925=VECTOR('',#4971,1.);
#2926=VECTOR('',#4972,1.);
#2927=VECTOR('',#4975,1.);
#2928=VECTOR('',#4976,1.);
#2929=VECTOR('',#4977,1.);
#2930=VECTOR('',#4980,1.);
#2931=VECTOR('',#4981,1.);
#2932=VECTOR('',#4982,1.);
#2933=VECTOR('',#4985,1.);
#2934=VECTOR('',#4986,1.);
#2935=VECTOR('',#4987,1.);
#2936=VECTOR('',#4990,1.);
#2937=VECTOR('',#4991,1.);
#2938=VECTOR('',#4992,1.);
#2939=VECTOR('',#4995,1.);
#2940=VECTOR('',#4996,1.);
#2941=VECTOR('',#4997,1.);
#2942=VECTOR('',#5000,1.);
#2943=VECTOR('',#5001,1.);
#2944=VECTOR('',#5002,1.);
#2945=VECTOR('',#5005,1.);
#2946=VECTOR('',#5006,1.);
#2947=VECTOR('',#5007,1.);
#2948=VECTOR('',#5010,1.);
#2949=VECTOR('',#5011,1.);
#2950=VECTOR('',#5012,1.);
#2951=VECTOR('',#5015,1.);
#2952=VECTOR('',#5016,1.);
#2953=VECTOR('',#5017,1.);
#2954=VECTOR('',#5020,1.);
#2955=VECTOR('',#5021,1.);
#2956=VECTOR('',#5022,1.);
#2957=VECTOR('',#5033,1.);
#2958=VECTOR('',#5034,1.);
#2959=VECTOR('',#5035,1.);
#2960=VECTOR('',#5038,1.);
#2961=VECTOR('',#5041,1.);
#2962=VECTOR('',#5044,1.);
#2963=VECTOR('',#5047,1.);
#2964=VECTOR('',#5050,1.);
#2965=VECTOR('',#5051,1.);
#2966=VECTOR('',#5054,1.);
#2967=VECTOR('',#5055,1.);
#2968=VECTOR('',#5058,1.);
#2969=VECTOR('',#5067,1.);
#2970=VECTOR('',#5070,1.);
#2971=VECTOR('',#5073,1.);
#2972=VECTOR('',#5076,1.);
#2973=VECTOR('',#5083,1.);
#2974=VECTOR('',#5084,1.);
#2975=VECTOR('',#5087,1.);
#2976=VECTOR('',#5090,1.);
#2977=VECTOR('',#5093,1.);
#2978=VECTOR('',#5096,1.);
#2979=VECTOR('',#5099,1.);
#2980=VECTOR('',#5102,1.);
#2981=VECTOR('',#5181,1.);
#2982=VECTOR('',#5184,1.);
#2983=VECTOR('',#5187,1.);
#2984=VECTOR('',#5190,1.);
#2985=VECTOR('',#5193,1.);
#2986=VECTOR('',#5196,1.);
#2987=VECTOR('',#5199,1.);
#2988=VECTOR('',#5202,1.);
#2989=VECTOR('',#5213,1.);
#2990=VECTOR('',#5214,1.);
#2991=VECTOR('',#5215,1.);
#2992=VECTOR('',#5216,1.);
#2993=VECTOR('',#5217,1.);
#2994=VECTOR('',#5218,1.);
#2995=VECTOR('',#5219,1.);
#2996=VECTOR('',#5220,1.);
#2997=VECTOR('',#5221,1.);
#2998=VECTOR('',#5222,1.);
#2999=VECTOR('',#5223,1.);
#3000=VECTOR('',#5224,1.);
#3001=VECTOR('',#5225,1.);
#3002=VECTOR('',#5226,1.);
#3003=VECTOR('',#5227,1.);
#3004=VECTOR('',#5228,1.);
#3005=VECTOR('',#5229,1.);
#3006=VECTOR('',#5230,1.);
#3007=VECTOR('',#5231,1.);
#3008=VECTOR('',#5232,1.);
#3009=VECTOR('',#5233,1.);
#3010=VECTOR('',#5234,1.);
#3011=VECTOR('',#5235,1.);
#3012=VECTOR('',#5236,1.);
#3013=VECTOR('',#5237,1.);
#3014=VECTOR('',#5238,1.);
#3015=VECTOR('',#5239,1.);
#3016=VECTOR('',#5240,1.);
#3017=VECTOR('',#5245,1.);
#3018=VECTOR('',#5246,1.);
#3019=VECTOR('',#5247,1.);
#3020=VECTOR('',#5250,1.);
#3021=VECTOR('',#5251,1.);
#3022=VECTOR('',#5252,1.);
#3023=VECTOR('',#5255,1.);
#3024=VECTOR('',#5256,1.);
#3025=VECTOR('',#5259,1.);
#3026=VECTOR('',#5260,1.);
#3027=VECTOR('',#5263,1.);
#3028=VECTOR('',#5264,1.);
#3029=VECTOR('',#5265,1.);
#3030=VECTOR('',#5268,1.);
#3031=VECTOR('',#5269,1.);
#3032=VECTOR('',#5270,1.);
#3033=VECTOR('',#5273,1.);
#3034=VECTOR('',#5274,1.);
#3035=VECTOR('',#5275,1.);
#3036=VECTOR('',#5278,1.);
#3037=VECTOR('',#5279,1.);
#3038=VECTOR('',#5280,1.);
#3039=VECTOR('',#5283,1.);
#3040=VECTOR('',#5284,1.);
#3041=VECTOR('',#5285,1.);
#3042=VECTOR('',#5288,1.);
#3043=VECTOR('',#5289,1.);
#3044=VECTOR('',#5290,1.);
#3045=VECTOR('',#5293,1.);
#3046=VECTOR('',#5294,1.);
#3047=VECTOR('',#5295,1.);
#3048=VECTOR('',#5298,1.);
#3049=VECTOR('',#5299,1.);
#3050=VECTOR('',#5300,1.);
#3051=VECTOR('',#5303,1.);
#3052=VECTOR('',#5304,1.);
#3053=VECTOR('',#5305,1.);
#3054=VECTOR('',#5308,1.);
#3055=VECTOR('',#5309,1.);
#3056=VECTOR('',#5310,1.);
#3057=VECTOR('',#5313,1.);
#3058=VECTOR('',#5314,1.);
#3059=VECTOR('',#5319,1.);
#3060=VECTOR('',#5320,1.);
#3061=VECTOR('',#5321,1.);
#3062=VECTOR('',#5324,1.);
#3063=VECTOR('',#5325,1.);
#3064=VECTOR('',#5328,1.);
#3065=VECTOR('',#5329,1.);
#3066=VECTOR('',#5330,1.);
#3067=VECTOR('',#5333,1.);
#3068=VECTOR('',#5334,1.);
#3069=VECTOR('',#5335,1.);
#3070=VECTOR('',#5338,1.);
#3071=VECTOR('',#5339,1.);
#3072=VECTOR('',#5340,1.);
#3073=VECTOR('',#5343,1.);
#3074=VECTOR('',#5344,1.);
#3075=VECTOR('',#5345,1.);
#3076=VECTOR('',#5348,1.);
#3077=VECTOR('',#5349,1.);
#3078=VECTOR('',#5350,1.);
#3079=VECTOR('',#5353,1.);
#3080=VECTOR('',#5354,1.);
#3081=VECTOR('',#5355,1.);
#3082=VECTOR('',#5358,1.);
#3083=VECTOR('',#5359,1.);
#3084=VECTOR('',#5360,1.);
#3085=VECTOR('',#5363,1.);
#3086=VECTOR('',#5364,1.);
#3087=VECTOR('',#5365,1.);
#3088=VECTOR('',#5368,1.);
#3089=VECTOR('',#5369,1.);
#3090=VECTOR('',#5370,1.);
#3091=VECTOR('',#5373,1.);
#3092=VECTOR('',#5374,1.);
#3093=VECTOR('',#5375,1.);
#3094=VECTOR('',#5378,1.);
#3095=VECTOR('',#5379,1.);
#3096=VECTOR('',#5380,1.);
#3097=VECTOR('',#5383,1.);
#3098=VECTOR('',#5388,1.);
#3099=VECTOR('',#5389,1.);
#3100=VECTOR('',#5390,1.);
#3101=VECTOR('',#5393,1.);
#3102=VECTOR('',#5394,1.);
#3103=VECTOR('',#5395,1.);
#3104=VECTOR('',#5398,1.);
#3105=VECTOR('',#5399,1.);
#3106=VECTOR('',#5400,1.);
#3107=VECTOR('',#5403,1.);
#3108=VECTOR('',#5404,1.);
#3109=VECTOR('',#5405,1.);
#3110=VECTOR('',#5418,1.);
#3111=VECTOR('',#5421,1.);
#3112=VECTOR('',#5424,1.);
#3113=VECTOR('',#5471,1.);
#3114=VECTOR('',#5472,1.);
#3115=VECTOR('',#5475,1.);
#3116=VECTOR('',#5476,1.);
#3117=VECTOR('',#5479,1.);
#3118=VECTOR('',#5480,1.);
#3119=VECTOR('',#5501,1.);
#3120=VECTOR('',#5504,1.);
#3121=VECTOR('',#5507,1.);
#3122=VECTOR('',#5510,1.);
#3123=VECTOR('',#5513,1.);
#3124=VECTOR('',#5516,1.);
#3125=VECTOR('',#5519,1.);
#3126=VECTOR('',#5522,1.);
#3127=VECTOR('',#5527,1.);
#3128=VECTOR('',#5530,1.);
#3129=VECTOR('',#5533,1.);
#3130=VECTOR('',#5536,1.);
#3131=VECTOR('',#5539,1.);
#3132=VECTOR('',#5542,1.);
#3133=VECTOR('',#5545,1.);
#3134=VECTOR('',#5548,1.);
#3135=VECTOR('',#5575,1.);
#3136=VECTOR('',#5576,1.);
#3137=VECTOR('',#5577,1.);
#3138=VECTOR('',#5578,1.);
#3139=VECTOR('',#5581,1.);
#3140=VECTOR('',#5582,1.);
#3141=VECTOR('',#5583,1.);
#3142=VECTOR('',#5584,1.);
#3143=VECTOR('',#5585,1.);
#3144=VECTOR('',#5586,1.);
#3145=VECTOR('',#5587,1.);
#3146=VECTOR('',#5590,1.);
#3147=VECTOR('',#5591,1.);
#3148=VECTOR('',#5592,1.);
#3149=VECTOR('',#5595,1.);
#3150=VECTOR('',#5596,1.);
#3151=VECTOR('',#5597,1.);
#3152=VECTOR('',#5598,1.);
#3153=VECTOR('',#5603,1.);
#3154=VECTOR('',#5608,1.);
#3155=VECTOR('',#5609,1.);
#3156=VECTOR('',#5610,1.);
#3157=VECTOR('',#5615,1.);
#3158=VECTOR('',#5620,1.);
#3159=VECTOR('',#5621,1.);
#3160=VECTOR('',#5622,1.);
#3161=VECTOR('',#5627,1.);
#3162=VECTOR('',#5632,1.);
#3163=VECTOR('',#5633,1.);
#3164=VECTOR('',#5634,1.);
#3165=VECTOR('',#5643,1.);
#3166=VECTOR('',#5644,1.);
#3167=VECTOR('',#5645,1.);
#3168=VECTOR('',#5646,1.);
#3169=VECTOR('',#5647,1.);
#3170=VECTOR('',#5648,1.);
#3171=VECTOR('',#5657,1.);
#3172=VECTOR('',#5658,1.);
#3173=VECTOR('',#5659,1.);
#3174=VECTOR('',#5660,1.);
#3175=VECTOR('',#5663,1.);
#3176=VECTOR('',#5664,1.);
#3177=VECTOR('',#5665,1.);
#3178=VECTOR('',#5666,1.);
#3179=VECTOR('',#5669,1.);
#3180=VECTOR('',#5670,1.);
#3181=VECTOR('',#5673,1.);
#3182=VECTOR('',#5678,1.);
#3183=VECTOR('',#5679,1.);
#3184=VECTOR('',#5680,1.);
#3185=VECTOR('',#5683,1.);
#3186=VECTOR('',#5684,1.);
#3187=VECTOR('',#5685,1.);
#3188=VECTOR('',#5688,1.);
#3189=VECTOR('',#5689,1.);
#3190=VECTOR('',#5740,1.);
#3191=VECTOR('',#5741,1.);
#3192=VECTOR('',#5742,1.);
#3193=VECTOR('',#5743,1.);
#3194=VECTOR('',#5746,1.);
#3195=VECTOR('',#5747,1.);
#3196=VECTOR('',#5748,1.);
#3197=VECTOR('',#5749,1.);
#3198=VECTOR('',#5750,1.);
#3199=VECTOR('',#5753,1.);
#3200=VECTOR('',#5754,1.);
#3201=VECTOR('',#5755,1.);
#3202=VECTOR('',#5758,1.);
#3203=VECTOR('',#5759,1.);
#3204=VECTOR('',#5760,1.);
#3205=VECTOR('',#5761,1.);
#3206=VECTOR('',#5762,1.);
#3207=VECTOR('',#5765,1.);
#3208=VECTOR('',#5766,1.);
#3209=VECTOR('',#5769,1.);
#3210=VECTOR('',#5770,1.);
#3211=VECTOR('',#5777,1.);
#3212=VECTOR('',#5780,1.);
#3213=EDGE_LOOP('',(#154,#155,#156,#157));
#3214=EDGE_LOOP('',(#158,#159,#160,#161));
#3215=EDGE_LOOP('',(#162,#163,#164,#165));
#3216=EDGE_LOOP('',(#166,#167,#168,#169));
#3217=EDGE_LOOP('',(#170,#171,#172,#173));
#3218=EDGE_LOOP('',(#174,#175,#176,#177));
#3219=EDGE_LOOP('',(#178,#179,#180,#181));
#3220=EDGE_LOOP('',(#182,#183,#184,#185));
#3221=EDGE_LOOP('',(#186,#187,#188,#189));
#3222=EDGE_LOOP('',(#190,#191,#192,#193));
#3223=EDGE_LOOP('',(#194,#195,#196,#197));
#3224=EDGE_LOOP('',(#198,#199,#200,#201));
#3225=EDGE_LOOP('',(#202,#203,#204,#205));
#3226=EDGE_LOOP('',(#206,#207,#208,#209));
#3227=EDGE_LOOP('',(#210,#211,#212,#213));
#3228=EDGE_LOOP('',(#214,#215,#216,#217));
#3229=EDGE_LOOP('',(#218,#219,#220,#221));
#3230=EDGE_LOOP('',(#222,#223,#224,#225));
#3231=EDGE_LOOP('',(#226,#227,#228,#229));
#3232=EDGE_LOOP('',(#230,#231,#232,#233));
#3233=EDGE_LOOP('',(#234,#235,#236,#237));
#3234=EDGE_LOOP('',(#238,#239,#240,#241));
#3235=EDGE_LOOP('',(#242,#243,#244,#245));
#3236=EDGE_LOOP('',(#246,#247,#248,#249));
#3237=EDGE_LOOP('',(#250,#251,#252,#253));
#3238=EDGE_LOOP('',(#254,#255,#256,#257));
#3239=EDGE_LOOP('',(#258,#259,#260,#261));
#3240=EDGE_LOOP('',(#262,#263,#264,#265));
#3241=EDGE_LOOP('',(#266,#267,#268,#269));
#3242=EDGE_LOOP('',(#270,#271,#272,#273));
#3243=EDGE_LOOP('',(#274,#275,#276,#277));
#3244=EDGE_LOOP('',(#278,#279,#280,#281));
#3245=EDGE_LOOP('',(#282,#283,#284,#285));
#3246=EDGE_LOOP('',(#286,#287,#288,#289));
#3247=EDGE_LOOP('',(#290,#291,#292,#293));
#3248=EDGE_LOOP('',(#294,#295,#296,#297));
#3249=EDGE_LOOP('',(#298,#299,#300,#301));
#3250=EDGE_LOOP('',(#302,#303,#304,#305));
#3251=EDGE_LOOP('',(#306,#307,#308,#309));
#3252=EDGE_LOOP('',(#310,#311,#312,#313));
#3253=EDGE_LOOP('',(#314,#315,#316,#317));
#3254=EDGE_LOOP('',(#318,#319,#320,#321));
#3255=EDGE_LOOP('',(#322,#323,#324,#325));
#3256=EDGE_LOOP('',(#326,#327,#328,#329));
#3257=EDGE_LOOP('',(#330,#331,#332,#333));
#3258=EDGE_LOOP('',(#334,#335,#336,#337));
#3259=EDGE_LOOP('',(#338,#339,#340,#341));
#3260=EDGE_LOOP('',(#342,#343,#344,#345));
#3261=EDGE_LOOP('',(#346,#347,#348,#349));
#3262=EDGE_LOOP('',(#350,#351,#352,#353));
#3263=EDGE_LOOP('',(#354,#355,#356,#357));
#3264=EDGE_LOOP('',(#358,#359,#360,#361));
#3265=EDGE_LOOP('',(#362,#363,#364,#365));
#3266=EDGE_LOOP('',(#366,#367,#368,#369));
#3267=EDGE_LOOP('',(#370,#371,#372,#373));
#3268=EDGE_LOOP('',(#374,#375,#376,#377));
#3269=EDGE_LOOP('',(#378,#379,#380,#381));
#3270=EDGE_LOOP('',(#382,#383,#384,#385));
#3271=EDGE_LOOP('',(#386,#387,#388,#389));
#3272=EDGE_LOOP('',(#390,#391,#392,#393));
#3273=EDGE_LOOP('',(#394,#395,#396,#397));
#3274=EDGE_LOOP('',(#398,#399,#400,#401));
#3275=EDGE_LOOP('',(#402,#403,#404,#405));
#3276=EDGE_LOOP('',(#406,#407,#408,#409));
#3277=EDGE_LOOP('',(#410,#411,#412,#413));
#3278=EDGE_LOOP('',(#414,#415,#416,#417));
#3279=EDGE_LOOP('',(#418,#419,#420,#421));
#3280=EDGE_LOOP('',(#422,#423,#424,#425));
#3281=EDGE_LOOP('',(#426,#427,#428,#429));
#3282=EDGE_LOOP('',(#430,#431,#432,#433));
#3283=EDGE_LOOP('',(#434,#435,#436,#437));
#3284=EDGE_LOOP('',(#438,#439,#440,#441));
#3285=EDGE_LOOP('',(#442,#443,#444,#445));
#3286=EDGE_LOOP('',(#446,#447,#448,#449));
#3287=EDGE_LOOP('',(#450,#451,#452,#453));
#3288=EDGE_LOOP('',(#454,#455,#456,#457));
#3289=EDGE_LOOP('',(#458));
#3290=EDGE_LOOP('',(#459));
#3291=EDGE_LOOP('',(#460));
#3292=EDGE_LOOP('',(#461));
#3293=EDGE_LOOP('',(#462,#463,#464,#465,#466,#467,#468,#469,#470,#471,#472,
#473,#474,#475,#476,#477,#478,#479,#480,#481,#482,#483,#484,#485,#486,#487,
#488,#489,#490,#491,#492,#493,#494,#495,#496,#497,#498,#499,#500,#501,#502,
#503,#504,#505,#506,#507,#508,#509,#510,#511,#512,#513,#514,#515,#516,#517,
#518,#519,#520,#521,#522,#523,#524,#525,#526,#527,#528,#529,#530,#531,#532,
#533,#534,#535,#536,#537,#538,#539,#540));
#3294=EDGE_LOOP('',(#541,#542,#543,#544,#545,#546,#547,#548));
#3295=EDGE_LOOP('',(#549,#550,#551,#552));
#3296=EDGE_LOOP('',(#553,#554,#555,#556));
#3297=EDGE_LOOP('',(#557,#558,#559,#560));
#3298=EDGE_LOOP('',(#561));
#3299=EDGE_LOOP('',(#562,#563,#564,#565,#566,#567,#568,#569,#570,#571,#572,
#573,#574,#575,#576,#577,#578,#579,#580,#581,#582,#583,#584,#585,#586,#587,
#588,#589,#590,#591,#592,#593,#594,#595,#596,#597,#598,#599,#600,#601,#602,
#603,#604,#605,#606,#607,#608,#609,#610,#611,#612,#613,#614,#615,#616,#617,
#618,#619,#620,#621,#622,#623,#624,#625,#626,#627,#628,#629,#630,#631,#632,
#633,#634,#635,#636,#637,#638,#639,#640));
#3300=EDGE_LOOP('',(#641));
#3301=EDGE_LOOP('',(#642,#643,#644,#645,#646,#647,#648,#649));
#3302=EDGE_LOOP('',(#650));
#3303=EDGE_LOOP('',(#651));
#3304=EDGE_LOOP('',(#652,#653,#654,#655));
#3305=EDGE_LOOP('',(#656,#657,#658,#659));
#3306=EDGE_LOOP('',(#660,#661,#662,#663));
#3307=EDGE_LOOP('',(#664,#665,#666,#667));
#3308=EDGE_LOOP('',(#668,#669,#670,#671));
#3309=EDGE_LOOP('',(#672,#673,#674,#675));
#3310=EDGE_LOOP('',(#676,#677,#678,#679));
#3311=EDGE_LOOP('',(#680,#681,#682,#683));
#3312=EDGE_LOOP('',(#684));
#3313=EDGE_LOOP('',(#685));
#3314=EDGE_LOOP('',(#686));
#3315=EDGE_LOOP('',(#687));
#3316=EDGE_LOOP('',(#688));
#3317=EDGE_LOOP('',(#689));
#3318=EDGE_LOOP('',(#690));
#3319=EDGE_LOOP('',(#691));
#3320=EDGE_LOOP('',(#692));
#3321=EDGE_LOOP('',(#693));
#3322=EDGE_LOOP('',(#694));
#3323=EDGE_LOOP('',(#695));
#3324=EDGE_LOOP('',(#696));
#3325=EDGE_LOOP('',(#697));
#3326=EDGE_LOOP('',(#698));
#3327=EDGE_LOOP('',(#699));
#3328=EDGE_LOOP('',(#700));
#3329=EDGE_LOOP('',(#701));
#3330=EDGE_LOOP('',(#702));
#3331=EDGE_LOOP('',(#703));
#3332=EDGE_LOOP('',(#704));
#3333=EDGE_LOOP('',(#705));
#3334=EDGE_LOOP('',(#706));
#3335=EDGE_LOOP('',(#707));
#3336=EDGE_LOOP('',(#708));
#3337=EDGE_LOOP('',(#709));
#3338=EDGE_LOOP('',(#710));
#3339=EDGE_LOOP('',(#711));
#3340=EDGE_LOOP('',(#712));
#3341=EDGE_LOOP('',(#713));
#3342=EDGE_LOOP('',(#714));
#3343=EDGE_LOOP('',(#715));
#3344=EDGE_LOOP('',(#716));
#3345=EDGE_LOOP('',(#717));
#3346=EDGE_LOOP('',(#718));
#3347=EDGE_LOOP('',(#719));
#3348=EDGE_LOOP('',(#720,#721,#722,#723,#724,#725,#726,#727,#728,#729,#730,
#731,#732,#733,#734,#735));
#3349=EDGE_LOOP('',(#736));
#3350=EDGE_LOOP('',(#737));
#3351=EDGE_LOOP('',(#738));
#3352=EDGE_LOOP('',(#739));
#3353=EDGE_LOOP('',(#740,#741,#742,#743,#744,#745,#746,#747,#748,#749,#750,
#751,#752,#753));
#3354=EDGE_LOOP('',(#754,#755,#756,#757,#758,#759,#760,#761,#762,#763,#764,
#765,#766,#767));
#3355=EDGE_LOOP('',(#768));
#3356=EDGE_LOOP('',(#769,#770,#771,#772));
#3357=EDGE_LOOP('',(#773,#774,#775,#776));
#3358=EDGE_LOOP('',(#777,#778,#779,#780));
#3359=EDGE_LOOP('',(#781,#782,#783,#784));
#3360=EDGE_LOOP('',(#785,#786,#787,#788,#789));
#3361=EDGE_LOOP('',(#790,#791,#792,#793));
#3362=EDGE_LOOP('',(#794,#795,#796,#797));
#3363=EDGE_LOOP('',(#798,#799,#800,#801));
#3364=EDGE_LOOP('',(#802,#803,#804,#805));
#3365=EDGE_LOOP('',(#806,#807,#808,#809));
#3366=EDGE_LOOP('',(#810,#811,#812,#813));
#3367=EDGE_LOOP('',(#814,#815,#816,#817));
#3368=EDGE_LOOP('',(#818,#819,#820,#821));
#3369=EDGE_LOOP('',(#822,#823,#824,#825));
#3370=EDGE_LOOP('',(#826,#827,#828,#829,#830));
#3371=EDGE_LOOP('',(#831,#832,#833,#834,#835,#836,#837,#838,#839,#840,#841,
#842,#843,#844));
#3372=EDGE_LOOP('',(#845,#846,#847,#848));
#3373=EDGE_LOOP('',(#849,#850,#851,#852));
#3374=EDGE_LOOP('',(#853,#854,#855,#856,#857));
#3375=EDGE_LOOP('',(#858,#859,#860,#861));
#3376=EDGE_LOOP('',(#862,#863,#864,#865));
#3377=EDGE_LOOP('',(#866,#867,#868,#869));
#3378=EDGE_LOOP('',(#870,#871,#872,#873));
#3379=EDGE_LOOP('',(#874,#875,#876,#877));
#3380=EDGE_LOOP('',(#878,#879,#880,#881));
#3381=EDGE_LOOP('',(#882,#883,#884,#885));
#3382=EDGE_LOOP('',(#886,#887,#888,#889));
#3383=EDGE_LOOP('',(#890,#891,#892,#893));
#3384=EDGE_LOOP('',(#894,#895,#896,#897,#898));
#3385=EDGE_LOOP('',(#899,#900,#901,#902));
#3386=EDGE_LOOP('',(#903,#904,#905,#906,#907,#908,#909,#910,#911,#912,#913,
#914,#915,#916));
#3387=EDGE_LOOP('',(#917,#918,#919,#920));
#3388=EDGE_LOOP('',(#921,#922,#923,#924));
#3389=EDGE_LOOP('',(#925,#926,#927,#928));
#3390=EDGE_LOOP('',(#929,#930,#931,#932));
#3391=EDGE_LOOP('',(#933,#934,#935,#936,#937,#938,#939,#940,#941,#942,#943,
#944,#945,#946,#947,#948));
#3392=EDGE_LOOP('',(#949));
#3393=EDGE_LOOP('',(#950));
#3394=EDGE_LOOP('',(#951));
#3395=EDGE_LOOP('',(#952));
#3396=EDGE_LOOP('',(#953));
#3397=EDGE_LOOP('',(#954,#955,#956,#957));
#3398=EDGE_LOOP('',(#958,#959,#960,#961));
#3399=EDGE_LOOP('',(#962));
#3400=EDGE_LOOP('',(#963));
#3401=EDGE_LOOP('',(#964));
#3402=EDGE_LOOP('',(#965));
#3403=EDGE_LOOP('',(#966));
#3404=EDGE_LOOP('',(#967));
#3405=EDGE_LOOP('',(#968));
#3406=EDGE_LOOP('',(#969));
#3407=EDGE_LOOP('',(#970));
#3408=EDGE_LOOP('',(#971));
#3409=EDGE_LOOP('',(#972));
#3410=EDGE_LOOP('',(#973));
#3411=EDGE_LOOP('',(#974));
#3412=EDGE_LOOP('',(#975));
#3413=EDGE_LOOP('',(#976));
#3414=EDGE_LOOP('',(#977));
#3415=EDGE_LOOP('',(#978));
#3416=EDGE_LOOP('',(#979));
#3417=EDGE_LOOP('',(#980,#981,#982,#983));
#3418=EDGE_LOOP('',(#984,#985,#986,#987));
#3419=EDGE_LOOP('',(#988,#989,#990,#991));
#3420=EDGE_LOOP('',(#992,#993,#994,#995));
#3421=EDGE_LOOP('',(#996,#997,#998,#999));
#3422=EDGE_LOOP('',(#1000,#1001,#1002,#1003));
#3423=EDGE_LOOP('',(#1004,#1005,#1006,#1007));
#3424=EDGE_LOOP('',(#1008,#1009,#1010,#1011));
#3425=EDGE_LOOP('',(#1012,#1013,#1014,#1015));
#3426=EDGE_LOOP('',(#1016));
#3427=EDGE_LOOP('',(#1017));
#3428=EDGE_LOOP('',(#1018));
#3429=EDGE_LOOP('',(#1019));
#3430=EDGE_LOOP('',(#1020,#1021,#1022,#1023));
#3431=EDGE_LOOP('',(#1024,#1025,#1026,#1027));
#3432=EDGE_LOOP('',(#1028,#1029,#1030,#1031));
#3433=EDGE_LOOP('',(#1032,#1033,#1034,#1035));
#3434=EDGE_LOOP('',(#1036,#1037,#1038,#1039));
#3435=EDGE_LOOP('',(#1040,#1041,#1042,#1043));
#3436=EDGE_LOOP('',(#1044,#1045,#1046,#1047));
#3437=EDGE_LOOP('',(#1048,#1049,#1050,#1051));
#3438=EDGE_LOOP('',(#1052,#1053,#1054,#1055));
#3439=EDGE_LOOP('',(#1056,#1057,#1058,#1059));
#3440=EDGE_LOOP('',(#1060,#1061,#1062,#1063));
#3441=EDGE_LOOP('',(#1064,#1065,#1066,#1067));
#3442=EDGE_LOOP('',(#1068,#1069,#1070,#1071));
#3443=EDGE_LOOP('',(#1072,#1073,#1074,#1075));
#3444=EDGE_LOOP('',(#1076,#1077,#1078,#1079));
#3445=EDGE_LOOP('',(#1080,#1081,#1082,#1083));
#3446=EDGE_LOOP('',(#1084,#1085,#1086,#1087));
#3447=EDGE_LOOP('',(#1088,#1089,#1090,#1091));
#3448=EDGE_LOOP('',(#1092));
#3449=EDGE_LOOP('',(#1093));
#3450=EDGE_LOOP('',(#1094));
#3451=EDGE_LOOP('',(#1095));
#3452=EDGE_LOOP('',(#1096));
#3453=EDGE_LOOP('',(#1097));
#3454=EDGE_LOOP('',(#1098));
#3455=EDGE_LOOP('',(#1099));
#3456=EDGE_LOOP('',(#1100,#1101,#1102,#1103));
#3457=EDGE_LOOP('',(#1104,#1105,#1106,#1107));
#3458=EDGE_LOOP('',(#1108,#1109,#1110,#1111));
#3459=EDGE_LOOP('',(#1112,#1113,#1114,#1115));
#3460=EDGE_LOOP('',(#1116,#1117,#1118,#1119));
#3461=EDGE_LOOP('',(#1120,#1121,#1122,#1123));
#3462=EDGE_LOOP('',(#1124,#1125,#1126,#1127));
#3463=EDGE_LOOP('',(#1128,#1129,#1130,#1131));
#3464=EDGE_LOOP('',(#1132,#1133,#1134,#1135));
#3465=EDGE_LOOP('',(#1136,#1137,#1138,#1139));
#3466=EDGE_LOOP('',(#1140,#1141,#1142,#1143));
#3467=EDGE_LOOP('',(#1144,#1145,#1146,#1147));
#3468=EDGE_LOOP('',(#1148,#1149,#1150,#1151));
#3469=EDGE_LOOP('',(#1152,#1153,#1154,#1155));
#3470=EDGE_LOOP('',(#1156,#1157,#1158,#1159,#1160,#1161,#1162,#1163));
#3471=EDGE_LOOP('',(#1164,#1165,#1166,#1167));
#3472=EDGE_LOOP('',(#1168,#1169,#1170,#1171));
#3473=EDGE_LOOP('',(#1172,#1173,#1174,#1175,#1176,#1177,#1178,#1179));
#3474=EDGE_LOOP('',(#1180,#1181,#1182,#1183,#1184));
#3475=EDGE_LOOP('',(#1185,#1186,#1187,#1188,#1189));
#3476=EDGE_LOOP('',(#1190,#1191,#1192,#1193));
#3477=EDGE_LOOP('',(#1194,#1195,#1196,#1197));
#3478=EDGE_LOOP('',(#1198,#1199,#1200,#1201));
#3479=EDGE_LOOP('',(#1202,#1203,#1204,#1205));
#3480=EDGE_LOOP('',(#1206,#1207,#1208,#1209));
#3481=EDGE_LOOP('',(#1210,#1211,#1212,#1213));
#3482=EDGE_LOOP('',(#1214,#1215,#1216,#1217));
#3483=EDGE_LOOP('',(#1218,#1219,#1220,#1221));
#3484=EDGE_LOOP('',(#1222,#1223,#1224,#1225));
#3485=EDGE_LOOP('',(#1226));
#3486=EDGE_LOOP('',(#1227));
#3487=EDGE_LOOP('',(#1228));
#3488=EDGE_LOOP('',(#1229));
#3489=EDGE_LOOP('',(#1230));
#3490=EDGE_LOOP('',(#1231));
#3491=EDGE_LOOP('',(#1232));
#3492=EDGE_LOOP('',(#1233));
#3493=EDGE_LOOP('',(#1234));
#3494=EDGE_LOOP('',(#1235));
#3495=EDGE_LOOP('',(#1236));
#3496=EDGE_LOOP('',(#1237));
#3497=EDGE_LOOP('',(#1238));
#3498=EDGE_LOOP('',(#1239));
#3499=EDGE_LOOP('',(#1240));
#3500=EDGE_LOOP('',(#1241));
#3501=EDGE_LOOP('',(#1242,#1243,#1244,#1245));
#3502=EDGE_LOOP('',(#1246,#1247,#1248,#1249,#1250,#1251));
#3503=EDGE_LOOP('',(#1252,#1253,#1254,#1255));
#3504=EDGE_LOOP('',(#1256,#1257,#1258,#1259,#1260,#1261));
#3505=EDGE_LOOP('',(#1262,#1263,#1264,#1265));
#3506=EDGE_LOOP('',(#1266,#1267,#1268,#1269));
#3507=EDGE_LOOP('',(#1270,#1271,#1272,#1273));
#3508=EDGE_LOOP('',(#1274,#1275,#1276));
#3509=EDGE_LOOP('',(#1277,#1278,#1279));
#3510=EDGE_LOOP('',(#1280,#1281,#1282,#1283));
#3511=EDGE_LOOP('',(#1284,#1285,#1286,#1287));
#3512=FACE_BOUND('',#3213,.T.);
#3513=FACE_BOUND('',#3214,.T.);
#3514=FACE_BOUND('',#3215,.T.);
#3515=FACE_BOUND('',#3216,.T.);
#3516=FACE_BOUND('',#3217,.T.);
#3517=FACE_BOUND('',#3218,.T.);
#3518=FACE_BOUND('',#3219,.T.);
#3519=FACE_BOUND('',#3220,.T.);
#3520=FACE_BOUND('',#3221,.T.);
#3521=FACE_BOUND('',#3222,.T.);
#3522=FACE_BOUND('',#3223,.T.);
#3523=FACE_BOUND('',#3224,.T.);
#3524=FACE_BOUND('',#3225,.T.);
#3525=FACE_BOUND('',#3226,.T.);
#3526=FACE_BOUND('',#3227,.T.);
#3527=FACE_BOUND('',#3228,.T.);
#3528=FACE_BOUND('',#3229,.T.);
#3529=FACE_BOUND('',#3230,.T.);
#3530=FACE_BOUND('',#3231,.T.);
#3531=FACE_BOUND('',#3232,.T.);
#3532=FACE_BOUND('',#3233,.T.);
#3533=FACE_BOUND('',#3234,.T.);
#3534=FACE_BOUND('',#3235,.T.);
#3535=FACE_BOUND('',#3236,.T.);
#3536=FACE_BOUND('',#3237,.T.);
#3537=FACE_BOUND('',#3238,.T.);
#3538=FACE_BOUND('',#3239,.T.);
#3539=FACE_BOUND('',#3240,.T.);
#3540=FACE_BOUND('',#3241,.T.);
#3541=FACE_BOUND('',#3242,.T.);
#3542=FACE_BOUND('',#3243,.T.);
#3543=FACE_BOUND('',#3244,.T.);
#3544=FACE_BOUND('',#3245,.T.);
#3545=FACE_BOUND('',#3246,.T.);
#3546=FACE_BOUND('',#3247,.T.);
#3547=FACE_BOUND('',#3248,.T.);
#3548=FACE_BOUND('',#3249,.T.);
#3549=FACE_BOUND('',#3250,.T.);
#3550=FACE_BOUND('',#3251,.T.);
#3551=FACE_BOUND('',#3252,.T.);
#3552=FACE_BOUND('',#3253,.T.);
#3553=FACE_BOUND('',#3254,.T.);
#3554=FACE_BOUND('',#3255,.T.);
#3555=FACE_BOUND('',#3256,.T.);
#3556=FACE_BOUND('',#3257,.T.);
#3557=FACE_BOUND('',#3258,.T.);
#3558=FACE_BOUND('',#3259,.T.);
#3559=FACE_BOUND('',#3260,.T.);
#3560=FACE_BOUND('',#3261,.T.);
#3561=FACE_BOUND('',#3262,.T.);
#3562=FACE_BOUND('',#3263,.T.);
#3563=FACE_BOUND('',#3264,.T.);
#3564=FACE_BOUND('',#3265,.T.);
#3565=FACE_BOUND('',#3266,.T.);
#3566=FACE_BOUND('',#3267,.T.);
#3567=FACE_BOUND('',#3268,.T.);
#3568=FACE_BOUND('',#3269,.T.);
#3569=FACE_BOUND('',#3270,.T.);
#3570=FACE_BOUND('',#3271,.T.);
#3571=FACE_BOUND('',#3272,.T.);
#3572=FACE_BOUND('',#3273,.T.);
#3573=FACE_BOUND('',#3274,.T.);
#3574=FACE_BOUND('',#3275,.T.);
#3575=FACE_BOUND('',#3276,.T.);
#3576=FACE_BOUND('',#3277,.T.);
#3577=FACE_BOUND('',#3278,.T.);
#3578=FACE_BOUND('',#3279,.T.);
#3579=FACE_BOUND('',#3280,.T.);
#3580=FACE_BOUND('',#3281,.T.);
#3581=FACE_BOUND('',#3282,.T.);
#3582=FACE_BOUND('',#3283,.T.);
#3583=FACE_BOUND('',#3284,.T.);
#3584=FACE_BOUND('',#3285,.T.);
#3585=FACE_BOUND('',#3286,.T.);
#3586=FACE_BOUND('',#3287,.T.);
#3587=FACE_BOUND('',#3288,.T.);
#3588=FACE_BOUND('',#3289,.T.);
#3589=FACE_BOUND('',#3290,.T.);
#3590=FACE_BOUND('',#3291,.T.);
#3591=FACE_BOUND('',#3292,.T.);
#3592=FACE_BOUND('',#3293,.T.);
#3593=FACE_BOUND('',#3294,.T.);
#3594=FACE_BOUND('',#3295,.T.);
#3595=FACE_BOUND('',#3296,.T.);
#3596=FACE_BOUND('',#3297,.T.);
#3597=FACE_BOUND('',#3298,.T.);
#3598=FACE_BOUND('',#3299,.T.);
#3599=FACE_BOUND('',#3300,.T.);
#3600=FACE_BOUND('',#3301,.T.);
#3601=FACE_BOUND('',#3302,.T.);
#3602=FACE_BOUND('',#3303,.T.);
#3603=FACE_BOUND('',#3304,.T.);
#3604=FACE_BOUND('',#3305,.T.);
#3605=FACE_BOUND('',#3306,.T.);
#3606=FACE_BOUND('',#3307,.T.);
#3607=FACE_BOUND('',#3308,.T.);
#3608=FACE_BOUND('',#3309,.T.);
#3609=FACE_BOUND('',#3310,.T.);
#3610=FACE_BOUND('',#3311,.T.);
#3611=FACE_BOUND('',#3312,.T.);
#3612=FACE_BOUND('',#3313,.T.);
#3613=FACE_BOUND('',#3314,.T.);
#3614=FACE_BOUND('',#3315,.T.);
#3615=FACE_BOUND('',#3316,.T.);
#3616=FACE_BOUND('',#3317,.T.);
#3617=FACE_BOUND('',#3318,.T.);
#3618=FACE_BOUND('',#3319,.T.);
#3619=FACE_BOUND('',#3320,.T.);
#3620=FACE_BOUND('',#3321,.T.);
#3621=FACE_BOUND('',#3322,.T.);
#3622=FACE_BOUND('',#3323,.T.);
#3623=FACE_BOUND('',#3324,.T.);
#3624=FACE_BOUND('',#3325,.T.);
#3625=FACE_BOUND('',#3326,.T.);
#3626=FACE_BOUND('',#3327,.T.);
#3627=FACE_BOUND('',#3328,.T.);
#3628=FACE_BOUND('',#3329,.T.);
#3629=FACE_BOUND('',#3330,.T.);
#3630=FACE_BOUND('',#3331,.T.);
#3631=FACE_BOUND('',#3332,.T.);
#3632=FACE_BOUND('',#3333,.T.);
#3633=FACE_BOUND('',#3334,.T.);
#3634=FACE_BOUND('',#3335,.T.);
#3635=FACE_BOUND('',#3336,.T.);
#3636=FACE_BOUND('',#3337,.T.);
#3637=FACE_BOUND('',#3338,.T.);
#3638=FACE_BOUND('',#3339,.T.);
#3639=FACE_BOUND('',#3340,.T.);
#3640=FACE_BOUND('',#3341,.T.);
#3641=FACE_BOUND('',#3342,.T.);
#3642=FACE_BOUND('',#3343,.T.);
#3643=FACE_BOUND('',#3344,.T.);
#3644=FACE_BOUND('',#3345,.T.);
#3645=FACE_BOUND('',#3346,.T.);
#3646=FACE_BOUND('',#3347,.T.);
#3647=FACE_BOUND('',#3348,.T.);
#3648=FACE_BOUND('',#3349,.T.);
#3649=FACE_BOUND('',#3350,.T.);
#3650=FACE_BOUND('',#3351,.T.);
#3651=FACE_BOUND('',#3352,.T.);
#3652=FACE_BOUND('',#3353,.T.);
#3653=FACE_BOUND('',#3354,.T.);
#3654=FACE_BOUND('',#3355,.T.);
#3655=FACE_BOUND('',#3356,.T.);
#3656=FACE_BOUND('',#3357,.T.);
#3657=FACE_BOUND('',#3358,.T.);
#3658=FACE_BOUND('',#3359,.T.);
#3659=FACE_BOUND('',#3360,.T.);
#3660=FACE_BOUND('',#3361,.T.);
#3661=FACE_BOUND('',#3362,.T.);
#3662=FACE_BOUND('',#3363,.T.);
#3663=FACE_BOUND('',#3364,.T.);
#3664=FACE_BOUND('',#3365,.T.);
#3665=FACE_BOUND('',#3366,.T.);
#3666=FACE_BOUND('',#3367,.T.);
#3667=FACE_BOUND('',#3368,.T.);
#3668=FACE_BOUND('',#3369,.T.);
#3669=FACE_BOUND('',#3370,.T.);
#3670=FACE_BOUND('',#3371,.T.);
#3671=FACE_BOUND('',#3372,.T.);
#3672=FACE_BOUND('',#3373,.T.);
#3673=FACE_BOUND('',#3374,.T.);
#3674=FACE_BOUND('',#3375,.T.);
#3675=FACE_BOUND('',#3376,.T.);
#3676=FACE_BOUND('',#3377,.T.);
#3677=FACE_BOUND('',#3378,.T.);
#3678=FACE_BOUND('',#3379,.T.);
#3679=FACE_BOUND('',#3380,.T.);
#3680=FACE_BOUND('',#3381,.T.);
#3681=FACE_BOUND('',#3382,.T.);
#3682=FACE_BOUND('',#3383,.T.);
#3683=FACE_BOUND('',#3384,.T.);
#3684=FACE_BOUND('',#3385,.T.);
#3685=FACE_BOUND('',#3386,.T.);
#3686=FACE_BOUND('',#3387,.T.);
#3687=FACE_BOUND('',#3388,.T.);
#3688=FACE_BOUND('',#3389,.T.);
#3689=FACE_BOUND('',#3390,.T.);
#3690=FACE_BOUND('',#3391,.T.);
#3691=FACE_BOUND('',#3392,.T.);
#3692=FACE_BOUND('',#3393,.T.);
#3693=FACE_BOUND('',#3394,.T.);
#3694=FACE_BOUND('',#3395,.T.);
#3695=FACE_BOUND('',#3396,.T.);
#3696=FACE_BOUND('',#3397,.T.);
#3697=FACE_BOUND('',#3398,.T.);
#3698=FACE_BOUND('',#3399,.T.);
#3699=FACE_BOUND('',#3400,.T.);
#3700=FACE_BOUND('',#3401,.T.);
#3701=FACE_BOUND('',#3402,.T.);
#3702=FACE_BOUND('',#3403,.T.);
#3703=FACE_BOUND('',#3404,.T.);
#3704=FACE_BOUND('',#3405,.T.);
#3705=FACE_BOUND('',#3406,.T.);
#3706=FACE_BOUND('',#3407,.T.);
#3707=FACE_BOUND('',#3408,.T.);
#3708=FACE_BOUND('',#3409,.T.);
#3709=FACE_BOUND('',#3410,.T.);
#3710=FACE_BOUND('',#3411,.T.);
#3711=FACE_BOUND('',#3412,.T.);
#3712=FACE_BOUND('',#3413,.T.);
#3713=FACE_BOUND('',#3414,.T.);
#3714=FACE_BOUND('',#3415,.T.);
#3715=FACE_BOUND('',#3416,.T.);
#3716=FACE_BOUND('',#3417,.T.);
#3717=FACE_BOUND('',#3418,.T.);
#3718=FACE_BOUND('',#3419,.T.);
#3719=FACE_BOUND('',#3420,.T.);
#3720=FACE_BOUND('',#3421,.T.);
#3721=FACE_BOUND('',#3422,.T.);
#3722=FACE_BOUND('',#3423,.T.);
#3723=FACE_BOUND('',#3424,.T.);
#3724=FACE_BOUND('',#3425,.T.);
#3725=FACE_BOUND('',#3426,.T.);
#3726=FACE_BOUND('',#3427,.T.);
#3727=FACE_BOUND('',#3428,.T.);
#3728=FACE_BOUND('',#3429,.T.);
#3729=FACE_BOUND('',#3430,.T.);
#3730=FACE_BOUND('',#3431,.T.);
#3731=FACE_BOUND('',#3432,.T.);
#3732=FACE_BOUND('',#3433,.T.);
#3733=FACE_BOUND('',#3434,.T.);
#3734=FACE_BOUND('',#3435,.T.);
#3735=FACE_BOUND('',#3436,.T.);
#3736=FACE_BOUND('',#3437,.T.);
#3737=FACE_BOUND('',#3438,.T.);
#3738=FACE_BOUND('',#3439,.T.);
#3739=FACE_BOUND('',#3440,.T.);
#3740=FACE_BOUND('',#3441,.T.);
#3741=FACE_BOUND('',#3442,.T.);
#3742=FACE_BOUND('',#3443,.T.);
#3743=FACE_BOUND('',#3444,.T.);
#3744=FACE_BOUND('',#3445,.T.);
#3745=FACE_BOUND('',#3446,.T.);
#3746=FACE_BOUND('',#3447,.T.);
#3747=FACE_BOUND('',#3448,.T.);
#3748=FACE_BOUND('',#3449,.T.);
#3749=FACE_BOUND('',#3450,.T.);
#3750=FACE_BOUND('',#3451,.T.);
#3751=FACE_BOUND('',#3452,.T.);
#3752=FACE_BOUND('',#3453,.T.);
#3753=FACE_BOUND('',#3454,.T.);
#3754=FACE_BOUND('',#3455,.T.);
#3755=FACE_BOUND('',#3456,.T.);
#3756=FACE_BOUND('',#3457,.T.);
#3757=FACE_BOUND('',#3458,.T.);
#3758=FACE_BOUND('',#3459,.T.);
#3759=FACE_BOUND('',#3460,.T.);
#3760=FACE_BOUND('',#3461,.T.);
#3761=FACE_BOUND('',#3462,.T.);
#3762=FACE_BOUND('',#3463,.T.);
#3763=FACE_BOUND('',#3464,.T.);
#3764=FACE_BOUND('',#3465,.T.);
#3765=FACE_BOUND('',#3466,.T.);
#3766=FACE_BOUND('',#3467,.T.);
#3767=FACE_BOUND('',#3468,.T.);
#3768=FACE_BOUND('',#3469,.T.);
#3769=FACE_BOUND('',#3470,.T.);
#3770=FACE_BOUND('',#3471,.T.);
#3771=FACE_BOUND('',#3472,.T.);
#3772=FACE_BOUND('',#3473,.T.);
#3773=FACE_BOUND('',#3474,.T.);
#3774=FACE_BOUND('',#3475,.T.);
#3775=FACE_BOUND('',#3476,.T.);
#3776=FACE_BOUND('',#3477,.T.);
#3777=FACE_BOUND('',#3478,.T.);
#3778=FACE_BOUND('',#3479,.T.);
#3779=FACE_BOUND('',#3480,.T.);
#3780=FACE_BOUND('',#3481,.T.);
#3781=FACE_BOUND('',#3482,.T.);
#3782=FACE_BOUND('',#3483,.T.);
#3783=FACE_BOUND('',#3484,.T.);
#3784=FACE_BOUND('',#3485,.T.);
#3785=FACE_BOUND('',#3486,.T.);
#3786=FACE_BOUND('',#3487,.T.);
#3787=FACE_BOUND('',#3488,.T.);
#3788=FACE_BOUND('',#3489,.T.);
#3789=FACE_BOUND('',#3490,.T.);
#3790=FACE_BOUND('',#3491,.T.);
#3791=FACE_BOUND('',#3492,.T.);
#3792=FACE_BOUND('',#3493,.T.);
#3793=FACE_BOUND('',#3494,.T.);
#3794=FACE_BOUND('',#3495,.T.);
#3795=FACE_BOUND('',#3496,.T.);
#3796=FACE_BOUND('',#3497,.T.);
#3797=FACE_BOUND('',#3498,.T.);
#3798=FACE_BOUND('',#3499,.T.);
#3799=FACE_BOUND('',#3500,.T.);
#3800=FACE_BOUND('',#3501,.T.);
#3801=FACE_BOUND('',#3502,.T.);
#3802=FACE_BOUND('',#3503,.T.);
#3803=FACE_BOUND('',#3504,.T.);
#3804=FACE_BOUND('',#3505,.T.);
#3805=FACE_BOUND('',#3506,.T.);
#3806=FACE_BOUND('',#3507,.T.);
#3807=FACE_BOUND('',#3508,.T.);
#3808=FACE_BOUND('',#3509,.T.);
#3809=FACE_BOUND('',#3510,.T.);
#3810=FACE_BOUND('',#3511,.T.);
#3811=PLANE('',#4312);
#3812=PLANE('',#4313);
#3813=PLANE('',#4314);
#3814=PLANE('',#4315);
#3815=PLANE('',#4316);
#3816=PLANE('',#4317);
#3817=PLANE('',#4318);
#3818=PLANE('',#4319);
#3819=PLANE('',#4320);
#3820=PLANE('',#4321);
#3821=PLANE('',#4322);
#3822=PLANE('',#4323);
#3823=PLANE('',#4324);
#3824=PLANE('',#4325);
#3825=PLANE('',#4326);
#3826=PLANE('',#4327);
#3827=PLANE('',#4328);
#3828=PLANE('',#4329);
#3829=PLANE('',#4330);
#3830=PLANE('',#4331);
#3831=PLANE('',#4332);
#3832=PLANE('',#4333);
#3833=PLANE('',#4334);
#3834=PLANE('',#4335);
#3835=PLANE('',#4336);
#3836=PLANE('',#4337);
#3837=PLANE('',#4338);
#3838=PLANE('',#4339);
#3839=PLANE('',#4340);
#3840=PLANE('',#4341);
#3841=PLANE('',#4342);
#3842=PLANE('',#4343);
#3843=PLANE('',#4344);
#3844=PLANE('',#4345);
#3845=PLANE('',#4346);
#3846=PLANE('',#4347);
#3847=PLANE('',#4348);
#3848=PLANE('',#4349);
#3849=PLANE('',#4350);
#3850=PLANE('',#4351);
#3851=PLANE('',#4352);
#3852=PLANE('',#4353);
#3853=PLANE('',#4354);
#3854=PLANE('',#4355);
#3855=PLANE('',#4356);
#3856=PLANE('',#4357);
#3857=PLANE('',#4358);
#3858=PLANE('',#4359);
#3859=PLANE('',#4360);
#3860=PLANE('',#4361);
#3861=PLANE('',#4362);
#3862=PLANE('',#4363);
#3863=PLANE('',#4364);
#3864=PLANE('',#4365);
#3865=PLANE('',#4366);
#3866=PLANE('',#4367);
#3867=PLANE('',#4368);
#3868=PLANE('',#4369);
#3869=PLANE('',#4370);
#3870=PLANE('',#4371);
#3871=PLANE('',#4372);
#3872=PLANE('',#4373);
#3873=PLANE('',#4374);
#3874=PLANE('',#4375);
#3875=PLANE('',#4376);
#3876=PLANE('',#4377);
#3877=PLANE('',#4378);
#3878=PLANE('',#4379);
#3879=PLANE('',#4380);
#3880=PLANE('',#4381);
#3881=PLANE('',#4382);
#3882=PLANE('',#4383);
#3883=PLANE('',#4384);
#3884=PLANE('',#4385);
#3885=PLANE('',#4386);
#3886=PLANE('',#4387);
#3887=PLANE('',#4388);
#3888=PLANE('',#4397);
#3889=PLANE('',#4398);
#3890=PLANE('',#4399);
#3891=PLANE('',#4400);
#3892=PLANE('',#4402);
#3893=PLANE('',#4410);
#3894=PLANE('',#4412);
#3895=PLANE('',#4414);
#3896=PLANE('',#4416);
#3897=PLANE('',#4420);
#3898=PLANE('',#4425);
#3899=PLANE('',#4430);
#3900=PLANE('',#4435);
#3901=PLANE('',#4439);
#3902=PLANE('',#4442);
#3903=PLANE('',#4445);
#3904=PLANE('',#4448);
#3905=PLANE('',#4454);
#3906=PLANE('',#4468);
#3907=PLANE('',#4469);
#3908=PLANE('',#4470);
#3909=PLANE('',#4471);
#3910=PLANE('',#4472);
#3911=PLANE('',#4473);
#3912=PLANE('',#4474);
#3913=PLANE('',#4475);
#3914=PLANE('',#4476);
#3915=PLANE('',#4477);
#3916=PLANE('',#4478);
#3917=PLANE('',#4479);
#3918=PLANE('',#4480);
#3919=PLANE('',#4481);
#3920=PLANE('',#4482);
#3921=PLANE('',#4483);
#3922=PLANE('',#4484);
#3923=PLANE('',#4485);
#3924=PLANE('',#4486);
#3925=PLANE('',#4487);
#3926=PLANE('',#4488);
#3927=PLANE('',#4489);
#3928=PLANE('',#4490);
#3929=PLANE('',#4491);
#3930=PLANE('',#4492);
#3931=PLANE('',#4493);
#3932=PLANE('',#4494);
#3933=PLANE('',#4495);
#3934=PLANE('',#4496);
#3935=PLANE('',#4497);
#3936=PLANE('',#4498);
#3937=PLANE('',#4499);
#3938=PLANE('',#4500);
#3939=PLANE('',#4501);
#3940=PLANE('',#4502);
#3941=PLANE('',#4503);
#3942=PLANE('',#4533);
#3943=PLANE('',#4534);
#3944=PLANE('',#4535);
#3945=PLANE('',#4542);
#3946=PLANE('',#4545);
#3947=PLANE('',#4546);
#3948=PLANE('',#4547);
#3949=PLANE('',#4548);
#3950=PLANE('',#4549);
#3951=PLANE('',#4550);
#3952=PLANE('',#4551);
#3953=PLANE('',#4552);
#3954=PLANE('',#4553);
#3955=PLANE('',#4554);
#3956=PLANE('',#4555);
#3957=PLANE('',#4556);
#3958=PLANE('',#4557);
#3959=PLANE('',#4558);
#3960=PLANE('',#4559);
#3961=PLANE('',#4560);
#3962=PLANE('',#4561);
#3963=PLANE('',#4562);
#3964=PLANE('',#4563);
#3965=PLANE('',#4565);
#3966=PLANE('',#4568);
#3967=PLANE('',#4570);
#3968=PLANE('',#4574);
#3969=PLANE('',#4575);
#3970=PLANE('',#4576);
#3971=PLANE('',#4577);
#3972=PLANE('',#4581);
#3973=PLANE('',#4585);
#3974=PLANE('',#4589);
#3975=PLANE('',#4593);
#3976=PLANE('',#4594);
#3977=PLANE('',#4595);
#3978=PLANE('',#4596);
#3979=PLANE('',#4597);
#3980=PLANE('',#4598);
#3981=PLANE('',#4599);
#3982=PLANE('',#4600);
#3983=PLANE('',#4601);
#3984=PLANE('',#4602);
#3985=PLANE('',#4603);
#3986=PLANE('',#4604);
#3987=PLANE('',#4605);
#3988=PLANE('',#4606);
#3989=PLANE('',#4607);
#3990=PLANE('',#4608);
#3991=PLANE('',#4610);
#3992=PLANE('',#4613);
#3993=PLANE('',#4615);
#3994=PLANE('',#4622);
#3995=PLANE('',#4623);
#3996=PLANE('',#4629);
#3997=PLANE('',#4630);
#3998=PLANE('',#4631);
#3999=PLANE('',#4632);
#4000=PLANE('',#4633);
#4001=PLANE('',#4634);
#4002=PLANE('',#4635);
#4003=PLANE('',#4636);
#4004=PLANE('',#4637);
#4005=PLANE('',#4638);
#4006=PLANE('',#4639);
#4007=ADVANCED_FACE('',(#3512),#3811,.F.);
#4008=ADVANCED_FACE('',(#3513),#3812,.F.);
#4009=ADVANCED_FACE('',(#3514),#3813,.F.);
#4010=ADVANCED_FACE('',(#3515),#3814,.F.);
#4011=ADVANCED_FACE('',(#3516),#3815,.F.);
#4012=ADVANCED_FACE('',(#3517),#3816,.F.);
#4013=ADVANCED_FACE('',(#3518),#3817,.F.);
#4014=ADVANCED_FACE('',(#3519),#3818,.F.);
#4015=ADVANCED_FACE('',(#3520),#3819,.F.);
#4016=ADVANCED_FACE('',(#3521),#3820,.F.);
#4017=ADVANCED_FACE('',(#3522),#3821,.F.);
#4018=ADVANCED_FACE('',(#3523),#3822,.F.);
#4019=ADVANCED_FACE('',(#3524),#3823,.F.);
#4020=ADVANCED_FACE('',(#3525),#3824,.F.);
#4021=ADVANCED_FACE('',(#3526),#3825,.F.);
#4022=ADVANCED_FACE('',(#3527),#3826,.F.);
#4023=ADVANCED_FACE('',(#3528),#3827,.F.);
#4024=ADVANCED_FACE('',(#3529),#3828,.F.);
#4025=ADVANCED_FACE('',(#3530),#3829,.F.);
#4026=ADVANCED_FACE('',(#3531),#3830,.F.);
#4027=ADVANCED_FACE('',(#3532),#3831,.F.);
#4028=ADVANCED_FACE('',(#3533),#3832,.F.);
#4029=ADVANCED_FACE('',(#3534),#3833,.F.);
#4030=ADVANCED_FACE('',(#3535),#3834,.F.);
#4031=ADVANCED_FACE('',(#3536),#3835,.F.);
#4032=ADVANCED_FACE('',(#3537),#3836,.F.);
#4033=ADVANCED_FACE('',(#3538),#3837,.F.);
#4034=ADVANCED_FACE('',(#3539),#3838,.F.);
#4035=ADVANCED_FACE('',(#3540),#3839,.F.);
#4036=ADVANCED_FACE('',(#3541),#3840,.F.);
#4037=ADVANCED_FACE('',(#3542),#3841,.F.);
#4038=ADVANCED_FACE('',(#3543),#3842,.F.);
#4039=ADVANCED_FACE('',(#3544),#3843,.F.);
#4040=ADVANCED_FACE('',(#3545),#3844,.F.);
#4041=ADVANCED_FACE('',(#3546),#3845,.F.);
#4042=ADVANCED_FACE('',(#3547),#3846,.F.);
#4043=ADVANCED_FACE('',(#3548),#3847,.F.);
#4044=ADVANCED_FACE('',(#3549),#3848,.F.);
#4045=ADVANCED_FACE('',(#3550),#3849,.F.);
#4046=ADVANCED_FACE('',(#3551),#3850,.F.);
#4047=ADVANCED_FACE('',(#3552),#3851,.F.);
#4048=ADVANCED_FACE('',(#3553),#3852,.F.);
#4049=ADVANCED_FACE('',(#3554),#3853,.F.);
#4050=ADVANCED_FACE('',(#3555),#3854,.F.);
#4051=ADVANCED_FACE('',(#3556),#3855,.F.);
#4052=ADVANCED_FACE('',(#3557),#3856,.F.);
#4053=ADVANCED_FACE('',(#3558),#3857,.F.);
#4054=ADVANCED_FACE('',(#3559),#3858,.F.);
#4055=ADVANCED_FACE('',(#3560),#3859,.F.);
#4056=ADVANCED_FACE('',(#3561),#3860,.F.);
#4057=ADVANCED_FACE('',(#3562),#3861,.F.);
#4058=ADVANCED_FACE('',(#3563),#3862,.F.);
#4059=ADVANCED_FACE('',(#3564),#3863,.F.);
#4060=ADVANCED_FACE('',(#3565),#3864,.F.);
#4061=ADVANCED_FACE('',(#3566),#3865,.F.);
#4062=ADVANCED_FACE('',(#3567),#3866,.F.);
#4063=ADVANCED_FACE('',(#3568),#3867,.F.);
#4064=ADVANCED_FACE('',(#3569),#3868,.F.);
#4065=ADVANCED_FACE('',(#3570),#3869,.F.);
#4066=ADVANCED_FACE('',(#3571),#3870,.F.);
#4067=ADVANCED_FACE('',(#3572),#3871,.F.);
#4068=ADVANCED_FACE('',(#3573),#3872,.F.);
#4069=ADVANCED_FACE('',(#3574),#3873,.F.);
#4070=ADVANCED_FACE('',(#3575),#3874,.F.);
#4071=ADVANCED_FACE('',(#3576),#3875,.F.);
#4072=ADVANCED_FACE('',(#3577),#3876,.F.);
#4073=ADVANCED_FACE('',(#3578),#3877,.F.);
#4074=ADVANCED_FACE('',(#3579),#3878,.F.);
#4075=ADVANCED_FACE('',(#3580),#3879,.F.);
#4076=ADVANCED_FACE('',(#3581),#3880,.F.);
#4077=ADVANCED_FACE('',(#3582),#3881,.F.);
#4078=ADVANCED_FACE('',(#3583),#3882,.F.);
#4079=ADVANCED_FACE('',(#3584),#3883,.F.);
#4080=ADVANCED_FACE('',(#3585),#3884,.F.);
#4081=ADVANCED_FACE('',(#3586),#3885,.F.);
#4082=ADVANCED_FACE('',(#3587),#3886,.F.);
#4083=ADVANCED_FACE('',(#3588,#3589,#3590,#3591,#3592,#3593),#3887,.F.);
#4084=ADVANCED_FACE('',(#3594),#3888,.T.);
#4085=ADVANCED_FACE('',(#3595),#3889,.T.);
#4086=ADVANCED_FACE('',(#3596),#3890,.T.);
#4087=ADVANCED_FACE('',(#3597,#3598),#3891,.F.);
#4088=ADVANCED_FACE('',(#3599,#3600),#3892,.T.);
#4089=ADVANCED_FACE('',(#3601,#3602),#63,.F.);
#4090=ADVANCED_FACE('',(#3603),#27,.T.);
#4091=ADVANCED_FACE('',(#3604),#3893,.F.);
#4092=ADVANCED_FACE('',(#3605),#28,.T.);
#4093=ADVANCED_FACE('',(#3606),#3894,.T.);
#4094=ADVANCED_FACE('',(#3607),#29,.T.);
#4095=ADVANCED_FACE('',(#3608),#3895,.T.);
#4096=ADVANCED_FACE('',(#3609),#30,.T.);
#4097=ADVANCED_FACE('',(#3610),#3896,.F.);
#4098=ADVANCED_FACE('',(#3611,#3612),#31,.T.);
#4099=ADVANCED_FACE('',(#3613,#3614),#3897,.T.);
#4100=ADVANCED_FACE('',(#3615,#3616),#32,.T.);
#4101=ADVANCED_FACE('',(#3617,#3618),#3898,.T.);
#4102=ADVANCED_FACE('',(#3619,#3620),#33,.T.);
#4103=ADVANCED_FACE('',(#3621,#3622),#3899,.T.);
#4104=ADVANCED_FACE('',(#3623,#3624),#34,.T.);
#4105=ADVANCED_FACE('',(#3625,#3626),#3900,.T.);
#4106=ADVANCED_FACE('',(#3627,#3628),#35,.F.);
#4107=ADVANCED_FACE('',(#3629),#3901,.T.);
#4108=ADVANCED_FACE('',(#3630,#3631),#36,.F.);
#4109=ADVANCED_FACE('',(#3632),#3902,.T.);
#4110=ADVANCED_FACE('',(#3633,#3634),#37,.F.);
#4111=ADVANCED_FACE('',(#3635),#3903,.T.);
#4112=ADVANCED_FACE('',(#3636,#3637),#38,.F.);
#4113=ADVANCED_FACE('',(#3638),#3904,.T.);
#4114=ADVANCED_FACE('',(#3639,#3640),#64,.T.);
#4115=ADVANCED_FACE('',(#3641,#3642),#65,.T.);
#4116=ADVANCED_FACE('',(#3643,#3644),#66,.T.);
#4117=ADVANCED_FACE('',(#3645,#3646),#67,.T.);
#4118=ADVANCED_FACE('',(#3647,#3648,#3649,#3650,#3651,#3652,#3653,#3654),
#3905,.F.);
#4119=ADVANCED_FACE('',(#3655),#3906,.F.);
#4120=ADVANCED_FACE('',(#3656),#3907,.F.);
#4121=ADVANCED_FACE('',(#3657),#3908,.T.);
#4122=ADVANCED_FACE('',(#3658),#3909,.T.);
#4123=ADVANCED_FACE('',(#3659),#3910,.T.);
#4124=ADVANCED_FACE('',(#3660),#3911,.T.);
#4125=ADVANCED_FACE('',(#3661),#3912,.F.);
#4126=ADVANCED_FACE('',(#3662),#3913,.F.);
#4127=ADVANCED_FACE('',(#3663),#3914,.F.);
#4128=ADVANCED_FACE('',(#3664),#3915,.T.);
#4129=ADVANCED_FACE('',(#3665),#3916,.F.);
#4130=ADVANCED_FACE('',(#3666),#3917,.F.);
#4131=ADVANCED_FACE('',(#3667),#3918,.F.);
#4132=ADVANCED_FACE('',(#3668),#3919,.F.);
#4133=ADVANCED_FACE('',(#3669),#3920,.F.);
#4134=ADVANCED_FACE('',(#3670),#3921,.F.);
#4135=ADVANCED_FACE('',(#3671),#3922,.F.);
#4136=ADVANCED_FACE('',(#3672),#3923,.F.);
#4137=ADVANCED_FACE('',(#3673),#3924,.F.);
#4138=ADVANCED_FACE('',(#3674),#3925,.F.);
#4139=ADVANCED_FACE('',(#3675),#3926,.F.);
#4140=ADVANCED_FACE('',(#3676),#3927,.F.);
#4141=ADVANCED_FACE('',(#3677),#3928,.F.);
#4142=ADVANCED_FACE('',(#3678),#3929,.F.);
#4143=ADVANCED_FACE('',(#3679),#3930,.F.);
#4144=ADVANCED_FACE('',(#3680),#3931,.F.);
#4145=ADVANCED_FACE('',(#3681),#3932,.F.);
#4146=ADVANCED_FACE('',(#3682),#3933,.F.);
#4147=ADVANCED_FACE('',(#3683),#3934,.F.);
#4148=ADVANCED_FACE('',(#3684),#3935,.F.);
#4149=ADVANCED_FACE('',(#3685),#3936,.F.);
#4150=ADVANCED_FACE('',(#3686),#3937,.T.);
#4151=ADVANCED_FACE('',(#3687),#3938,.F.);
#4152=ADVANCED_FACE('',(#3688),#3939,.F.);
#4153=ADVANCED_FACE('',(#3689),#3940,.T.);
#4154=ADVANCED_FACE('',(#3690,#3691,#3692,#3693,#3694,#3695),#3941,.T.);
#4155=ADVANCED_FACE('',(#3696),#39,.T.);
#4156=ADVANCED_FACE('',(#3697),#40,.T.);
#4157=ADVANCED_FACE('',(#3698,#3699),#41,.F.);
#4158=ADVANCED_FACE('',(#3700,#3701),#42,.F.);
#4159=ADVANCED_FACE('',(#3702,#3703),#43,.F.);
#4160=ADVANCED_FACE('',(#3704,#3705),#44,.F.);
#4161=ADVANCED_FACE('',(#3706,#3707),#68,.F.);
#4162=ADVANCED_FACE('',(#3708,#3709),#69,.F.);
#4163=ADVANCED_FACE('',(#3710,#3711),#70,.F.);
#4164=ADVANCED_FACE('',(#3712,#3713),#71,.F.);
#4165=ADVANCED_FACE('',(#3714,#3715),#45,.F.);
#4166=ADVANCED_FACE('',(#3716),#3942,.T.);
#4167=ADVANCED_FACE('',(#3717),#3943,.T.);
#4168=ADVANCED_FACE('',(#3718),#3944,.F.);
#4169=ADVANCED_FACE('',(#3719),#46,.T.);
#4170=ADVANCED_FACE('',(#3720),#47,.T.);
#4171=ADVANCED_FACE('',(#3721),#48,.F.);
#4172=ADVANCED_FACE('',(#3722),#49,.F.);
#4173=ADVANCED_FACE('',(#3723),#50,.T.);
#4174=ADVANCED_FACE('',(#3724),#51,.T.);
#4175=ADVANCED_FACE('',(#3725,#3726),#3945,.F.);
#4176=ADVANCED_FACE('',(#3727,#3728),#52,.T.);
#4177=ADVANCED_FACE('',(#3729),#3946,.T.);
#4178=ADVANCED_FACE('',(#3730),#3947,.T.);
#4179=ADVANCED_FACE('',(#3731),#3948,.T.);
#4180=ADVANCED_FACE('',(#3732),#3949,.T.);
#4181=ADVANCED_FACE('',(#3733),#3950,.T.);
#4182=ADVANCED_FACE('',(#3734),#3951,.T.);
#4183=ADVANCED_FACE('',(#3735),#3952,.T.);
#4184=ADVANCED_FACE('',(#3736),#3953,.T.);
#4185=ADVANCED_FACE('',(#3737),#3954,.T.);
#4186=ADVANCED_FACE('',(#3738),#3955,.T.);
#4187=ADVANCED_FACE('',(#3739),#3956,.T.);
#4188=ADVANCED_FACE('',(#3740),#3957,.T.);
#4189=ADVANCED_FACE('',(#3741),#3958,.T.);
#4190=ADVANCED_FACE('',(#3742),#3959,.F.);
#4191=ADVANCED_FACE('',(#3743),#3960,.T.);
#4192=ADVANCED_FACE('',(#3744),#3961,.T.);
#4193=ADVANCED_FACE('',(#3745),#3962,.T.);
#4194=ADVANCED_FACE('',(#3746),#3963,.F.);
#4195=ADVANCED_FACE('',(#3747),#3964,.F.);
#4196=ADVANCED_FACE('',(#3748),#3965,.T.);
#4197=ADVANCED_FACE('',(#3749,#3750),#53,.F.);
#4198=ADVANCED_FACE('',(#3751),#3966,.F.);
#4199=ADVANCED_FACE('',(#3752),#3967,.T.);
#4200=ADVANCED_FACE('',(#3753,#3754),#54,.F.);
#4201=ADVANCED_FACE('',(#3755),#3968,.T.);
#4202=ADVANCED_FACE('',(#3756,#3757),#3969,.F.);
#4203=ADVANCED_FACE('',(#3758),#3970,.F.);
#4204=ADVANCED_FACE('',(#3759),#3971,.T.);
#4205=ADVANCED_FACE('',(#3760),#55,.T.);
#4206=ADVANCED_FACE('',(#3761),#3972,.T.);
#4207=ADVANCED_FACE('',(#3762),#56,.T.);
#4208=ADVANCED_FACE('',(#3763),#3973,.F.);
#4209=ADVANCED_FACE('',(#3764),#57,.T.);
#4210=ADVANCED_FACE('',(#3765),#3974,.F.);
#4211=ADVANCED_FACE('',(#3766),#58,.T.);
#4212=ADVANCED_FACE('',(#3767,#3768),#3975,.T.);
#4213=ADVANCED_FACE('',(#3769,#3770),#3976,.F.);
#4214=ADVANCED_FACE('',(#3771),#3977,.F.);
#4215=ADVANCED_FACE('',(#3772),#3978,.T.);
#4216=ADVANCED_FACE('',(#3773),#3979,.T.);
#4217=ADVANCED_FACE('',(#3774),#3980,.F.);
#4218=ADVANCED_FACE('',(#3775),#3981,.T.);
#4219=ADVANCED_FACE('',(#3776),#3982,.T.);
#4220=ADVANCED_FACE('',(#3777),#3983,.F.);
#4221=ADVANCED_FACE('',(#3778),#3984,.F.);
#4222=ADVANCED_FACE('',(#3779),#3985,.F.);
#4223=ADVANCED_FACE('',(#3780),#3986,.T.);
#4224=ADVANCED_FACE('',(#3781),#3987,.F.);
#4225=ADVANCED_FACE('',(#3782),#3988,.T.);
#4226=ADVANCED_FACE('',(#3783),#3989,.F.);
#4227=ADVANCED_FACE('',(#3784),#3990,.F.);
#4228=ADVANCED_FACE('',(#3785),#3991,.F.);
#4229=ADVANCED_FACE('',(#3786,#3787),#59,.F.);
#4230=ADVANCED_FACE('',(#3788),#3992,.F.);
#4231=ADVANCED_FACE('',(#3789),#3993,.F.);
#4232=ADVANCED_FACE('',(#3790,#3791),#60,.F.);
#4233=ADVANCED_FACE('',(#3792,#3793),#61,.T.);
#4234=ADVANCED_FACE('',(#3794),#3994,.F.);
#4235=ADVANCED_FACE('',(#3795,#3796),#3995,.T.);
#4236=ADVANCED_FACE('',(#3797,#3798),#62,.T.);
#4237=ADVANCED_FACE('',(#3799),#10,.T.);
#4238=ADVANCED_FACE('',(#3800),#3996,.F.);
#4239=ADVANCED_FACE('',(#3801),#3997,.F.);
#4240=ADVANCED_FACE('',(#3802),#3998,.F.);
#4241=ADVANCED_FACE('',(#3803),#3999,.F.);
#4242=ADVANCED_FACE('',(#3804),#4000,.F.);
#4243=ADVANCED_FACE('',(#3805),#4001,.T.);
#4244=ADVANCED_FACE('',(#3806),#4002,.T.);
#4245=ADVANCED_FACE('',(#3807),#4003,.F.);
#4246=ADVANCED_FACE('',(#3808),#4004,.F.);
#4247=ADVANCED_FACE('',(#3809),#4005,.T.);
#4248=ADVANCED_FACE('',(#3810),#4006,.T.);
#4249=CLOSED_SHELL('',(#4007,#4008,#4009,#4010,#4011,#4012,#4013,#4014,
#4015,#4016,#4017,#4018,#4019,#4020,#4021,#4022,#4023,#4024,#4025,#4026,
#4027,#4028,#4029,#4030,#4031,#4032,#4033,#4034,#4035,#4036,#4037,#4038,
#4039,#4040,#4041,#4042,#4043,#4044,#4045,#4046,#4047,#4048,#4049,#4050,
#4051,#4052,#4053,#4054,#4055,#4056,#4057,#4058,#4059,#4060,#4061,#4062,
#4063,#4064,#4065,#4066,#4067,#4068,#4069,#4070,#4071,#4072,#4073,#4074,
#4075,#4076,#4077,#4078,#4079,#4080,#4081,#4082,#4083,#4084,#4085,#4086,
#4087,#4088,#4089,#4090,#4091,#4092,#4093,#4094,#4095,#4096,#4097,#4098,
#4099,#4100,#4101,#4102,#4103,#4104,#4105,#4106,#4107,#4108,#4109,#4110,
#4111,#4112,#4113,#4114,#4115,#4116,#4117));
#4250=CLOSED_SHELL('',(#4118,#4119,#4120,#4121,#4122,#4123,#4124,#4125,
#4126,#4127,#4128,#4129,#4130,#4131,#4132,#4133,#4134,#4135,#4136,#4137,
#4138,#4139,#4140,#4141,#4142,#4143,#4144,#4145,#4146,#4147,#4148,#4149,
#4150,#4151,#4152,#4153,#4154,#4155,#4156,#4157,#4158,#4159,#4160,#4161,
#4162,#4163,#4164,#4165,#4166,#4167,#4168,#4169,#4170,#4171,#4172,#4173,
#4174,#4175,#4176,#4177,#4178,#4179,#4180,#4181,#4182,#4183,#4184,#4185,
#4186,#4187,#4188,#4189,#4190,#4191,#4192,#4193,#4194));
#4251=CLOSED_SHELL('',(#4195,#4196,#4197));
#4252=CLOSED_SHELL('',(#4198,#4199,#4200));
#4253=CLOSED_SHELL('',(#4201,#4202,#4203,#4204,#4205,#4206,#4207,#4208,
#4209,#4210,#4211,#4212,#4213,#4214,#4215,#4216,#4217,#4218,#4219,#4220,
#4221,#4222,#4223,#4224,#4225,#4226));
#4254=CLOSED_SHELL('',(#4227,#4228,#4229));
#4255=CLOSED_SHELL('',(#4230,#4231,#4232));
#4256=CLOSED_SHELL('',(#4233,#4234,#4235,#4236,#4237));
#4257=CLOSED_SHELL('',(#4238,#4239,#4240,#4241,#4242,#4243,#4244,#4245,
#4246,#4247,#4248));
#4258=STYLED_ITEM('',(#4263),#4298);
#4259=STYLED_ITEM('',(#4264),#15);
#4260=STYLED_ITEM('',(#4265),#16);
#4261=STYLED_ITEM('',(#4266),#4299);
#4262=STYLED_ITEM('',(#4267),#4300);
#4263=PRESENTATION_STYLE_ASSIGNMENT((#4268));
#4264=PRESENTATION_STYLE_ASSIGNMENT((#4269));
#4265=PRESENTATION_STYLE_ASSIGNMENT((#4270));
#4266=PRESENTATION_STYLE_ASSIGNMENT((#4271));
#4267=PRESENTATION_STYLE_ASSIGNMENT((#4272));
#4268=SURFACE_STYLE_USAGE(.BOTH.,#4273);
#4269=SURFACE_STYLE_USAGE(.BOTH.,#4274);
#4270=SURFACE_STYLE_USAGE(.BOTH.,#4275);
#4271=SURFACE_STYLE_USAGE(.BOTH.,#4276);
#4272=SURFACE_STYLE_USAGE(.BOTH.,#4277);
#4273=SURFACE_SIDE_STYLE('',(#4278));
#4274=SURFACE_SIDE_STYLE('',(#4279));
#4275=SURFACE_SIDE_STYLE('',(#4280));
#4276=SURFACE_SIDE_STYLE('',(#4281));
#4277=SURFACE_SIDE_STYLE('',(#4282));
#4278=SURFACE_STYLE_FILL_AREA(#4283);
#4279=SURFACE_STYLE_FILL_AREA(#4284);
#4280=SURFACE_STYLE_FILL_AREA(#4285);
#4281=SURFACE_STYLE_FILL_AREA(#4286);
#4282=SURFACE_STYLE_FILL_AREA(#4287);
#4283=FILL_AREA_STYLE('',(#4288));
#4284=FILL_AREA_STYLE('',(#4289));
#4285=FILL_AREA_STYLE('',(#4290));
#4286=FILL_AREA_STYLE('',(#4291));
#4287=FILL_AREA_STYLE('',(#4292));
#4288=FILL_AREA_STYLE_COLOUR('',#4293);
#4289=FILL_AREA_STYLE_COLOUR('',#4294);
#4290=FILL_AREA_STYLE_COLOUR('',#4295);
#4291=FILL_AREA_STYLE_COLOUR('',#4296);
#4292=FILL_AREA_STYLE_COLOUR('',#4297);
#4293=COLOUR_RGB('',0.980392156862745,0.713725490196078,0.00392156862745098);
#4294=COLOUR_RGB('',0.615686274509804,0.811764705882353,0.929411764705882);
#4295=COLOUR_RGB('',0.647058823529412,0.647058823529412,0.647058823529412);
#4296=COLOUR_RGB('',0.231372549019608,0.380392156862745,0.705882352941177);
#4297=COLOUR_RGB('',0.917647058823529,0.917647058823529,0.917647058823529);
#4298=MANIFOLD_SOLID_BREP('Part 207',#4249);
#4299=MANIFOLD_SOLID_BREP('Part 210',#4256);
#4300=MANIFOLD_SOLID_BREP('Part 211',#4257);
#4301=SHAPE_DEFINITION_REPRESENTATION(#7015,#4306);
#4302=SHAPE_DEFINITION_REPRESENTATION(#7016,#4307);
#4303=SHAPE_DEFINITION_REPRESENTATION(#7017,#4308);
#4304=SHAPE_DEFINITION_REPRESENTATION(#7018,#4309);
#4305=SHAPE_DEFINITION_REPRESENTATION(#7019,#4310);
#4306=SHAPE_REPRESENTATION('Part 207',(#4311),#6990);
#4307=SHAPE_REPRESENTATION('Part 208',(#4453),#6991);
#4308=SHAPE_REPRESENTATION('Part 209',(#4573),#6992);
#4309=SHAPE_REPRESENTATION('Part 210',(#4618),#6993);
#4310=SHAPE_REPRESENTATION('Part 211',(#4628),#6994);
#4311=AXIS2_PLACEMENT_3D('',#5783,#4640,#4641);
#4312=AXIS2_PLACEMENT_3D('',#5784,#4642,#4643);
#4313=AXIS2_PLACEMENT_3D('',#5793,#4648,#4649);
#4314=AXIS2_PLACEMENT_3D('',#5799,#4653,#4654);
#4315=AXIS2_PLACEMENT_3D('',#5805,#4658,#4659);
#4316=AXIS2_PLACEMENT_3D('',#5811,#4663,#4664);
#4317=AXIS2_PLACEMENT_3D('',#5817,#4668,#4669);
#4318=AXIS2_PLACEMENT_3D('',#5823,#4673,#4674);
#4319=AXIS2_PLACEMENT_3D('',#5829,#4678,#4679);
#4320=AXIS2_PLACEMENT_3D('',#5835,#4683,#4684);
#4321=AXIS2_PLACEMENT_3D('',#5841,#4688,#4689);
#4322=AXIS2_PLACEMENT_3D('',#5847,#4693,#4694);
#4323=AXIS2_PLACEMENT_3D('',#5853,#4698,#4699);
#4324=AXIS2_PLACEMENT_3D('',#5859,#4703,#4704);
#4325=AXIS2_PLACEMENT_3D('',#5865,#4708,#4709);
#4326=AXIS2_PLACEMENT_3D('',#5871,#4713,#4714);
#4327=AXIS2_PLACEMENT_3D('',#5877,#4718,#4719);
#4328=AXIS2_PLACEMENT_3D('',#5883,#4723,#4724);
#4329=AXIS2_PLACEMENT_3D('',#5889,#4728,#4729);
#4330=AXIS2_PLACEMENT_3D('',#5895,#4733,#4734);
#4331=AXIS2_PLACEMENT_3D('',#5901,#4738,#4739);
#4332=AXIS2_PLACEMENT_3D('',#5907,#4743,#4744);
#4333=AXIS2_PLACEMENT_3D('',#5913,#4748,#4749);
#4334=AXIS2_PLACEMENT_3D('',#5919,#4753,#4754);
#4335=AXIS2_PLACEMENT_3D('',#5925,#4758,#4759);
#4336=AXIS2_PLACEMENT_3D('',#5931,#4763,#4764);
#4337=AXIS2_PLACEMENT_3D('',#5937,#4768,#4769);
#4338=AXIS2_PLACEMENT_3D('',#5943,#4773,#4774);
#4339=AXIS2_PLACEMENT_3D('',#5949,#4778,#4779);
#4340=AXIS2_PLACEMENT_3D('',#5955,#4783,#4784);
#4341=AXIS2_PLACEMENT_3D('',#5961,#4788,#4789);
#4342=AXIS2_PLACEMENT_3D('',#5967,#4793,#4794);
#4343=AXIS2_PLACEMENT_3D('',#5973,#4798,#4799);
#4344=AXIS2_PLACEMENT_3D('',#5979,#4803,#4804);
#4345=AXIS2_PLACEMENT_3D('',#5985,#4808,#4809);
#4346=AXIS2_PLACEMENT_3D('',#5991,#4813,#4814);
#4347=AXIS2_PLACEMENT_3D('',#5997,#4818,#4819);
#4348=AXIS2_PLACEMENT_3D('',#6003,#4823,#4824);
#4349=AXIS2_PLACEMENT_3D('',#6009,#4828,#4829);
#4350=AXIS2_PLACEMENT_3D('',#6015,#4833,#4834);
#4351=AXIS2_PLACEMENT_3D('',#6021,#4838,#4839);
#4352=AXIS2_PLACEMENT_3D('',#6027,#4843,#4844);
#4353=AXIS2_PLACEMENT_3D('',#6033,#4848,#4849);
#4354=AXIS2_PLACEMENT_3D('',#6039,#4853,#4854);
#4355=AXIS2_PLACEMENT_3D('',#6045,#4858,#4859);
#4356=AXIS2_PLACEMENT_3D('',#6051,#4863,#4864);
#4357=AXIS2_PLACEMENT_3D('',#6057,#4868,#4869);
#4358=AXIS2_PLACEMENT_3D('',#6063,#4873,#4874);
#4359=AXIS2_PLACEMENT_3D('',#6069,#4878,#4879);
#4360=AXIS2_PLACEMENT_3D('',#6075,#4883,#4884);
#4361=AXIS2_PLACEMENT_3D('',#6081,#4888,#4889);
#4362=AXIS2_PLACEMENT_3D('',#6087,#4893,#4894);
#4363=AXIS2_PLACEMENT_3D('',#6093,#4898,#4899);
#4364=AXIS2_PLACEMENT_3D('',#6099,#4903,#4904);
#4365=AXIS2_PLACEMENT_3D('',#6105,#4908,#4909);
#4366=AXIS2_PLACEMENT_3D('',#6111,#4913,#4914);
#4367=AXIS2_PLACEMENT_3D('',#6117,#4918,#4919);
#4368=AXIS2_PLACEMENT_3D('',#6123,#4923,#4924);
#4369=AXIS2_PLACEMENT_3D('',#6129,#4928,#4929);
#4370=AXIS2_PLACEMENT_3D('',#6135,#4933,#4934);
#4371=AXIS2_PLACEMENT_3D('',#6141,#4938,#4939);
#4372=AXIS2_PLACEMENT_3D('',#6147,#4943,#4944);
#4373=AXIS2_PLACEMENT_3D('',#6153,#4948,#4949);
#4374=AXIS2_PLACEMENT_3D('',#6159,#4953,#4954);
#4375=AXIS2_PLACEMENT_3D('',#6165,#4958,#4959);
#4376=AXIS2_PLACEMENT_3D('',#6171,#4963,#4964);
#4377=AXIS2_PLACEMENT_3D('',#6177,#4968,#4969);
#4378=AXIS2_PLACEMENT_3D('',#6183,#4973,#4974);
#4379=AXIS2_PLACEMENT_3D('',#6189,#4978,#4979);
#4380=AXIS2_PLACEMENT_3D('',#6195,#4983,#4984);
#4381=AXIS2_PLACEMENT_3D('',#6201,#4988,#4989);
#4382=AXIS2_PLACEMENT_3D('',#6207,#4993,#4994);
#4383=AXIS2_PLACEMENT_3D('',#6213,#4998,#4999);
#4384=AXIS2_PLACEMENT_3D('',#6219,#5003,#5004);
#4385=AXIS2_PLACEMENT_3D('',#6225,#5008,#5009);
#4386=AXIS2_PLACEMENT_3D('',#6231,#5013,#5014);
#4387=AXIS2_PLACEMENT_3D('',#6237,#5018,#5019);
#4388=AXIS2_PLACEMENT_3D('',#6243,#5023,#5024);
#4389=AXIS2_PLACEMENT_3D('',#6244,#5025,#5026);
#4390=AXIS2_PLACEMENT_3D('',#6246,#5027,#5028);
#4391=AXIS2_PLACEMENT_3D('',#6248,#5029,#5030);
#4392=AXIS2_PLACEMENT_3D('',#6250,#5031,#5032);
#4393=AXIS2_PLACEMENT_3D('',#6257,#5036,#5037);
#4394=AXIS2_PLACEMENT_3D('',#6262,#5039,#5040);
#4395=AXIS2_PLACEMENT_3D('',#6266,#5042,#5043);
#4396=AXIS2_PLACEMENT_3D('',#6270,#5045,#5046);
#4397=AXIS2_PLACEMENT_3D('',#6273,#5048,#5049);
#4398=AXIS2_PLACEMENT_3D('',#6277,#5052,#5053);
#4399=AXIS2_PLACEMENT_3D('',#6281,#5056,#5057);
#4400=AXIS2_PLACEMENT_3D('',#6283,#5059,#5060);
#4401=AXIS2_PLACEMENT_3D('',#6284,#5061,#5062);
#4402=AXIS2_PLACEMENT_3D('',#6286,#5063,#5064);
#4403=AXIS2_PLACEMENT_3D('',#6287,#5065,#5066);
#4404=AXIS2_PLACEMENT_3D('',#6292,#5068,#5069);
#4405=AXIS2_PLACEMENT_3D('',#6296,#5071,#5072);
#4406=AXIS2_PLACEMENT_3D('',#6300,#5074,#5075);
#4407=AXIS2_PLACEMENT_3D('',#6304,#5077,#5078);
#4408=AXIS2_PLACEMENT_3D('',#6305,#5079,#5080);
#4409=AXIS2_PLACEMENT_3D('',#6306,#5081,#5082);
#4410=AXIS2_PLACEMENT_3D('',#6309,#5085,#5086);
#4411=AXIS2_PLACEMENT_3D('',#6311,#5088,#5089);
#4412=AXIS2_PLACEMENT_3D('',#6313,#5091,#5092);
#4413=AXIS2_PLACEMENT_3D('',#6315,#5094,#5095);
#4414=AXIS2_PLACEMENT_3D('',#6317,#5097,#5098);
#4415=AXIS2_PLACEMENT_3D('',#6319,#5100,#5101);
#4416=AXIS2_PLACEMENT_3D('',#6321,#5103,#5104);
#4417=AXIS2_PLACEMENT_3D('',#6322,#5105,#5106);
#4418=AXIS2_PLACEMENT_3D('',#6323,#5107,#5108);
#4419=AXIS2_PLACEMENT_3D('',#6325,#5109,#5110);
#4420=AXIS2_PLACEMENT_3D('',#6327,#5111,#5112);
#4421=AXIS2_PLACEMENT_3D('',#6328,#5113,#5114);
#4422=AXIS2_PLACEMENT_3D('',#6330,#5115,#5116);
#4423=AXIS2_PLACEMENT_3D('',#6331,#5117,#5118);
#4424=AXIS2_PLACEMENT_3D('',#6333,#5119,#5120);
#4425=AXIS2_PLACEMENT_3D('',#6335,#5121,#5122);
#4426=AXIS2_PLACEMENT_3D('',#6336,#5123,#5124);
#4427=AXIS2_PLACEMENT_3D('',#6338,#5125,#5126);
#4428=AXIS2_PLACEMENT_3D('',#6339,#5127,#5128);
#4429=AXIS2_PLACEMENT_3D('',#6341,#5129,#5130);
#4430=AXIS2_PLACEMENT_3D('',#6343,#5131,#5132);
#4431=AXIS2_PLACEMENT_3D('',#6344,#5133,#5134);
#4432=AXIS2_PLACEMENT_3D('',#6346,#5135,#5136);
#4433=AXIS2_PLACEMENT_3D('',#6347,#5137,#5138);
#4434=AXIS2_PLACEMENT_3D('',#6349,#5139,#5140);
#4435=AXIS2_PLACEMENT_3D('',#6351,#5141,#5142);
#4436=AXIS2_PLACEMENT_3D('',#6352,#5143,#5144);
#4437=AXIS2_PLACEMENT_3D('',#6354,#5145,#5146);
#4438=AXIS2_PLACEMENT_3D('',#6355,#5147,#5148);
#4439=AXIS2_PLACEMENT_3D('',#6357,#5149,#5150);
#4440=AXIS2_PLACEMENT_3D('',#6358,#5151,#5152);
#4441=AXIS2_PLACEMENT_3D('',#6359,#5153,#5154);
#4442=AXIS2_PLACEMENT_3D('',#6361,#5155,#5156);
#4443=AXIS2_PLACEMENT_3D('',#6362,#5157,#5158);
#4444=AXIS2_PLACEMENT_3D('',#6363,#5159,#5160);
#4445=AXIS2_PLACEMENT_3D('',#6365,#5161,#5162);
#4446=AXIS2_PLACEMENT_3D('',#6366,#5163,#5164);
#4447=AXIS2_PLACEMENT_3D('',#6367,#5165,#5166);
#4448=AXIS2_PLACEMENT_3D('',#6369,#5167,#5168);
#4449=AXIS2_PLACEMENT_3D('',#6370,#5169,#5170);
#4450=AXIS2_PLACEMENT_3D('',#6371,#5171,#5172);
#4451=AXIS2_PLACEMENT_3D('',#6372,#5173,#5174);
#4452=AXIS2_PLACEMENT_3D('',#6373,#5175,#5176);
#4453=AXIS2_PLACEMENT_3D('',#6374,#5177,#5178);
#4454=AXIS2_PLACEMENT_3D('',#6375,#5179,#5180);
#4455=AXIS2_PLACEMENT_3D('',#6379,#5182,#5183);
#4456=AXIS2_PLACEMENT_3D('',#6383,#5185,#5186);
#4457=AXIS2_PLACEMENT_3D('',#6387,#5188,#5189);
#4458=AXIS2_PLACEMENT_3D('',#6391,#5191,#5192);
#4459=AXIS2_PLACEMENT_3D('',#6395,#5194,#5195);
#4460=AXIS2_PLACEMENT_3D('',#6399,#5197,#5198);
#4461=AXIS2_PLACEMENT_3D('',#6403,#5200,#5201);
#4462=AXIS2_PLACEMENT_3D('',#6407,#5203,#5204);
#4463=AXIS2_PLACEMENT_3D('',#6408,#5205,#5206);
#4464=AXIS2_PLACEMENT_3D('',#6410,#5207,#5208);
#4465=AXIS2_PLACEMENT_3D('',#6412,#5209,#5210);
#4466=AXIS2_PLACEMENT_3D('',#6414,#5211,#5212);
#4467=AXIS2_PLACEMENT_3D('',#6472,#5241,#5242);
#4468=AXIS2_PLACEMENT_3D('',#6474,#5243,#5244);
#4469=AXIS2_PLACEMENT_3D('',#6480,#5248,#5249);
#4470=AXIS2_PLACEMENT_3D('',#6486,#5253,#5254);
#4471=AXIS2_PLACEMENT_3D('',#6490,#5257,#5258);
#4472=AXIS2_PLACEMENT_3D('',#6494,#5261,#5262);
#4473=AXIS2_PLACEMENT_3D('',#6500,#5266,#5267);
#4474=AXIS2_PLACEMENT_3D('',#6506,#5271,#5272);
#4475=AXIS2_PLACEMENT_3D('',#6512,#5276,#5277);
#4476=AXIS2_PLACEMENT_3D('',#6518,#5281,#5282);
#4477=AXIS2_PLACEMENT_3D('',#6524,#5286,#5287);
#4478=AXIS2_PLACEMENT_3D('',#6530,#5291,#5292);
#4479=AXIS2_PLACEMENT_3D('',#6536,#5296,#5297);
#4480=AXIS2_PLACEMENT_3D('',#6542,#5301,#5302);
#4481=AXIS2_PLACEMENT_3D('',#6548,#5306,#5307);
#4482=AXIS2_PLACEMENT_3D('',#6554,#5311,#5312);
#4483=AXIS2_PLACEMENT_3D('',#6557,#5315,#5316);
#4484=AXIS2_PLACEMENT_3D('',#6558,#5317,#5318);
#4485=AXIS2_PLACEMENT_3D('',#6564,#5322,#5323);
#4486=AXIS2_PLACEMENT_3D('',#6568,#5326,#5327);
#4487=AXIS2_PLACEMENT_3D('',#6574,#5331,#5332);
#4488=AXIS2_PLACEMENT_3D('',#6580,#5336,#5337);
#4489=AXIS2_PLACEMENT_3D('',#6586,#5341,#5342);
#4490=AXIS2_PLACEMENT_3D('',#6592,#5346,#5347);
#4491=AXIS2_PLACEMENT_3D('',#6598,#5351,#5352);
#4492=AXIS2_PLACEMENT_3D('',#6604,#5356,#5357);
#4493=AXIS2_PLACEMENT_3D('',#6610,#5361,#5362);
#4494=AXIS2_PLACEMENT_3D('',#6616,#5366,#5367);
#4495=AXIS2_PLACEMENT_3D('',#6622,#5371,#5372);
#4496=AXIS2_PLACEMENT_3D('',#6628,#5376,#5377);
#4497=AXIS2_PLACEMENT_3D('',#6633,#5381,#5382);
#4498=AXIS2_PLACEMENT_3D('',#6635,#5384,#5385);
#4499=AXIS2_PLACEMENT_3D('',#6636,#5386,#5387);
#4500=AXIS2_PLACEMENT_3D('',#6642,#5391,#5392);
#4501=AXIS2_PLACEMENT_3D('',#6648,#5396,#5397);
#4502=AXIS2_PLACEMENT_3D('',#6654,#5401,#5402);
#4503=AXIS2_PLACEMENT_3D('',#6660,#5406,#5407);
#4504=AXIS2_PLACEMENT_3D('',#6661,#5408,#5409);
#4505=AXIS2_PLACEMENT_3D('',#6662,#5410,#5411);
#4506=AXIS2_PLACEMENT_3D('',#6663,#5412,#5413);
#4507=AXIS2_PLACEMENT_3D('',#6664,#5414,#5415);
#4508=AXIS2_PLACEMENT_3D('',#6665,#5416,#5417);
#4509=AXIS2_PLACEMENT_3D('',#6669,#5419,#5420);
#4510=AXIS2_PLACEMENT_3D('',#6673,#5422,#5423);
#4511=AXIS2_PLACEMENT_3D('',#6677,#5425,#5426);
#4512=AXIS2_PLACEMENT_3D('',#6678,#5427,#5428);
#4513=AXIS2_PLACEMENT_3D('',#6680,#5429,#5430);
#4514=AXIS2_PLACEMENT_3D('',#6682,#5431,#5432);
#4515=AXIS2_PLACEMENT_3D('',#6684,#5433,#5434);
#4516=AXIS2_PLACEMENT_3D('',#6686,#5435,#5436);
#4517=AXIS2_PLACEMENT_3D('',#6688,#5437,#5438);
#4518=AXIS2_PLACEMENT_3D('',#6689,#5439,#5440);
#4519=AXIS2_PLACEMENT_3D('',#6690,#5441,#5442);
#4520=AXIS2_PLACEMENT_3D('',#6691,#5443,#5444);
#4521=AXIS2_PLACEMENT_3D('',#6693,#5445,#5446);
#4522=AXIS2_PLACEMENT_3D('',#6694,#5447,#5448);
#4523=AXIS2_PLACEMENT_3D('',#6696,#5449,#5450);
#4524=AXIS2_PLACEMENT_3D('',#6697,#5451,#5452);
#4525=AXIS2_PLACEMENT_3D('',#6699,#5453,#5454);
#4526=AXIS2_PLACEMENT_3D('',#6700,#5455,#5456);
#4527=AXIS2_PLACEMENT_3D('',#6702,#5457,#5458);
#4528=AXIS2_PLACEMENT_3D('',#6703,#5459,#5460);
#4529=AXIS2_PLACEMENT_3D('',#6704,#5461,#5462);
#4530=AXIS2_PLACEMENT_3D('',#6705,#5463,#5464);
#4531=AXIS2_PLACEMENT_3D('',#6706,#5465,#5466);
#4532=AXIS2_PLACEMENT_3D('',#6707,#5467,#5468);
#4533=AXIS2_PLACEMENT_3D('',#6709,#5469,#5470);
#4534=AXIS2_PLACEMENT_3D('',#6712,#5473,#5474);
#4535=AXIS2_PLACEMENT_3D('',#6715,#5477,#5478);
#4536=AXIS2_PLACEMENT_3D('',#6718,#5481,#5482);
#4537=AXIS2_PLACEMENT_3D('',#6719,#5483,#5484);
#4538=AXIS2_PLACEMENT_3D('',#6720,#5485,#5486);
#4539=AXIS2_PLACEMENT_3D('',#6721,#5487,#5488);
#4540=AXIS2_PLACEMENT_3D('',#6722,#5489,#5490);
#4541=AXIS2_PLACEMENT_3D('',#6723,#5491,#5492);
#4542=AXIS2_PLACEMENT_3D('',#6724,#5493,#5494);
#4543=AXIS2_PLACEMENT_3D('',#6725,#5495,#5496);
#4544=AXIS2_PLACEMENT_3D('',#6727,#5497,#5498);
#4545=AXIS2_PLACEMENT_3D('',#6728,#5499,#5500);
#4546=AXIS2_PLACEMENT_3D('',#6730,#5502,#5503);
#4547=AXIS2_PLACEMENT_3D('',#6732,#5505,#5506);
#4548=AXIS2_PLACEMENT_3D('',#6734,#5508,#5509);
#4549=AXIS2_PLACEMENT_3D('',#6736,#5511,#5512);
#4550=AXIS2_PLACEMENT_3D('',#6738,#5514,#5515);
#4551=AXIS2_PLACEMENT_3D('',#6740,#5517,#5518);
#4552=AXIS2_PLACEMENT_3D('',#6742,#5520,#5521);
#4553=AXIS2_PLACEMENT_3D('',#6744,#5523,#5524);
#4554=AXIS2_PLACEMENT_3D('',#6745,#5525,#5526);
#4555=AXIS2_PLACEMENT_3D('',#6747,#5528,#5529);
#4556=AXIS2_PLACEMENT_3D('',#6749,#5531,#5532);
#4557=AXIS2_PLACEMENT_3D('',#6751,#5534,#5535);
#4558=AXIS2_PLACEMENT_3D('',#6753,#5537,#5538);
#4559=AXIS2_PLACEMENT_3D('',#6755,#5540,#5541);
#4560=AXIS2_PLACEMENT_3D('',#6757,#5543,#5544);
#4561=AXIS2_PLACEMENT_3D('',#6759,#5546,#5547);
#4562=AXIS2_PLACEMENT_3D('',#6761,#5549,#5550);
#4563=AXIS2_PLACEMENT_3D('',#6762,#5551,#5552);
#4564=AXIS2_PLACEMENT_3D('',#6763,#5553,#5554);
#4565=AXIS2_PLACEMENT_3D('',#6765,#5555,#5556);
#4566=AXIS2_PLACEMENT_3D('',#6766,#5557,#5558);
#4567=AXIS2_PLACEMENT_3D('',#6768,#5559,#5560);
#4568=AXIS2_PLACEMENT_3D('',#6769,#5561,#5562);
#4569=AXIS2_PLACEMENT_3D('',#6770,#5563,#5564);
#4570=AXIS2_PLACEMENT_3D('',#6772,#5565,#5566);
#4571=AXIS2_PLACEMENT_3D('',#6773,#5567,#5568);
#4572=AXIS2_PLACEMENT_3D('',#6775,#5569,#5570);
#4573=AXIS2_PLACEMENT_3D('',#6776,#5571,#5572);
#4574=AXIS2_PLACEMENT_3D('',#6777,#5573,#5574);
#4575=AXIS2_PLACEMENT_3D('',#6786,#5579,#5580);
#4576=AXIS2_PLACEMENT_3D('',#6800,#5588,#5589);
#4577=AXIS2_PLACEMENT_3D('',#6806,#5593,#5594);
#4578=AXIS2_PLACEMENT_3D('',#6815,#5599,#5600);
#4579=AXIS2_PLACEMENT_3D('',#6816,#5601,#5602);
#4580=AXIS2_PLACEMENT_3D('',#6820,#5604,#5605);
#4581=AXIS2_PLACEMENT_3D('',#6821,#5606,#5607);
#4582=AXIS2_PLACEMENT_3D('',#6827,#5611,#5612);
#4583=AXIS2_PLACEMENT_3D('',#6828,#5613,#5614);
#4584=AXIS2_PLACEMENT_3D('',#6832,#5616,#5617);
#4585=AXIS2_PLACEMENT_3D('',#6833,#5618,#5619);
#4586=AXIS2_PLACEMENT_3D('',#6839,#5623,#5624);
#4587=AXIS2_PLACEMENT_3D('',#6840,#5625,#5626);
#4588=AXIS2_PLACEMENT_3D('',#6844,#5628,#5629);
#4589=AXIS2_PLACEMENT_3D('',#6845,#5630,#5631);
#4590=AXIS2_PLACEMENT_3D('',#6851,#5635,#5636);
#4591=AXIS2_PLACEMENT_3D('',#6852,#5637,#5638);
#4592=AXIS2_PLACEMENT_3D('',#6853,#5639,#5640);
#4593=AXIS2_PLACEMENT_3D('',#6854,#5641,#5642);
#4594=AXIS2_PLACEMENT_3D('',#6865,#5649,#5650);
#4595=AXIS2_PLACEMENT_3D('',#6866,#5651,#5652);
#4596=AXIS2_PLACEMENT_3D('',#6867,#5653,#5654);
#4597=AXIS2_PLACEMENT_3D('',#6868,#5655,#5656);
#4598=AXIS2_PLACEMENT_3D('',#6876,#5661,#5662);
#4599=AXIS2_PLACEMENT_3D('',#6884,#5667,#5668);
#4600=AXIS2_PLACEMENT_3D('',#6887,#5671,#5672);
#4601=AXIS2_PLACEMENT_3D('',#6889,#5674,#5675);
#4602=AXIS2_PLACEMENT_3D('',#6890,#5676,#5677);
#4603=AXIS2_PLACEMENT_3D('',#6896,#5681,#5682);
#4604=AXIS2_PLACEMENT_3D('',#6902,#5686,#5687);
#4605=AXIS2_PLACEMENT_3D('',#6905,#5690,#5691);
#4606=AXIS2_PLACEMENT_3D('',#6906,#5692,#5693);
#4607=AXIS2_PLACEMENT_3D('',#6907,#5694,#5695);
#4608=AXIS2_PLACEMENT_3D('',#6908,#5696,#5697);
#4609=AXIS2_PLACEMENT_3D('',#6909,#5698,#5699);
#4610=AXIS2_PLACEMENT_3D('',#6911,#5700,#5701);
#4611=AXIS2_PLACEMENT_3D('',#6912,#5702,#5703);
#4612=AXIS2_PLACEMENT_3D('',#6914,#5704,#5705);
#4613=AXIS2_PLACEMENT_3D('',#6915,#5706,#5707);
#4614=AXIS2_PLACEMENT_3D('',#6916,#5708,#5709);
#4615=AXIS2_PLACEMENT_3D('',#6918,#5710,#5711);
#4616=AXIS2_PLACEMENT_3D('',#6919,#5712,#5713);
#4617=AXIS2_PLACEMENT_3D('',#6921,#5714,#5715);
#4618=AXIS2_PLACEMENT_3D('',#6922,#5716,#5717);
#4619=AXIS2_PLACEMENT_3D('',#6923,#5718,#5719);
#4620=AXIS2_PLACEMENT_3D('',#6924,#5720,#5721);
#4621=AXIS2_PLACEMENT_3D('',#6926,#5722,#5723);
#4622=AXIS2_PLACEMENT_3D('',#6928,#5724,#5725);
#4623=AXIS2_PLACEMENT_3D('',#6929,#5726,#5727);
#4624=AXIS2_PLACEMENT_3D('',#6930,#5728,#5729);
#4625=AXIS2_PLACEMENT_3D('',#6932,#5730,#5731);
#4626=AXIS2_PLACEMENT_3D('',#6933,#5732,#5733);
#4627=AXIS2_PLACEMENT_3D('',#6935,#5734,#5735);
#4628=AXIS2_PLACEMENT_3D('',#6936,#5736,#5737);
#4629=AXIS2_PLACEMENT_3D('',#6937,#5738,#5739);
#4630=AXIS2_PLACEMENT_3D('',#6946,#5744,#5745);
#4631=AXIS2_PLACEMENT_3D('',#6956,#5751,#5752);
#4632=AXIS2_PLACEMENT_3D('',#6962,#5756,#5757);
#4633=AXIS2_PLACEMENT_3D('',#6972,#5763,#5764);
#4634=AXIS2_PLACEMENT_3D('',#6975,#5767,#5768);
#4635=AXIS2_PLACEMENT_3D('',#6978,#5771,#5772);
#4636=AXIS2_PLACEMENT_3D('',#6979,#5773,#5774);
#4637=AXIS2_PLACEMENT_3D('',#6980,#5775,#5776);
#4638=AXIS2_PLACEMENT_3D('',#6982,#5778,#5779);
#4639=AXIS2_PLACEMENT_3D('',#6984,#5781,#5782);
#4640=DIRECTION('',(0.,0.,1.));
#4641=DIRECTION('',(1.,0.,0.));
#4642=DIRECTION('',(-0.891664233172924,-0.452697355062012,0.));
#4643=DIRECTION('',(0.452697355062012,-0.891664233172924,0.));
#4644=DIRECTION('',(-0.452697355062012,0.891664233172924,0.));
#4645=DIRECTION('',(0.,0.,-1.));
#4646=DIRECTION('',(-0.452697355062012,0.891664233172924,0.));
#4647=DIRECTION('',(0.,0.,-1.));
#4648=DIRECTION('',(-0.510270066045898,-0.860014220636796,0.));
#4649=DIRECTION('',(0.860014220636796,-0.510270066045898,0.));
#4650=DIRECTION('',(-0.860014220636796,0.510270066045898,0.));
#4651=DIRECTION('',(-0.860014220636796,0.510270066045898,0.));
#4652=DIRECTION('',(0.,0.,-1.));
#4653=DIRECTION('',(-0.570322449822827,-0.821420905034739,0.));
#4654=DIRECTION('',(0.821420905034739,-0.570322449822827,0.));
#4655=DIRECTION('',(-0.821420905034739,0.570322449822827,0.));
#4656=DIRECTION('',(-0.821420905034739,0.570322449822827,0.));
#4657=DIRECTION('',(0.,0.,-1.));
#4658=DIRECTION('',(-0.627470242559927,-0.778640542677933,0.));
#4659=DIRECTION('',(0.778640542677933,-0.627470242559927,0.));
#4660=DIRECTION('',(-0.778640542677933,0.627470242559927,0.));
#4661=DIRECTION('',(-0.778640542677933,0.627470242559927,0.));
#4662=DIRECTION('',(0.,0.,-1.));
#4663=DIRECTION('',(-0.681416980328899,-0.731895415287899,0.));
#4664=DIRECTION('',(0.731895415287899,-0.681416980328899,0.));
#4665=DIRECTION('',(-0.731895415287899,0.681416980328899,0.));
#4666=DIRECTION('',(-0.731895415287899,0.681416980328899,0.));
#4667=DIRECTION('',(0.,0.,-1.));
#4668=DIRECTION('',(-0.731895415287899,-0.681416980328899,0.));
#4669=DIRECTION('',(0.681416980328899,-0.731895415287899,0.));
#4670=DIRECTION('',(-0.681416980328899,0.731895415287899,0.));
#4671=DIRECTION('',(-0.681416980328899,0.731895415287899,0.));
#4672=DIRECTION('',(0.,0.,-1.));
#4673=DIRECTION('',(-0.778640542677933,-0.627470242559927,0.));
#4674=DIRECTION('',(0.627470242559927,-0.778640542677933,0.));
#4675=DIRECTION('',(-0.627470242559927,0.778640542677933,0.));
#4676=DIRECTION('',(-0.627470242559927,0.778640542677933,0.));
#4677=DIRECTION('',(0.,0.,-1.));
#4678=DIRECTION('',(-0.821420905034739,-0.570322449822827,0.));
#4679=DIRECTION('',(0.570322449822827,-0.821420905034739,0.));
#4680=DIRECTION('',(-0.570322449822827,0.821420905034739,0.));
#4681=DIRECTION('',(-0.570322449822827,0.821420905034739,0.));
#4682=DIRECTION('',(0.,0.,-1.));
#4683=DIRECTION('',(-0.860014438036433,-0.51026969963822,0.));
#4684=DIRECTION('',(0.51026969963822,-0.860014438036433,0.));
#4685=DIRECTION('',(-0.51026969963822,0.860014438036433,0.));
#4686=DIRECTION('',(-0.51026969963822,0.860014438036433,0.));
#4687=DIRECTION('',(0.,0.,-1.));
#4688=DIRECTION('',(-0.894225240534006,-0.447617268648003,0.));
#4689=DIRECTION('',(0.447617268648003,-0.894225240534006,0.));
#4690=DIRECTION('',(-0.447617268648003,0.894225240534006,0.));
#4691=DIRECTION('',(-0.447617268648003,0.894225240534006,0.));
#4692=DIRECTION('',(0.,0.,-1.));
#4693=DIRECTION('',(-0.923879760642108,-0.382682881608103,0.));
#4694=DIRECTION('',(0.382682881608103,-0.923879760642108,0.));
#4695=DIRECTION('',(-0.382682881608103,0.923879760642108,0.));
#4696=DIRECTION('',(-0.382682881608103,0.923879760642108,0.));
#4697=DIRECTION('',(0.,0.,-1.));
#4698=DIRECTION('',(-0.948825633318694,-0.315800439450898,0.));
#4699=DIRECTION('',(0.315800439450898,-0.948825633318694,0.));
#4700=DIRECTION('',(-0.315800439450898,0.948825633318694,0.));
#4701=DIRECTION('',(-0.315800439450898,0.948825633318694,0.));
#4702=DIRECTION('',(0.,0.,-1.));
#4703=DIRECTION('',(-0.968937154044619,-0.247307079380905,0.));
#4704=DIRECTION('',(0.247307079380905,-0.96893715404462,0.));
#4705=DIRECTION('',(-0.247307079380905,0.96893715404462,0.));
#4706=DIRECTION('',(-0.247307079380905,0.96893715404462,0.));
#4707=DIRECTION('',(0.,0.,-1.));
#4708=DIRECTION('',(-0.984111393607366,-0.177552147191094,0.));
#4709=DIRECTION('',(0.177552147191094,-0.984111393607366,0.));
#4710=DIRECTION('',(-0.177552147191094,0.984111393607366,0.));
#4711=DIRECTION('',(-0.177552147191094,0.984111393607366,0.));
#4712=DIRECTION('',(0.,0.,-1.));
#4713=DIRECTION('',(-0.99427022689457,-0.106895818023997,0.));
#4714=DIRECTION('',(0.106895818023997,-0.994270226894571,0.));
#4715=DIRECTION('',(-0.106895818023997,0.994270226894571,0.));
#4716=DIRECTION('',(-0.106895818023997,0.994270226894571,0.));
#4717=DIRECTION('',(0.,0.,-1.));
#4718=DIRECTION('',(-0.999362849383341,-0.0356916695099815,0.));
#4719=DIRECTION('',(0.0356916695099815,-0.999362849383341,0.));
#4720=DIRECTION('',(-0.0356916695099815,0.999362849383341,0.));
#4721=DIRECTION('',(-0.0356916695099815,0.999362849383341,0.));
#4722=DIRECTION('',(0.,0.,-1.));
#4723=DIRECTION('',(-0.999362849383341,0.0356916695099815,0.));
#4724=DIRECTION('',(-0.0356916695099815,-0.999362849383341,0.));
#4725=DIRECTION('',(0.0356916695099815,0.999362849383341,0.));
#4726=DIRECTION('',(0.0356916695099815,0.999362849383341,0.));
#4727=DIRECTION('',(0.,0.,-1.));
#4728=DIRECTION('',(-0.99427022689457,0.106895818023997,0.));
#4729=DIRECTION('',(-0.106895818023997,-0.994270226894571,0.));
#4730=DIRECTION('',(0.106895818023997,0.994270226894571,0.));
#4731=DIRECTION('',(0.106895818023997,0.994270226894571,0.));
#4732=DIRECTION('',(0.,0.,-1.));
#4733=DIRECTION('',(-0.984111393607366,0.177552147191094,0.));
#4734=DIRECTION('',(-0.177552147191094,-0.984111393607366,0.));
#4735=DIRECTION('',(0.177552147191094,0.984111393607366,0.));
#4736=DIRECTION('',(0.177552147191094,0.984111393607366,0.));
#4737=DIRECTION('',(0.,0.,-1.));
#4738=DIRECTION('',(-0.968937154044619,0.247307079380905,0.));
#4739=DIRECTION('',(-0.247307079380905,-0.96893715404462,0.));
#4740=DIRECTION('',(0.247307079380905,0.96893715404462,0.));
#4741=DIRECTION('',(0.247307079380905,0.96893715404462,0.));
#4742=DIRECTION('',(0.,0.,-1.));
#4743=DIRECTION('',(-0.948825633318694,0.315800439450898,0.));
#4744=DIRECTION('',(-0.315800439450898,-0.948825633318694,0.));
#4745=DIRECTION('',(0.315800439450898,0.948825633318694,0.));
#4746=DIRECTION('',(0.315800439450898,0.948825633318694,0.));
#4747=DIRECTION('',(0.,0.,-1.));
#4748=DIRECTION('',(-0.923879760642108,0.382682881608103,0.));
#4749=DIRECTION('',(-0.382682881608103,-0.923879760642108,0.));
#4750=DIRECTION('',(0.382682881608103,0.923879760642108,0.));
#4751=DIRECTION('',(0.382682881608103,0.923879760642108,0.));
#4752=DIRECTION('',(0.,0.,-1.));
#4753=DIRECTION('',(-0.894225240534006,0.447617268648003,0.));
#4754=DIRECTION('',(-0.447617268648003,-0.894225240534006,0.));
#4755=DIRECTION('',(0.447617268648003,0.894225240534006,0.));
#4756=DIRECTION('',(0.447617268648003,0.894225240534006,0.));
#4757=DIRECTION('',(0.,0.,-1.));
#4758=DIRECTION('',(-0.860014438036433,0.51026969963822,0.));
#4759=DIRECTION('',(-0.51026969963822,-0.860014438036433,0.));
#4760=DIRECTION('',(0.51026969963822,0.860014438036433,0.));
#4761=DIRECTION('',(0.51026969963822,0.860014438036433,0.));
#4762=DIRECTION('',(0.,0.,-1.));
#4763=DIRECTION('',(-0.821420905034739,0.570322449822827,0.));
#4764=DIRECTION('',(-0.570322449822827,-0.821420905034739,0.));
#4765=DIRECTION('',(0.570322449822827,0.821420905034739,0.));
#4766=DIRECTION('',(0.570322449822827,0.821420905034739,0.));
#4767=DIRECTION('',(0.,0.,-1.));
#4768=DIRECTION('',(-0.778640542677933,0.627470242559927,0.));
#4769=DIRECTION('',(-0.627470242559927,-0.778640542677933,0.));
#4770=DIRECTION('',(0.627470242559927,0.778640542677933,0.));
#4771=DIRECTION('',(0.627470242559927,0.778640542677933,0.));
#4772=DIRECTION('',(0.,0.,-1.));
#4773=DIRECTION('',(-0.731895415287899,0.681416980328899,0.));
#4774=DIRECTION('',(-0.681416980328899,-0.731895415287899,0.));
#4775=DIRECTION('',(0.681416980328899,0.731895415287899,0.));
#4776=DIRECTION('',(0.681416980328899,0.731895415287899,0.));
#4777=DIRECTION('',(0.,0.,-1.));
#4778=DIRECTION('',(-0.681416980328899,0.731895415287899,0.));
#4779=DIRECTION('',(-0.731895415287899,-0.681416980328899,0.));
#4780=DIRECTION('',(0.731895415287899,0.681416980328899,0.));
#4781=DIRECTION('',(0.731895415287899,0.681416980328899,0.));
#4782=DIRECTION('',(0.,0.,-1.));
#4783=DIRECTION('',(-0.627470242559927,0.778640542677933,0.));
#4784=DIRECTION('',(-0.778640542677933,-0.627470242559927,0.));
#4785=DIRECTION('',(0.778640542677933,0.627470242559927,0.));
#4786=DIRECTION('',(0.778640542677933,0.627470242559927,0.));
#4787=DIRECTION('',(0.,0.,-1.));
#4788=DIRECTION('',(-0.570322449822827,0.821420905034739,0.));
#4789=DIRECTION('',(-0.821420905034739,-0.570322449822827,0.));
#4790=DIRECTION('',(0.821420905034739,0.570322449822827,0.));
#4791=DIRECTION('',(0.821420905034739,0.570322449822827,0.));
#4792=DIRECTION('',(0.,0.,-1.));
#4793=DIRECTION('',(-0.51026969963822,0.860014438036433,0.));
#4794=DIRECTION('',(-0.860014438036433,-0.51026969963822,0.));
#4795=DIRECTION('',(0.860014438036433,0.51026969963822,0.));
#4796=DIRECTION('',(0.860014438036433,0.51026969963822,0.));
#4797=DIRECTION('',(0.,0.,-1.));
#4798=DIRECTION('',(-0.447617268648003,0.894225240534006,0.));
#4799=DIRECTION('',(-0.894225240534006,-0.447617268648003,0.));
#4800=DIRECTION('',(0.894225240534006,0.447617268648003,0.));
#4801=DIRECTION('',(0.894225240534006,0.447617268648003,0.));
#4802=DIRECTION('',(0.,0.,-1.));
#4803=DIRECTION('',(-0.382682881608103,0.923879760642108,0.));
#4804=DIRECTION('',(-0.923879760642108,-0.382682881608103,0.));
#4805=DIRECTION('',(0.923879760642108,0.382682881608103,0.));
#4806=DIRECTION('',(0.923879760642108,0.382682881608103,0.));
#4807=DIRECTION('',(0.,0.,-1.));
#4808=DIRECTION('',(-0.315800439450898,0.948825633318694,0.));
#4809=DIRECTION('',(-0.948825633318694,-0.315800439450898,0.));
#4810=DIRECTION('',(0.948825633318694,0.315800439450898,0.));
#4811=DIRECTION('',(0.948825633318694,0.315800439450898,0.));
#4812=DIRECTION('',(0.,0.,-1.));
#4813=DIRECTION('',(-0.247307079380905,0.968937154044619,0.));
#4814=DIRECTION('',(-0.96893715404462,-0.247307079380905,0.));
#4815=DIRECTION('',(0.96893715404462,0.247307079380905,0.));
#4816=DIRECTION('',(0.96893715404462,0.247307079380905,0.));
#4817=DIRECTION('',(0.,0.,-1.));
#4818=DIRECTION('',(-0.177552147191094,0.984111393607366,0.));
#4819=DIRECTION('',(-0.984111393607366,-0.177552147191094,0.));
#4820=DIRECTION('',(0.984111393607366,0.177552147191094,0.));
#4821=DIRECTION('',(0.984111393607366,0.177552147191094,0.));
#4822=DIRECTION('',(0.,0.,-1.));
#4823=DIRECTION('',(-0.106895818023997,0.99427022689457,0.));
#4824=DIRECTION('',(-0.994270226894571,-0.106895818023997,0.));
#4825=DIRECTION('',(0.994270226894571,0.106895818023997,0.));
#4826=DIRECTION('',(0.994270226894571,0.106895818023997,0.));
#4827=DIRECTION('',(0.,0.,-1.));
#4828=DIRECTION('',(-0.0356916695099815,0.999362849383341,0.));
#4829=DIRECTION('',(-0.999362849383341,-0.0356916695099815,0.));
#4830=DIRECTION('',(0.999362849383341,0.0356916695099815,0.));
#4831=DIRECTION('',(0.999362849383341,0.0356916695099815,0.));
#4832=DIRECTION('',(0.,0.,-1.));
#4833=DIRECTION('',(0.0356916695099815,0.999362849383341,0.));
#4834=DIRECTION('',(-0.999362849383341,0.0356916695099815,0.));
#4835=DIRECTION('',(0.999362849383341,-0.0356916695099815,0.));
#4836=DIRECTION('',(0.999362849383341,-0.0356916695099815,0.));
#4837=DIRECTION('',(0.,0.,-1.));
#4838=DIRECTION('',(0.106895818023997,0.99427022689457,0.));
#4839=DIRECTION('',(-0.994270226894571,0.106895818023997,0.));
#4840=DIRECTION('',(0.994270226894571,-0.106895818023997,0.));
#4841=DIRECTION('',(0.994270226894571,-0.106895818023997,0.));
#4842=DIRECTION('',(0.,0.,-1.));
#4843=DIRECTION('',(0.177552147191094,0.984111393607366,0.));
#4844=DIRECTION('',(-0.984111393607366,0.177552147191094,0.));
#4845=DIRECTION('',(0.984111393607366,-0.177552147191094,0.));
#4846=DIRECTION('',(0.984111393607366,-0.177552147191094,0.));
#4847=DIRECTION('',(0.,0.,-1.));
#4848=DIRECTION('',(0.247307079380905,0.968937154044619,0.));
#4849=DIRECTION('',(-0.96893715404462,0.247307079380905,0.));
#4850=DIRECTION('',(0.96893715404462,-0.247307079380905,0.));
#4851=DIRECTION('',(0.96893715404462,-0.247307079380905,0.));
#4852=DIRECTION('',(0.,0.,-1.));
#4853=DIRECTION('',(0.315800439450898,0.948825633318694,0.));
#4854=DIRECTION('',(-0.948825633318694,0.315800439450898,0.));
#4855=DIRECTION('',(0.948825633318694,-0.315800439450898,0.));
#4856=DIRECTION('',(0.948825633318694,-0.315800439450898,0.));
#4857=DIRECTION('',(0.,0.,-1.));
#4858=DIRECTION('',(0.382682881608103,0.923879760642108,0.));
#4859=DIRECTION('',(-0.923879760642108,0.382682881608103,0.));
#4860=DIRECTION('',(0.923879760642108,-0.382682881608103,0.));
#4861=DIRECTION('',(0.923879760642108,-0.382682881608103,0.));
#4862=DIRECTION('',(0.,0.,-1.));
#4863=DIRECTION('',(0.447617268648003,0.894225240534006,0.));
#4864=DIRECTION('',(-0.894225240534006,0.447617268648003,0.));
#4865=DIRECTION('',(0.894225240534006,-0.447617268648003,0.));
#4866=DIRECTION('',(0.894225240534006,-0.447617268648003,0.));
#4867=DIRECTION('',(0.,0.,-1.));
#4868=DIRECTION('',(0.51026969963822,0.860014438036433,0.));
#4869=DIRECTION('',(-0.860014438036433,0.51026969963822,0.));
#4870=DIRECTION('',(0.860014438036433,-0.51026969963822,0.));
#4871=DIRECTION('',(0.860014438036433,-0.51026969963822,0.));
#4872=DIRECTION('',(0.,0.,-1.));
#4873=DIRECTION('',(0.570322449822827,0.821420905034739,0.));
#4874=DIRECTION('',(-0.821420905034739,0.570322449822827,0.));
#4875=DIRECTION('',(0.821420905034739,-0.570322449822827,0.));
#4876=DIRECTION('',(0.821420905034739,-0.570322449822827,0.));
#4877=DIRECTION('',(0.,0.,-1.));
#4878=DIRECTION('',(0.627470242559927,0.778640542677933,0.));
#4879=DIRECTION('',(-0.778640542677933,0.627470242559927,0.));
#4880=DIRECTION('',(0.778640542677933,-0.627470242559927,0.));
#4881=DIRECTION('',(0.778640542677933,-0.627470242559927,0.));
#4882=DIRECTION('',(0.,0.,-1.));
#4883=DIRECTION('',(0.681416980328899,0.731895415287899,0.));
#4884=DIRECTION('',(-0.731895415287899,0.681416980328899,0.));
#4885=DIRECTION('',(0.731895415287899,-0.681416980328899,0.));
#4886=DIRECTION('',(0.731895415287899,-0.681416980328899,0.));
#4887=DIRECTION('',(0.,0.,-1.));
#4888=DIRECTION('',(0.731895415287899,0.681416980328899,0.));
#4889=DIRECTION('',(-0.681416980328899,0.731895415287899,0.));
#4890=DIRECTION('',(0.681416980328899,-0.731895415287899,0.));
#4891=DIRECTION('',(0.681416980328899,-0.731895415287899,0.));
#4892=DIRECTION('',(0.,0.,-1.));
#4893=DIRECTION('',(0.778640542677933,0.627470242559927,0.));
#4894=DIRECTION('',(-0.627470242559927,0.778640542677933,0.));
#4895=DIRECTION('',(0.627470242559927,-0.778640542677933,0.));
#4896=DIRECTION('',(0.627470242559927,-0.778640542677933,0.));
#4897=DIRECTION('',(0.,0.,-1.));
#4898=DIRECTION('',(0.821420905034739,0.570322449822827,0.));
#4899=DIRECTION('',(-0.570322449822827,0.821420905034739,0.));
#4900=DIRECTION('',(0.570322449822827,-0.821420905034739,0.));
#4901=DIRECTION('',(0.570322449822827,-0.821420905034739,0.));
#4902=DIRECTION('',(0.,0.,-1.));
#4903=DIRECTION('',(0.860014438036433,0.51026969963822,0.));
#4904=DIRECTION('',(-0.51026969963822,0.860014438036433,0.));
#4905=DIRECTION('',(0.51026969963822,-0.860014438036433,0.));
#4906=DIRECTION('',(0.51026969963822,-0.860014438036433,0.));
#4907=DIRECTION('',(0.,0.,-1.));
#4908=DIRECTION('',(0.894225240534006,0.447617268648003,0.));
#4909=DIRECTION('',(-0.447617268648003,0.894225240534006,0.));
#4910=DIRECTION('',(0.447617268648003,-0.894225240534006,0.));
#4911=DIRECTION('',(0.447617268648003,-0.894225240534006,0.));
#4912=DIRECTION('',(0.,0.,-1.));
#4913=DIRECTION('',(0.923879760642108,0.382682881608103,0.));
#4914=DIRECTION('',(-0.382682881608103,0.923879760642108,0.));
#4915=DIRECTION('',(0.382682881608103,-0.923879760642108,0.));
#4916=DIRECTION('',(0.382682881608103,-0.923879760642108,0.));
#4917=DIRECTION('',(0.,0.,-1.));
#4918=DIRECTION('',(0.948825633318694,0.315800439450898,0.));
#4919=DIRECTION('',(-0.315800439450898,0.948825633318694,0.));
#4920=DIRECTION('',(0.315800439450898,-0.948825633318694,0.));
#4921=DIRECTION('',(0.315800439450898,-0.948825633318694,0.));
#4922=DIRECTION('',(0.,0.,-1.));
#4923=DIRECTION('',(0.968937154044619,0.247307079380905,0.));
#4924=DIRECTION('',(-0.247307079380905,0.96893715404462,0.));
#4925=DIRECTION('',(0.247307079380905,-0.96893715404462,0.));
#4926=DIRECTION('',(0.247307079380905,-0.96893715404462,0.));
#4927=DIRECTION('',(0.,0.,-1.));
#4928=DIRECTION('',(0.984111393607366,0.177552147191094,0.));
#4929=DIRECTION('',(-0.177552147191094,0.984111393607366,0.));
#4930=DIRECTION('',(0.177552147191094,-0.984111393607366,0.));
#4931=DIRECTION('',(0.177552147191094,-0.984111393607366,0.));
#4932=DIRECTION('',(0.,0.,-1.));
#4933=DIRECTION('',(0.99427022689457,0.106895818023997,0.));
#4934=DIRECTION('',(-0.106895818023997,0.994270226894571,0.));
#4935=DIRECTION('',(0.106895818023997,-0.994270226894571,0.));
#4936=DIRECTION('',(0.106895818023997,-0.994270226894571,0.));
#4937=DIRECTION('',(0.,0.,-1.));
#4938=DIRECTION('',(0.999362849383341,0.0356916695099815,0.));
#4939=DIRECTION('',(-0.0356916695099815,0.999362849383341,0.));
#4940=DIRECTION('',(0.0356916695099815,-0.999362849383341,0.));
#4941=DIRECTION('',(0.0356916695099815,-0.999362849383341,0.));
#4942=DIRECTION('',(0.,0.,-1.));
#4943=DIRECTION('',(0.999362849383341,-0.0356916695099815,0.));
#4944=DIRECTION('',(0.0356916695099815,0.999362849383341,0.));
#4945=DIRECTION('',(-0.0356916695099815,-0.999362849383341,0.));
#4946=DIRECTION('',(-0.0356916695099815,-0.999362849383341,0.));
#4947=DIRECTION('',(0.,0.,-1.));
#4948=DIRECTION('',(0.99427022689457,-0.106895818023997,0.));
#4949=DIRECTION('',(0.106895818023997,0.994270226894571,0.));
#4950=DIRECTION('',(-0.106895818023997,-0.994270226894571,0.));
#4951=DIRECTION('',(-0.106895818023997,-0.994270226894571,0.));
#4952=DIRECTION('',(0.,0.,-1.));
#4953=DIRECTION('',(0.984111393607366,-0.177552147191094,0.));
#4954=DIRECTION('',(0.177552147191094,0.984111393607366,0.));
#4955=DIRECTION('',(-0.177552147191094,-0.984111393607366,0.));
#4956=DIRECTION('',(-0.177552147191094,-0.984111393607366,0.));
#4957=DIRECTION('',(0.,0.,-1.));
#4958=DIRECTION('',(0.968937154044619,-0.247307079380905,0.));
#4959=DIRECTION('',(0.247307079380905,0.96893715404462,0.));
#4960=DIRECTION('',(-0.247307079380905,-0.96893715404462,0.));
#4961=DIRECTION('',(-0.247307079380905,-0.96893715404462,0.));
#4962=DIRECTION('',(0.,0.,-1.));
#4963=DIRECTION('',(0.948825633318694,-0.315800439450898,0.));
#4964=DIRECTION('',(0.315800439450898,0.948825633318694,0.));
#4965=DIRECTION('',(-0.315800439450898,-0.948825633318694,0.));
#4966=DIRECTION('',(-0.315800439450898,-0.948825633318694,0.));
#4967=DIRECTION('',(0.,0.,-1.));
#4968=DIRECTION('',(0.923879760642108,-0.382682881608103,0.));
#4969=DIRECTION('',(0.382682881608103,0.923879760642108,0.));
#4970=DIRECTION('',(-0.382682881608103,-0.923879760642108,0.));
#4971=DIRECTION('',(-0.382682881608103,-0.923879760642108,0.));
#4972=DIRECTION('',(0.,0.,-1.));
#4973=DIRECTION('',(0.894225240534006,-0.447617268648003,0.));
#4974=DIRECTION('',(0.447617268648003,0.894225240534006,0.));
#4975=DIRECTION('',(-0.447617268648003,-0.894225240534006,0.));
#4976=DIRECTION('',(-0.447617268648003,-0.894225240534006,0.));
#4977=DIRECTION('',(0.,0.,-1.));
#4978=DIRECTION('',(0.860014438036433,-0.51026969963822,0.));
#4979=DIRECTION('',(0.51026969963822,0.860014438036433,0.));
#4980=DIRECTION('',(-0.51026969963822,-0.860014438036433,0.));
#4981=DIRECTION('',(-0.51026969963822,-0.860014438036433,0.));
#4982=DIRECTION('',(0.,0.,-1.));
#4983=DIRECTION('',(0.821420905034739,-0.570322449822827,0.));
#4984=DIRECTION('',(0.570322449822827,0.821420905034739,0.));
#4985=DIRECTION('',(-0.570322449822827,-0.821420905034739,0.));
#4986=DIRECTION('',(-0.570322449822827,-0.821420905034739,0.));
#4987=DIRECTION('',(0.,0.,-1.));
#4988=DIRECTION('',(0.778640542677933,-0.627470242559927,0.));
#4989=DIRECTION('',(0.627470242559927,0.778640542677933,0.));
#4990=DIRECTION('',(-0.627470242559927,-0.778640542677933,0.));
#4991=DIRECTION('',(-0.627470242559927,-0.778640542677933,0.));
#4992=DIRECTION('',(0.,0.,-1.));
#4993=DIRECTION('',(0.731895415287899,-0.681416980328899,0.));
#4994=DIRECTION('',(0.681416980328899,0.731895415287899,0.));
#4995=DIRECTION('',(-0.681416980328899,-0.731895415287899,0.));
#4996=DIRECTION('',(-0.681416980328899,-0.731895415287899,0.));
#4997=DIRECTION('',(0.,0.,-1.));
#4998=DIRECTION('',(0.681416980328899,-0.731895415287899,0.));
#4999=DIRECTION('',(0.731895415287899,0.681416980328899,0.));
#5000=DIRECTION('',(-0.731895415287899,-0.681416980328899,0.));
#5001=DIRECTION('',(-0.731895415287899,-0.681416980328899,0.));
#5002=DIRECTION('',(0.,0.,-1.));
#5003=DIRECTION('',(0.627470242559927,-0.778640542677933,0.));
#5004=DIRECTION('',(0.778640542677933,0.627470242559927,0.));
#5005=DIRECTION('',(-0.778640542677933,-0.627470242559927,0.));
#5006=DIRECTION('',(-0.778640542677933,-0.627470242559927,0.));
#5007=DIRECTION('',(0.,0.,-1.));
#5008=DIRECTION('',(0.570322449822827,-0.821420905034739,0.));
#5009=DIRECTION('',(0.821420905034739,0.570322449822827,0.));
#5010=DIRECTION('',(-0.821420905034739,-0.570322449822827,0.));
#5011=DIRECTION('',(-0.821420905034739,-0.570322449822827,0.));
#5012=DIRECTION('',(0.,0.,-1.));
#5013=DIRECTION('',(0.509645478605219,-0.860384499010331,0.));
#5014=DIRECTION('',(0.860384499010331,0.509645478605219,0.));
#5015=DIRECTION('',(-0.860384499010331,-0.509645478605219,0.));
#5016=DIRECTION('',(-0.860384499010331,-0.509645478605219,0.));
#5017=DIRECTION('',(0.,0.,-1.));
#5018=DIRECTION('',(0.891610371644761,-0.45280342884688,0.));
#5019=DIRECTION('',(0.45280342884688,0.891610371644761,0.));
#5020=DIRECTION('',(-0.45280342884688,-0.891610371644761,0.));
#5021=DIRECTION('',(-0.45280342884688,-0.891610371644761,0.));
#5022=DIRECTION('',(0.,0.,-1.));
#5023=DIRECTION('',(0.,0.,1.));
#5024=DIRECTION('',(1.,0.,0.));
#5025=DIRECTION('',(0.,0.,1.));
#5026=DIRECTION('',(1.,0.,0.));
#5027=DIRECTION('',(0.,0.,1.));
#5028=DIRECTION('',(1.,0.,0.));
#5029=DIRECTION('',(0.,0.,1.));
#5030=DIRECTION('',(1.,0.,0.));
#5031=DIRECTION('',(0.,0.,1.));
#5032=DIRECTION('',(1.,0.,0.));
#5033=DIRECTION('',(0.382683432365343,-0.923879532511182,0.));
#5034=DIRECTION('',(1.,0.,0.));
#5035=DIRECTION('',(0.382683432365343,0.923879532511182,0.));
#5036=DIRECTION('',(0.,0.,1.));
#5037=DIRECTION('',(1.,0.,0.));
#5038=DIRECTION('',(1.,-1.82602471155453E-16,0.));
#5039=DIRECTION('',(0.,0.,1.));
#5040=DIRECTION('',(1.,0.,0.));
#5041=DIRECTION('',(1.82602471155453E-16,1.,0.));
#5042=DIRECTION('',(0.,0.,1.));
#5043=DIRECTION('',(1.,0.,0.));
#5044=DIRECTION('',(1.,-1.82602471155453E-16,0.));
#5045=DIRECTION('',(0.,0.,1.));
#5046=DIRECTION('',(1.,0.,0.));
#5047=DIRECTION('',(1.82602471155453E-16,1.,0.));
#5048=DIRECTION('',(-0.923879532511182,0.382683432365343,0.));
#5049=DIRECTION('',(-0.382683432365343,-0.923879532511182,0.));
#5050=DIRECTION('',(0.,0.,-1.));
#5051=DIRECTION('',(0.382683432365343,0.923879532511182,0.));
#5052=DIRECTION('',(0.923879532511182,0.382683432365343,0.));
#5053=DIRECTION('',(-0.382683432365343,0.923879532511182,0.));
#5054=DIRECTION('',(0.382683432365343,-0.923879532511182,0.));
#5055=DIRECTION('',(0.,0.,-1.));
#5056=DIRECTION('',(0.,1.,0.));
#5057=DIRECTION('',(0.,0.,1.));
#5058=DIRECTION('',(1.,0.,0.));
#5059=DIRECTION('',(0.,0.,1.));
#5060=DIRECTION('',(1.,0.,0.));
#5061=DIRECTION('',(0.,0.,1.));
#5062=DIRECTION('',(1.,0.,0.));
#5063=DIRECTION('',(0.,0.,1.));
#5064=DIRECTION('',(1.,0.,0.));
#5065=DIRECTION('',(0.,0.,1.));
#5066=DIRECTION('',(1.,0.,0.));
#5067=DIRECTION('',(-1.82602471155453E-16,-1.,0.));
#5068=DIRECTION('',(0.,0.,1.));
#5069=DIRECTION('',(1.,0.,0.));
#5070=DIRECTION('',(-1.,1.82602471155453E-16,0.));
#5071=DIRECTION('',(0.,0.,1.));
#5072=DIRECTION('',(1.,0.,0.));
#5073=DIRECTION('',(-1.82602471155453E-16,-1.,0.));
#5074=DIRECTION('',(0.,0.,1.));
#5075=DIRECTION('',(1.,0.,0.));
#5076=DIRECTION('',(-1.,1.82602471155453E-16,0.));
#5077=DIRECTION('',(0.,0.,1.));
#5078=DIRECTION('',(1.,0.,0.));
#5079=DIRECTION('',(0.,0.,1.));
#5080=DIRECTION('',(1.,0.,0.));
#5081=DIRECTION('',(0.,0.,1.));
#5082=DIRECTION('',(1.,0.,0.));
#5083=DIRECTION('',(0.,0.,1.));
#5084=DIRECTION('',(0.,0.,1.));
#5085=DIRECTION('',(1.82602471155453E-16,1.,0.));
#5086=DIRECTION('',(-1.,1.82602471155453E-16,0.));
#5087=DIRECTION('',(0.,0.,1.));
#5088=DIRECTION('',(0.,0.,1.));
#5089=DIRECTION('',(1.,0.,0.));
#5090=DIRECTION('',(0.,0.,1.));
#5091=DIRECTION('',(-1.,1.82602471155453E-16,0.));
#5092=DIRECTION('',(-1.82602471155453E-16,-1.,0.));
#5093=DIRECTION('',(0.,0.,1.));
#5094=DIRECTION('',(0.,0.,1.));
#5095=DIRECTION('',(1.,0.,0.));
#5096=DIRECTION('',(0.,0.,1.));
#5097=DIRECTION('',(1.82602471155453E-16,1.,0.));
#5098=DIRECTION('',(-1.,1.82602471155453E-16,0.));
#5099=DIRECTION('',(0.,0.,1.));
#5100=DIRECTION('',(0.,0.,1.));
#5101=DIRECTION('',(1.,0.,0.));
#5102=DIRECTION('',(0.,0.,1.));
#5103=DIRECTION('',(-1.,1.82602471155453E-16,0.));
#5104=DIRECTION('',(-1.82602471155453E-16,-1.,0.));
#5105=DIRECTION('',(0.,0.,1.));
#5106=DIRECTION('',(1.,0.,0.));
#5107=DIRECTION('',(0.,0.,1.));
#5108=DIRECTION('',(1.,0.,0.));
#5109=DIRECTION('',(0.,0.,-1.));
#5110=DIRECTION('',(-1.,0.,0.));
#5111=DIRECTION('',(0.,0.,-1.));
#5112=DIRECTION('',(1.,0.,0.));
#5113=DIRECTION('',(0.,0.,-1.));
#5114=DIRECTION('',(-1.,0.,0.));
#5115=DIRECTION('',(0.,0.,1.));
#5116=DIRECTION('',(1.,0.,0.));
#5117=DIRECTION('',(0.,0.,1.));
#5118=DIRECTION('',(1.,0.,0.));
#5119=DIRECTION('',(0.,0.,-1.));
#5120=DIRECTION('',(-1.,0.,0.));
#5121=DIRECTION('',(0.,0.,-1.));
#5122=DIRECTION('',(1.,0.,0.));
#5123=DIRECTION('',(0.,0.,-1.));
#5124=DIRECTION('',(-1.,0.,0.));
#5125=DIRECTION('',(0.,0.,1.));
#5126=DIRECTION('',(1.,0.,0.));
#5127=DIRECTION('',(0.,0.,1.));
#5128=DIRECTION('',(1.,0.,0.));
#5129=DIRECTION('',(0.,0.,-1.));
#5130=DIRECTION('',(-1.,0.,0.));
#5131=DIRECTION('',(0.,0.,-1.));
#5132=DIRECTION('',(1.,0.,0.));
#5133=DIRECTION('',(0.,0.,-1.));
#5134=DIRECTION('',(-1.,0.,0.));
#5135=DIRECTION('',(0.,0.,1.));
#5136=DIRECTION('',(1.,0.,0.));
#5137=DIRECTION('',(0.,0.,1.));
#5138=DIRECTION('',(1.,0.,0.));
#5139=DIRECTION('',(0.,0.,-1.));
#5140=DIRECTION('',(-1.,0.,0.));
#5141=DIRECTION('',(0.,0.,-1.));
#5142=DIRECTION('',(1.,0.,0.));
#5143=DIRECTION('',(0.,0.,-1.));
#5144=DIRECTION('',(-1.,0.,0.));
#5145=DIRECTION('',(0.,0.,-1.));
#5146=DIRECTION('',(-1.,0.,0.));
#5147=DIRECTION('',(0.,0.,-1.));
#5148=DIRECTION('',(-1.,0.,0.));
#5149=DIRECTION('',(0.,0.,-1.));
#5150=DIRECTION('',(1.,0.,0.));
#5151=DIRECTION('',(0.,0.,-1.));
#5152=DIRECTION('',(-1.,0.,0.));
#5153=DIRECTION('',(0.,0.,-1.));
#5154=DIRECTION('',(-1.,0.,0.));
#5155=DIRECTION('',(0.,0.,-1.));
#5156=DIRECTION('',(1.,0.,0.));
#5157=DIRECTION('',(0.,0.,-1.));
#5158=DIRECTION('',(-1.,0.,0.));
#5159=DIRECTION('',(0.,0.,-1.));
#5160=DIRECTION('',(-1.,0.,0.));
#5161=DIRECTION('',(0.,0.,-1.));
#5162=DIRECTION('',(1.,0.,0.));
#5163=DIRECTION('',(0.,0.,-1.));
#5164=DIRECTION('',(-1.,0.,0.));
#5165=DIRECTION('',(0.,0.,-1.));
#5166=DIRECTION('',(-1.,0.,0.));
#5167=DIRECTION('',(0.,0.,-1.));
#5168=DIRECTION('',(1.,0.,0.));
#5169=DIRECTION('',(0.,0.,1.));
#5170=DIRECTION('',(1.,0.,0.));
#5171=DIRECTION('',(0.,0.,1.));
#5172=DIRECTION('',(1.,0.,0.));
#5173=DIRECTION('',(0.,0.,1.));
#5174=DIRECTION('',(1.,0.,0.));
#5175=DIRECTION('',(0.,0.,1.));
#5176=DIRECTION('',(1.,0.,0.));
#5177=DIRECTION('',(0.,0.,1.));
#5178=DIRECTION('',(1.,0.,0.));
#5179=DIRECTION('',(0.,0.,-1.));
#5180=DIRECTION('',(1.,0.,0.));
#5181=DIRECTION('',(-1.50845519650157E-16,-1.,0.));
#5182=DIRECTION('',(0.,0.,-1.));
#5183=DIRECTION('',(-1.,0.,0.));
#5184=DIRECTION('',(-1.,1.39897054514259E-16,0.));
#5185=DIRECTION('',(0.,0.,-1.));
#5186=DIRECTION('',(-1.,0.,0.));
#5187=DIRECTION('',(-3.46944695195362E-16,1.,0.));
#5188=DIRECTION('',(0.,0.,-1.));
#5189=DIRECTION('',(-1.,0.,0.));
#5190=DIRECTION('',(1.,-1.3010426069826E-16,0.));
#5191=DIRECTION('',(0.,0.,-1.));
#5192=DIRECTION('',(-1.,0.,0.));
#5193=DIRECTION('',(-3.46944695195362E-16,1.,0.));
#5194=DIRECTION('',(0.,0.,-1.));
#5195=DIRECTION('',(-1.,0.,0.));
#5196=DIRECTION('',(-1.,1.39897054514259E-16,0.));
#5197=DIRECTION('',(0.,0.,-1.));
#5198=DIRECTION('',(-1.,0.,0.));
#5199=DIRECTION('',(-1.50845519650157E-16,-1.,0.));
#5200=DIRECTION('',(0.,0.,-1.));
#5201=DIRECTION('',(-1.,0.,0.));
#5202=DIRECTION('',(-1.,1.39897054514259E-16,0.));
#5203=DIRECTION('',(0.,0.,-1.));
#5204=DIRECTION('',(-1.,0.,0.));
#5205=DIRECTION('',(0.,0.,-1.));
#5206=DIRECTION('',(-1.,0.,0.));
#5207=DIRECTION('',(0.,0.,-1.));
#5208=DIRECTION('',(-1.,0.,0.));
#5209=DIRECTION('',(0.,0.,-1.));
#5210=DIRECTION('',(-1.,0.,0.));
#5211=DIRECTION('',(0.,0.,-1.));
#5212=DIRECTION('',(-1.,0.,0.));
#5213=DIRECTION('',(-1.,0.,0.));
#5214=DIRECTION('',(0.,1.,0.));
#5215=DIRECTION('',(1.,-2.6283736818564E-16,0.));
#5216=DIRECTION('',(0.,1.,0.));
#5217=DIRECTION('',(-1.,0.,0.));
#5218=DIRECTION('',(0.,1.,0.));
#5219=DIRECTION('',(1.,0.,0.));
#5220=DIRECTION('',(0.447617268648049,-0.894225240533983,0.));
#5221=DIRECTION('',(0.382682881608,-0.92387976064215,0.));
#5222=DIRECTION('',(0.315800439451251,-0.948825633318576,0.));
#5223=DIRECTION('',(0.,-1.,0.));
#5224=DIRECTION('',(-0.315800439450103,-0.948825633318958,0.));
#5225=DIRECTION('',(-0.382682881609084,-0.923879760641702,0.));
#5226=DIRECTION('',(-0.447617268647743,-0.894225240534137,0.));
#5227=DIRECTION('',(0.,1.,0.));
#5228=DIRECTION('',(-1.,0.,0.));
#5229=DIRECTION('',(-0.447617268648048,0.894225240533984,0.));
#5230=DIRECTION('',(-0.38268288160853,0.923879760641931,0.));
#5231=DIRECTION('',(-0.315800439450472,0.948825633318835,0.));
#5232=DIRECTION('',(4.56504676228514E-16,1.,0.));
#5233=DIRECTION('',(0.315800439450914,0.948825633318688,0.));
#5234=DIRECTION('',(0.382682881607772,0.923879760642245,0.));
#5235=DIRECTION('',(0.447617268648352,0.894225240533832,0.));
#5236=DIRECTION('',(1.,0.,0.));
#5237=DIRECTION('',(0.,-1.,0.));
#5238=DIRECTION('',(-1.,0.,0.));
#5239=DIRECTION('',(0.,1.,0.));
#5240=DIRECTION('',(-1.,0.,0.));
#5241=DIRECTION('',(0.,0.,-1.));
#5242=DIRECTION('',(-1.,0.,0.));
#5243=DIRECTION('',(1.39897054514259E-16,1.,0.));
#5244=DIRECTION('',(-1.,1.39897054514259E-16,0.));
#5245=DIRECTION('',(0.,0.,1.));
#5246=DIRECTION('',(-1.,1.39897054514259E-16,0.));
#5247=DIRECTION('',(0.,0.,-1.));
#5248=DIRECTION('',(0.,1.,0.));
#5249=DIRECTION('',(0.,0.,1.));
#5250=DIRECTION('',(0.,0.,1.));
#5251=DIRECTION('',(-1.,0.,0.));
#5252=DIRECTION('',(0.,0.,1.));
#5253=DIRECTION('',(1.,0.,0.));
#5254=DIRECTION('',(0.,0.,-1.));
#5255=DIRECTION('',(0.,0.,1.));
#5256=DIRECTION('',(0.,1.,0.));
#5257=DIRECTION('',(0.,1.,0.));
#5258=DIRECTION('',(0.,0.,1.));
#5259=DIRECTION('',(0.,0.,1.));
#5260=DIRECTION('',(-1.,0.,0.));
#5261=DIRECTION('',(1.,0.,0.));
#5262=DIRECTION('',(0.,0.,-1.));
#5263=DIRECTION('',(0.,0.,1.));
#5264=DIRECTION('',(0.,-0.707106781186547,-0.707106781186548));
#5265=DIRECTION('',(0.,1.,0.));
#5266=DIRECTION('',(0.,-1.,0.));
#5267=DIRECTION('',(0.,0.,-1.));
#5268=DIRECTION('',(0.,0.,1.));
#5269=DIRECTION('',(1.,0.,0.));
#5270=DIRECTION('',(1.,0.,0.));
#5271=DIRECTION('',(0.894225240533984,0.447617268648047,0.));
#5272=DIRECTION('',(-0.447617268648048,0.894225240533984,0.));
#5273=DIRECTION('',(0.,0.,1.));
#5274=DIRECTION('',(0.447617268648048,-0.894225240533984,0.));
#5275=DIRECTION('',(-0.447617268648047,0.894225240533984,0.));
#5276=DIRECTION('',(0.923879760641931,0.38268288160853,0.));
#5277=DIRECTION('',(-0.38268288160853,0.923879760641931,0.));
#5278=DIRECTION('',(0.,0.,1.));
#5279=DIRECTION('',(0.38268288160853,-0.923879760641931,0.));
#5280=DIRECTION('',(-0.38268288160853,0.923879760641931,0.));
#5281=DIRECTION('',(0.948825633318835,0.315800439450472,0.));
#5282=DIRECTION('',(-0.315800439450472,0.948825633318835,0.));
#5283=DIRECTION('',(0.,0.,1.));
#5284=DIRECTION('',(0.315800439450472,-0.948825633318835,0.));
#5285=DIRECTION('',(-0.315800439450472,0.948825633318835,0.));
#5286=DIRECTION('',(-1.,4.56504676228514E-16,0.));
#5287=DIRECTION('',(-4.56504676228514E-16,-1.,0.));
#5288=DIRECTION('',(0.,0.,1.));
#5289=DIRECTION('',(-4.56504676228514E-16,-1.,0.));
#5290=DIRECTION('',(-4.56504676228514E-16,-1.,0.));
#5291=DIRECTION('',(0.948825633318688,-0.315800439450914,0.));
#5292=DIRECTION('',(0.315800439450914,0.948825633318688,0.));
#5293=DIRECTION('',(0.,0.,1.));
#5294=DIRECTION('',(-0.315800439450914,-0.948825633318688,0.));
#5295=DIRECTION('',(0.315800439450914,0.948825633318688,0.));
#5296=DIRECTION('',(0.923879760642245,-0.382682881607772,0.));
#5297=DIRECTION('',(0.382682881607772,0.923879760642245,0.));
#5298=DIRECTION('',(0.,0.,1.));
#5299=DIRECTION('',(-0.382682881607772,-0.923879760642245,0.));
#5300=DIRECTION('',(0.382682881607772,0.923879760642245,0.));
#5301=DIRECTION('',(0.894225240533831,-0.447617268648352,0.));
#5302=DIRECTION('',(0.447617268648352,0.894225240533832,0.));
#5303=DIRECTION('',(0.,0.,1.));
#5304=DIRECTION('',(-0.447617268648352,-0.894225240533832,0.));
#5305=DIRECTION('',(0.447617268648352,0.894225240533831,0.));
#5306=DIRECTION('',(0.,-1.,0.));
#5307=DIRECTION('',(0.,0.,-1.));
#5308=DIRECTION('',(0.,0.,1.));
#5309=DIRECTION('',(-1.,0.,0.));
#5310=DIRECTION('',(1.,0.,0.));
#5311=DIRECTION('',(-1.,0.,0.));
#5312=DIRECTION('',(0.,0.,1.));
#5313=DIRECTION('',(0.,0.707106781186547,-0.707106781186548));
#5314=DIRECTION('',(0.,-1.,0.));
#5315=DIRECTION('',(0.,0.,-1.));
#5316=DIRECTION('',(1.,0.,0.));
#5317=DIRECTION('',(1.,0.,0.));
#5318=DIRECTION('',(0.,0.,-1.));
#5319=DIRECTION('',(0.,0.,1.));
#5320=DIRECTION('',(0.,1.,0.));
#5321=DIRECTION('',(0.,0.,1.));
#5322=DIRECTION('',(0.,1.,0.));
#5323=DIRECTION('',(0.,0.,1.));
#5324=DIRECTION('',(-1.,0.,0.));
#5325=DIRECTION('',(0.,0.,1.));
#5326=DIRECTION('',(1.,0.,0.));
#5327=DIRECTION('',(0.,0.,-1.));
#5328=DIRECTION('',(0.,1.,0.));
#5329=DIRECTION('',(0.,0.,1.));
#5330=DIRECTION('',(0.,-0.707106781186547,0.707106781186548));
#5331=DIRECTION('',(0.,-1.,0.));
#5332=DIRECTION('',(0.,0.,-1.));
#5333=DIRECTION('',(0.,0.,1.));
#5334=DIRECTION('',(-1.,0.,0.));
#5335=DIRECTION('',(1.,0.,0.));
#5336=DIRECTION('',(-0.894225240533983,-0.447617268648049,0.));
#5337=DIRECTION('',(0.447617268648049,-0.894225240533983,0.));
#5338=DIRECTION('',(0.,0.,1.));
#5339=DIRECTION('',(-0.447617268648049,0.894225240533983,0.));
#5340=DIRECTION('',(0.447617268648049,-0.894225240533983,0.));
#5341=DIRECTION('',(-0.92387976064215,-0.382682881608,0.));
#5342=DIRECTION('',(0.382682881608,-0.92387976064215,0.));
#5343=DIRECTION('',(0.,0.,1.));
#5344=DIRECTION('',(-0.382682881608,0.92387976064215,0.));
#5345=DIRECTION('',(0.382682881608,-0.92387976064215,0.));
#5346=DIRECTION('',(-0.948825633318576,-0.315800439451251,0.));
#5347=DIRECTION('',(0.315800439451251,-0.948825633318576,0.));
#5348=DIRECTION('',(0.,0.,1.));
#5349=DIRECTION('',(-0.315800439451251,0.948825633318576,0.));
#5350=DIRECTION('',(0.315800439451251,-0.948825633318576,0.));
#5351=DIRECTION('',(-1.,0.,0.));
#5352=DIRECTION('',(0.,0.,1.));
#5353=DIRECTION('',(0.,0.,1.));
#5354=DIRECTION('',(0.,1.,0.));
#5355=DIRECTION('',(0.,-1.,0.));
#5356=DIRECTION('',(-0.948825633318958,0.315800439450103,0.));
#5357=DIRECTION('',(-0.315800439450103,-0.948825633318958,0.));
#5358=DIRECTION('',(0.,0.,1.));
#5359=DIRECTION('',(0.315800439450103,0.948825633318958,0.));
#5360=DIRECTION('',(-0.315800439450103,-0.948825633318958,0.));
#5361=DIRECTION('',(-0.923879760641701,0.382682881609084,0.));
#5362=DIRECTION('',(-0.382682881609084,-0.923879760641702,0.));
#5363=DIRECTION('',(0.,0.,1.));
#5364=DIRECTION('',(0.382682881609084,0.923879760641702,0.));
#5365=DIRECTION('',(-0.382682881609084,-0.923879760641701,0.));
#5366=DIRECTION('',(-0.894225240534137,0.447617268647743,0.));
#5367=DIRECTION('',(-0.447617268647743,-0.894225240534137,0.));
#5368=DIRECTION('',(0.,0.,1.));
#5369=DIRECTION('',(0.447617268647743,0.894225240534137,0.));
#5370=DIRECTION('',(-0.447617268647743,-0.894225240534137,0.));
#5371=DIRECTION('',(0.,1.,0.));
#5372=DIRECTION('',(0.,0.,1.));
#5373=DIRECTION('',(0.,0.,1.));
#5374=DIRECTION('',(1.,0.,0.));
#5375=DIRECTION('',(-1.,0.,0.));
#5376=DIRECTION('',(1.,0.,0.));
#5377=DIRECTION('',(0.,0.,-1.));
#5378=DIRECTION('',(0.,-0.707106781186547,-0.707106781186548));
#5379=DIRECTION('',(0.,1.,0.));
#5380=DIRECTION('',(0.,0.,1.));
#5381=DIRECTION('',(-2.6283736818564E-16,-1.,0.));
#5382=DIRECTION('',(1.,-2.6283736818564E-16,0.));
#5383=DIRECTION('',(1.,-2.6283736818564E-16,0.));
#5384=DIRECTION('',(0.,0.,-1.));
#5385=DIRECTION('',(1.,0.,0.));
#5386=DIRECTION('',(1.39897054514259E-16,1.,0.));
#5387=DIRECTION('',(-1.,1.39897054514259E-16,0.));
#5388=DIRECTION('',(0.,0.,1.));
#5389=DIRECTION('',(-1.,1.39897054514259E-16,0.));
#5390=DIRECTION('',(0.,0.,1.));
#5391=DIRECTION('',(-1.,1.50845519650157E-16,0.));
#5392=DIRECTION('',(-1.50845519650157E-16,-1.,0.));
#5393=DIRECTION('',(0.,0.,1.));
#5394=DIRECTION('',(-1.50845519650157E-16,-1.,0.));
#5395=DIRECTION('',(0.,0.,1.));
#5396=DIRECTION('',(1.39897054514259E-16,1.,0.));
#5397=DIRECTION('',(-1.,1.39897054514259E-16,0.));
#5398=DIRECTION('',(0.,0.,-1.));
#5399=DIRECTION('',(-1.,1.39897054514259E-16,0.));
#5400=DIRECTION('',(0.,0.,1.));
#5401=DIRECTION('',(-1.,1.50845519650157E-16,0.));
#5402=DIRECTION('',(-1.50845519650157E-16,-1.,0.));
#5403=DIRECTION('',(-1.50845519650157E-16,-1.,0.));
#5404=DIRECTION('',(0.,0.,1.));
#5405=DIRECTION('',(0.,0.,1.));
#5406=DIRECTION('',(0.,0.,-1.));
#5407=DIRECTION('',(1.,0.,0.));
#5408=DIRECTION('',(0.,0.,-1.));
#5409=DIRECTION('',(-1.,0.,0.));
#5410=DIRECTION('',(0.,0.,-1.));
#5411=DIRECTION('',(-1.,0.,0.));
#5412=DIRECTION('',(0.,0.,-1.));
#5413=DIRECTION('',(-1.,0.,0.));
#5414=DIRECTION('',(0.,0.,-1.));
#5415=DIRECTION('',(-1.,0.,0.));
#5416=DIRECTION('',(0.,0.,-1.));
#5417=DIRECTION('',(-1.,0.,0.));
#5418=DIRECTION('',(3.46944695195362E-16,-1.,0.));
#5419=DIRECTION('',(0.,0.,-1.));
#5420=DIRECTION('',(-1.,0.,0.));
#5421=DIRECTION('',(-1.,1.3010426069826E-16,0.));
#5422=DIRECTION('',(0.,0.,-1.));
#5423=DIRECTION('',(-1.,0.,0.));
#5424=DIRECTION('',(3.46944695195362E-16,-1.,0.));
#5425=DIRECTION('',(0.,0.,-1.));
#5426=DIRECTION('',(-1.,0.,0.));
#5427=DIRECTION('',(0.,0.,-1.));
#5428=DIRECTION('',(-1.,0.,0.));
#5429=DIRECTION('',(0.,0.,-1.));
#5430=DIRECTION('',(-1.,0.,0.));
#5431=DIRECTION('',(0.,0.,-1.));
#5432=DIRECTION('',(-1.,0.,0.));
#5433=DIRECTION('',(0.,0.,-1.));
#5434=DIRECTION('',(-1.,0.,0.));
#5435=DIRECTION('',(0.,0.,-1.));
#5436=DIRECTION('',(-1.,0.,0.));
#5437=DIRECTION('',(0.,0.,-1.));
#5438=DIRECTION('',(-1.,0.,0.));
#5439=DIRECTION('',(0.,0.,1.));
#5440=DIRECTION('',(1.,0.,0.));
#5441=DIRECTION('',(0.,0.,-1.));
#5442=DIRECTION('',(-1.,0.,0.));
#5443=DIRECTION('',(0.,0.,-1.));
#5444=DIRECTION('',(-1.,0.,0.));
#5445=DIRECTION('',(0.,0.,-1.));
#5446=DIRECTION('',(-1.,0.,0.));
#5447=DIRECTION('',(0.,0.,-1.));
#5448=DIRECTION('',(-1.,0.,0.));
#5449=DIRECTION('',(0.,0.,-1.));
#5450=DIRECTION('',(-1.,0.,0.));
#5451=DIRECTION('',(0.,0.,-1.));
#5452=DIRECTION('',(-1.,0.,0.));
#5453=DIRECTION('',(0.,0.,-1.));
#5454=DIRECTION('',(-1.,0.,0.));
#5455=DIRECTION('',(0.,0.,-1.));
#5456=DIRECTION('',(-1.,0.,0.));
#5457=DIRECTION('',(0.,0.,-1.));
#5458=DIRECTION('',(-1.,0.,0.));
#5459=DIRECTION('',(0.,0.,-1.));
#5460=DIRECTION('',(-1.,0.,0.));
#5461=DIRECTION('',(0.,0.,-1.));
#5462=DIRECTION('',(-1.,0.,0.));
#5463=DIRECTION('',(0.,0.,-1.));
#5464=DIRECTION('',(-1.,0.,0.));
#5465=DIRECTION('',(0.,0.,-1.));
#5466=DIRECTION('',(-1.,0.,0.));
#5467=DIRECTION('',(-2.185570435742E-8,2.60626660879737E-16,-1.));
#5468=DIRECTION('',(-1.,0.,2.185570435742E-8));
#5469=DIRECTION('',(-1.3010426069826E-16,-1.,0.));
#5470=DIRECTION('',(1.,-1.3010426069826E-16,0.));
#5471=DIRECTION('',(0.,0.,-1.));
#5472=DIRECTION('',(0.,0.,-1.));
#5473=DIRECTION('',(1.,3.46944695195362E-16,0.));
#5474=DIRECTION('',(-3.46944695195362E-16,1.,0.));
#5475=DIRECTION('',(0.,0.,-1.));
#5476=DIRECTION('',(0.,0.,-1.));
#5477=DIRECTION('',(1.,3.46944695195362E-16,0.));
#5478=DIRECTION('',(-3.46944695195362E-16,1.,0.));
#5479=DIRECTION('',(0.,0.,-1.));
#5480=DIRECTION('',(0.,0.,-1.));
#5481=DIRECTION('',(0.,0.,-1.));
#5482=DIRECTION('',(-1.,0.,0.));
#5483=DIRECTION('',(0.,0.,1.));
#5484=DIRECTION('',(1.,0.,0.));
#5485=DIRECTION('',(0.,0.,1.));
#5486=DIRECTION('',(1.,0.,0.));
#5487=DIRECTION('',(0.,0.,-1.));
#5488=DIRECTION('',(-1.,0.,0.));
#5489=DIRECTION('',(0.,0.,-1.));
#5490=DIRECTION('',(-1.,0.,0.));
#5491=DIRECTION('',(0.,0.,1.));
#5492=DIRECTION('',(1.,0.,0.));
#5493=DIRECTION('',(-2.185570435742E-8,2.60626660879737E-16,-1.));
#5494=DIRECTION('',(-1.192488052748E-8,-1.,2.42642028051438E-24));
#5495=DIRECTION('',(-2.185570435742E-8,2.60626660879737E-16,-1.));
#5496=DIRECTION('',(-1.,0.,2.185570435742E-8));
#5497=DIRECTION('',(0.,0.,-1.));
#5498=DIRECTION('',(-1.,0.,0.));
#5499=DIRECTION('',(0.,0.707106781186548,0.707106781186547));
#5500=DIRECTION('',(-1.,0.,0.));
#5501=DIRECTION('',(0.400276895597703,0.647988582789336,-0.647988582789337));
#5502=DIRECTION('',(0.632312731489753,0.316513206037237,0.707106781186546));
#5503=DIRECTION('',(-0.447617268648049,0.894225240533983,0.));
#5504=DIRECTION('',(0.643411984171084,0.293836201312989,-0.706881394169476));
#5505=DIRECTION('',(0.653281643751069,0.270597660629026,0.707106781186547));
#5506=DIRECTION('',(-0.382682881608,0.92387976064215,0.));
#5507=DIRECTION('',(0.662734563163385,0.247187325968038,-0.706881407783094));
#5508=DIRECTION('',(0.670921039483186,0.223304632237671,0.707106781186548));
#5509=DIRECTION('',(-0.315800439451251,0.948825633318576,0.));
#5510=DIRECTION('',(0.702510003914909,0.113839311307423,-0.70251000391491));
#5511=DIRECTION('',(0.707106781186548,0.,0.707106781186547));
#5512=DIRECTION('',(0.,1.,0.));
#5513=DIRECTION('',(0.702510003914944,-0.113839311306986,-0.702510003914945));
#5514=DIRECTION('',(0.670921039483456,-0.22330463223686,0.707106781186547));
#5515=DIRECTION('',(0.315800439450103,0.948825633318958,0.));
#5516=DIRECTION('',(0.662734563163388,-0.247187325968071,-0.706881407783079));
#5517=DIRECTION('',(0.653281643750751,-0.270597660629793,0.707106781186548));
#5518=DIRECTION('',(0.382682881609084,0.923879760641702,0.));
#5519=DIRECTION('',(0.643411984170951,-0.293836201313259,-0.706881394169485));
#5520=DIRECTION('',(0.63231273148986,-0.316513206037019,0.707106781186547));
#5521=DIRECTION('',(0.447617268647743,0.894225240534137,0.));
#5522=DIRECTION('',(0.400276895597833,-0.647988582789296,-0.647988582789297));
#5523=DIRECTION('',(0.,-0.707106781186548,0.707106781186547));
#5524=DIRECTION('',(1.,0.,0.));
#5525=DIRECTION('',(0.,0.707106781186548,0.707106781186547));
#5526=DIRECTION('',(-1.,0.,0.));
#5527=DIRECTION('',(0.400276895597577,-0.647988582789375,0.647988582789376));
#5528=DIRECTION('',(-0.632312731489644,0.316513206037451,0.707106781186548));
#5529=DIRECTION('',(-0.447617268648352,-0.894225240533832,0.));
#5530=DIRECTION('',(0.64341198417106,-0.293836201313051,0.706881394169471));
#5531=DIRECTION('',(-0.653281643751136,0.270597660628865,0.707106781186547));
#5532=DIRECTION('',(-0.382682881607772,-0.923879760642245,0.));
#5533=DIRECTION('',(0.662734563163457,-0.247187325967847,0.706881407783093));
#5534=DIRECTION('',(-0.670921039483265,0.223304632237433,0.707106781186548));
#5535=DIRECTION('',(-0.315800439450914,-0.948825633318688,0.));
#5536=DIRECTION('',(-0.702510003914919,0.113839311307295,-0.70251000391492));
#5537=DIRECTION('',(0.707106781186548,-3.22797552204552E-16,-0.707106781186547));
#5538=DIRECTION('',(-4.56504676228514E-16,-1.,0.));
#5539=DIRECTION('',(-0.702510003914933,-0.113839311307127,-0.702510003914934));
#5540=DIRECTION('',(-0.670921039483369,-0.223304632237121,0.707106781186547));
#5541=DIRECTION('',(0.315800439450472,-0.948825633318835,0.));
#5542=DIRECTION('',(0.662734563163418,0.247187325967974,0.706881407783085));
#5543=DIRECTION('',(-0.653281643750914,-0.2705976606294,0.707106781186547));
#5544=DIRECTION('',(0.38268288160853,-0.923879760641931,0.));
#5545=DIRECTION('',(0.643411984170995,0.293836201313175,0.706881394169479));
#5546=DIRECTION('',(-0.632312731489753,-0.316513206037235,0.707106781186546));
#5547=DIRECTION('',(0.447617268648048,-0.894225240533984,0.));
#5548=DIRECTION('',(-0.400276895597704,-0.647988582789336,-0.647988582789337));
#5549=DIRECTION('',(0.,0.707106781186548,-0.707106781186547));
#5550=DIRECTION('',(1.,0.,0.));
#5551=DIRECTION('',(0.,0.,-1.));
#5552=DIRECTION('',(1.,0.,0.));
#5553=DIRECTION('',(0.,0.,-1.));
#5554=DIRECTION('',(-1.,0.,0.));
#5555=DIRECTION('',(0.,0.,-1.));
#5556=DIRECTION('',(1.,0.,0.));
#5557=DIRECTION('',(0.,0.,-1.));
#5558=DIRECTION('',(-1.,0.,0.));
#5559=DIRECTION('',(0.,0.,-1.));
#5560=DIRECTION('',(-1.,0.,0.));
#5561=DIRECTION('',(0.,0.,-1.));
#5562=DIRECTION('',(1.,0.,0.));
#5563=DIRECTION('',(0.,0.,-1.));
#5564=DIRECTION('',(-1.,0.,0.));
#5565=DIRECTION('',(0.,0.,-1.));
#5566=DIRECTION('',(1.,0.,0.));
#5567=DIRECTION('',(0.,0.,-1.));
#5568=DIRECTION('',(-1.,0.,0.));
#5569=DIRECTION('',(0.,0.,-1.));
#5570=DIRECTION('',(-1.,0.,0.));
#5571=DIRECTION('',(0.,0.,1.));
#5572=DIRECTION('',(1.,0.,0.));
#5573=DIRECTION('',(-2.08166817117217E-16,-1.,0.));
#5574=DIRECTION('',(1.,-2.08166817117217E-16,0.));
#5575=DIRECTION('',(1.,-2.08166817117217E-16,0.));
#5576=DIRECTION('',(0.,0.,1.));
#5577=DIRECTION('',(1.,-2.08166817117217E-16,0.));
#5578=DIRECTION('',(0.,0.,1.));
#5579=DIRECTION('',(-1.,1.38777878078144E-16,0.));
#5580=DIRECTION('',(-1.38777878078145E-16,-1.,0.));
#5581=DIRECTION('',(-1.38777878078145E-16,-1.,0.));
#5582=DIRECTION('',(0.,0.,1.));
#5583=DIRECTION('',(-2.47817639425258E-16,-1.,0.));
#5584=DIRECTION('',(0.,0.,1.));
#5585=DIRECTION('',(-1.38777878078145E-16,-1.,0.));
#5586=DIRECTION('',(0.,0.,1.));
#5587=DIRECTION('',(-1.38777878078145E-16,-1.,0.));
#5588=DIRECTION('',(0.,-1.,0.));
#5589=DIRECTION('',(0.,0.,-1.));
#5590=DIRECTION('',(1.,0.,0.));
#5591=DIRECTION('',(0.,0.,1.));
#5592=DIRECTION('',(1.,0.,0.));
#5593=DIRECTION('',(1.,-1.82602471155453E-16,0.));
#5594=DIRECTION('',(1.82602471155453E-16,1.,0.));
#5595=DIRECTION('',(1.82602471155453E-16,1.,0.));
#5596=DIRECTION('',(0.,0.,1.));
#5597=DIRECTION('',(1.82602471155453E-16,1.,0.));
#5598=DIRECTION('',(0.,0.,1.));
#5599=DIRECTION('',(0.,0.,1.));
#5600=DIRECTION('',(1.,0.,0.));
#5601=DIRECTION('',(0.,0.,1.));
#5602=DIRECTION('',(1.,0.,0.));
#5603=DIRECTION('',(0.,0.,1.));
#5604=DIRECTION('',(0.,0.,1.));
#5605=DIRECTION('',(1.,0.,0.));
#5606=DIRECTION('',(-1.82602471155453E-16,-1.,0.));
#5607=DIRECTION('',(1.,-1.82602471155453E-16,0.));
#5608=DIRECTION('',(1.,-1.82602471155453E-16,0.));
#5609=DIRECTION('',(0.,0.,1.));
#5610=DIRECTION('',(1.,-1.82602471155453E-16,0.));
#5611=DIRECTION('',(0.,0.,1.));
#5612=DIRECTION('',(1.,0.,0.));
#5613=DIRECTION('',(0.,0.,1.));
#5614=DIRECTION('',(1.,0.,0.));
#5615=DIRECTION('',(0.,0.,1.));
#5616=DIRECTION('',(0.,0.,1.));
#5617=DIRECTION('',(1.,0.,0.));
#5618=DIRECTION('',(1.,-1.82602471155453E-16,0.));
#5619=DIRECTION('',(1.82602471155453E-16,1.,0.));
#5620=DIRECTION('',(1.82602471155453E-16,1.,0.));
#5621=DIRECTION('',(0.,0.,1.));
#5622=DIRECTION('',(1.82602471155453E-16,1.,0.));
#5623=DIRECTION('',(0.,0.,1.));
#5624=DIRECTION('',(1.,0.,0.));
#5625=DIRECTION('',(0.,0.,1.));
#5626=DIRECTION('',(1.,0.,0.));
#5627=DIRECTION('',(0.,0.,1.));
#5628=DIRECTION('',(0.,0.,1.));
#5629=DIRECTION('',(1.,0.,0.));
#5630=DIRECTION('',(-1.82602471155453E-16,-1.,0.));
#5631=DIRECTION('',(1.,-1.82602471155453E-16,0.));
#5632=DIRECTION('',(1.,-1.82602471155453E-16,0.));
#5633=DIRECTION('',(0.,0.,1.));
#5634=DIRECTION('',(1.,-1.82602471155453E-16,0.));
#5635=DIRECTION('',(0.,0.,1.));
#5636=DIRECTION('',(1.,0.,0.));
#5637=DIRECTION('',(0.,0.,1.));
#5638=DIRECTION('',(1.,0.,0.));
#5639=DIRECTION('',(0.,0.,1.));
#5640=DIRECTION('',(1.,0.,0.));
#5641=DIRECTION('',(-1.,1.38777878078145E-16,0.));
#5642=DIRECTION('',(-1.38777878078145E-16,-1.,0.));
#5643=DIRECTION('',(0.,0.,1.));
#5644=DIRECTION('',(1.38777878078145E-16,1.,0.));
#5645=DIRECTION('',(0.,0.,1.));
#5646=DIRECTION('',(-2.47817639425258E-16,-1.,0.));
#5647=DIRECTION('',(-1.38777878078145E-16,-1.,0.));
#5648=DIRECTION('',(-1.38777878078145E-16,-1.,0.));
#5649=DIRECTION('',(0.,0.,-1.));
#5650=DIRECTION('',(1.,0.,0.));
#5651=DIRECTION('',(0.,0.,-1.));
#5652=DIRECTION('',(1.,0.,0.));
#5653=DIRECTION('',(0.,0.,-1.));
#5654=DIRECTION('',(1.,0.,0.));
#5655=DIRECTION('',(1.23908819712629E-16,1.,0.));
#5656=DIRECTION('',(-1.,1.23908819712629E-16,0.));
#5657=DIRECTION('',(-1.,1.23908819712629E-16,0.));
#5658=DIRECTION('',(0.707106781186547,-8.76167666676214E-17,-0.707106781186548));
#5659=DIRECTION('',(-1.,1.23908819712629E-16,0.));
#5660=DIRECTION('',(0.,0.,1.));
#5661=DIRECTION('',(1.22464679914735E-16,1.,0.));
#5662=DIRECTION('',(-1.,1.22464679914735E-16,0.));
#5663=DIRECTION('',(-1.,1.22464679914735E-16,0.));
#5664=DIRECTION('',(0.,0.,1.));
#5665=DIRECTION('',(-1.,1.22464679914735E-16,0.));
#5666=DIRECTION('',(-0.707106781186547,8.65956056235493E-17,0.707106781186548));
#5667=DIRECTION('',(-1.,2.47817639425258E-16,0.));
#5668=DIRECTION('',(-2.47817639425258E-16,-1.,0.));
#5669=DIRECTION('',(-2.47817639425258E-16,-1.,0.));
#5670=DIRECTION('',(-2.47817639425258E-16,-1.,0.));
#5671=DIRECTION('',(0.,0.,-1.));
#5672=DIRECTION('',(1.,0.,0.));
#5673=DIRECTION('',(-1.38777878078145E-16,-1.,0.));
#5674=DIRECTION('',(0.,0.,-1.));
#5675=DIRECTION('',(1.,0.,0.));
#5676=DIRECTION('',(0.,-1.,0.));
#5677=DIRECTION('',(0.,0.,-1.));
#5678=DIRECTION('',(1.,0.,0.));
#5679=DIRECTION('',(0.,0.,1.));
#5680=DIRECTION('',(-0.707106781186547,0.,-0.707106781186548));
#5681=DIRECTION('',(-1.,0.,0.));
#5682=DIRECTION('',(0.,0.,1.));
#5683=DIRECTION('',(0.,-1.,0.));
#5684=DIRECTION('',(0.,0.,1.));
#5685=DIRECTION('',(0.,-1.,0.));
#5686=DIRECTION('',(0.,-1.,0.));
#5687=DIRECTION('',(0.,0.,-1.));
#5688=DIRECTION('',(1.,0.,0.));
#5689=DIRECTION('',(0.707106781186547,0.,0.707106781186548));
#5690=DIRECTION('',(0.,0.,-1.));
#5691=DIRECTION('',(1.,0.,0.));
#5692=DIRECTION('',(-0.707106781186548,9.8130778667736E-17,-0.707106781186547));
#5693=DIRECTION('',(1.38777878078145E-16,1.,0.));
#5694=DIRECTION('',(-0.707106781186548,9.81307786677359E-17,0.707106781186547));
#5695=DIRECTION('',(-1.38777878078145E-16,-1.,0.));
#5696=DIRECTION('',(0.,0.,1.));
#5697=DIRECTION('',(1.,0.,0.));
#5698=DIRECTION('',(0.,0.,-1.));
#5699=DIRECTION('',(-1.,0.,0.));
#5700=DIRECTION('',(0.,0.,-1.));
#5701=DIRECTION('',(1.,0.,0.));
#5702=DIRECTION('',(0.,0.,-1.));
#5703=DIRECTION('',(-1.,0.,0.));
#5704=DIRECTION('',(0.,0.,1.));
#5705=DIRECTION('',(1.,0.,0.));
#5706=DIRECTION('',(0.,0.,1.));
#5707=DIRECTION('',(1.,0.,0.));
#5708=DIRECTION('',(0.,0.,1.));
#5709=DIRECTION('',(1.,0.,0.));
#5710=DIRECTION('',(0.,0.,-1.));
#5711=DIRECTION('',(1.,0.,0.));
#5712=DIRECTION('',(0.,0.,-1.));
#5713=DIRECTION('',(-1.,0.,0.));
#5714=DIRECTION('',(0.,0.,1.));
#5715=DIRECTION('',(1.,0.,0.));
#5716=DIRECTION('',(0.,0.,1.));
#5717=DIRECTION('',(1.,0.,0.));
#5718=DIRECTION('',(2.185570435742E-8,-2.60626660879737E-16,1.));
#5719=DIRECTION('',(1.,0.,-2.185570435742E-8));
#5720=DIRECTION('',(-2.185570435742E-8,2.60626660879737E-16,-1.));
#5721=DIRECTION('',(-1.,0.,2.185570435742E-8));
#5722=DIRECTION('',(-2.185570435742E-8,2.60626660879737E-16,-1.));
#5723=DIRECTION('',(-1.,0.,2.185570435742E-8));
#5724=DIRECTION('',(-2.185570435742E-8,2.60626660879737E-16,-1.));
#5725=DIRECTION('',(1.,5.69617924784909E-24,-2.185570435742E-8));
#5726=DIRECTION('',(-2.185570435742E-8,2.60626660879737E-16,-1.));
#5727=DIRECTION('',(-1.192488052748E-8,-1.,2.42642028051438E-24));
#5728=DIRECTION('',(2.18557044684431E-8,0.,1.));
#5729=DIRECTION('',(1.,0.,-2.18557044684431E-8));
#5730=DIRECTION('',(2.18557044684431E-8,0.,1.));
#5731=DIRECTION('',(1.,0.,-2.18557044684431E-8));
#5732=DIRECTION('',(2.18557044684431E-8,0.,1.));
#5733=DIRECTION('',(1.,0.,-2.18557044684431E-8));
#5734=DIRECTION('',(2.18557044684431E-8,0.,1.));
#5735=DIRECTION('',(-1.192488052748E-8,-1.,2.60626664630095E-16));
#5736=DIRECTION('',(0.,0.,1.));
#5737=DIRECTION('',(1.,0.,0.));
#5738=DIRECTION('',(0.,0.,-1.));
#5739=DIRECTION('',(-1.,0.,0.));
#5740=DIRECTION('',(-1.,1.82602471155453E-16,0.));
#5741=DIRECTION('',(-1.82602471155453E-16,-1.,0.));
#5742=DIRECTION('',(-1.,1.82602471155453E-16,0.));
#5743=DIRECTION('',(-1.82602471155453E-16,-1.,0.));
#5744=DIRECTION('',(-1.58138378814438E-16,-0.866025403784438,0.5));
#5745=DIRECTION('',(0.,-0.5,-0.866025403784439));
#5746=DIRECTION('',(-1.,1.82602471155453E-16,0.));
#5747=DIRECTION('',(9.13012355777268E-17,0.5,0.866025403784438));
#5748=DIRECTION('',(-1.,1.82602471155453E-16,0.));
#5749=DIRECTION('',(9.13012355777268E-17,0.5,0.866025403784438));
#5750=DIRECTION('',(1.,-1.82602471155453E-16,0.));
#5751=DIRECTION('',(1.71590194682051E-16,0.939692620785909,0.342020143325668));
#5752=DIRECTION('',(0.,-0.342020143325668,0.939692620785909));
#5753=DIRECTION('',(6.24537233562095E-17,0.342020143325668,-0.939692620785908));
#5754=DIRECTION('',(-1.,1.82602471155453E-16,0.));
#5755=DIRECTION('',(6.24537233562095E-17,0.342020143325668,-0.939692620785909));
#5756=DIRECTION('',(-9.13012355777266E-17,-0.5,-0.866025403784439));
#5757=DIRECTION('',(0.,0.866025403784439,-0.5));
#5758=DIRECTION('',(-1.58138378814438E-16,-0.866025403784439,0.5));
#5759=DIRECTION('',(-1.,1.82602471155453E-16,0.));
#5760=DIRECTION('',(-1.,1.82602471155453E-16,0.));
#5761=DIRECTION('',(1.,-1.82602471155453E-16,0.));
#5762=DIRECTION('',(-1.58138378814438E-16,-0.866025403784439,0.5));
#5763=DIRECTION('',(-1.82602471155453E-16,-1.,0.));
#5764=DIRECTION('',(1.,-1.82602471155453E-16,0.));
#5765=DIRECTION('',(0.,0.,1.));
#5766=DIRECTION('',(0.,0.,1.));
#5767=DIRECTION('',(1.63324615345215E-16,0.894427190999916,0.447213595499958));
#5768=DIRECTION('',(0.,-0.447213595499958,0.894427190999916));
#5769=DIRECTION('',(-8.16623076726077E-17,-0.447213595499958,0.894427190999916));
#5770=DIRECTION('',(-8.16623076726077E-17,-0.447213595499958,0.894427190999916));
#5771=DIRECTION('',(-1.,1.82602471155453E-16,0.));
#5772=DIRECTION('',(-1.82602471155453E-16,-1.,0.));
#5773=DIRECTION('',(-1.,1.82602471155453E-16,0.));
#5774=DIRECTION('',(-1.82602471155453E-16,-1.,0.));
#5775=DIRECTION('',(1.,-1.82602471155453E-16,0.));
#5776=DIRECTION('',(1.82602471155453E-16,1.,0.));
#5777=DIRECTION('',(8.16623076726077E-17,0.447213595499958,-0.894427190999916));
#5778=DIRECTION('',(1.63324615345215E-16,0.894427190999916,0.447213595499958));
#5779=DIRECTION('',(0.,-0.447213595499958,0.894427190999916));
#5780=DIRECTION('',(8.16623076726077E-17,0.447213595499958,-0.894427190999916));
#5781=DIRECTION('',(1.,-1.82602471155453E-16,0.));
#5782=DIRECTION('',(1.82602471155453E-16,1.,0.));
#5783=CARTESIAN_POINT('',(0.,0.,0.));
#5784=CARTESIAN_POINT('',(-0.00640343271,-0.02112005428,0.258117621135332));
#5785=CARTESIAN_POINT('',(-0.00640343271,-0.02112005428,0.0001));
#5786=CARTESIAN_POINT('',(-0.00811103330758657,-0.0177566452377623,9.9999999999989E-5));
#5787=CARTESIAN_POINT('',(-0.00918525594999774,-0.0156407815200014,9.9999999999989E-5));
#5788=CARTESIAN_POINT('',(-0.00811103330758656,-0.0177566452377623,0.258117621135332));
#5789=CARTESIAN_POINT('',(-0.00811103330758656,-0.0177566452377623,-0.0018));
#5790=CARTESIAN_POINT('',(-0.00640343271,-0.02112005428,-0.0018));
#5791=CARTESIAN_POINT('',(-0.00918525594999774,-0.0156407815200014,-0.0018));
#5792=CARTESIAN_POINT('',(-0.00918525594999774,-0.0156407815200014,0.258117621135332));
#5793=CARTESIAN_POINT('',(-0.00918525595,-0.01564078152,0.258117621135332));
#5794=CARTESIAN_POINT('',(-0.00918525595,-0.01564078152,0.0001));
#5795=CARTESIAN_POINT('',(-0.00987319463000198,-0.0152326085999986,9.9999999999989E-5));
#5796=CARTESIAN_POINT('',(-0.00918525595,-0.01564078152,-0.0018));
#5797=CARTESIAN_POINT('',(-0.00987319463000198,-0.0152326085999986,-0.0018));
#5798=CARTESIAN_POINT('',(-0.00987319463000198,-0.0152326085999986,0.258117621135332));
#5799=CARTESIAN_POINT('',(-0.00987319463,-0.0152326086,0.258117621135332));
#5800=CARTESIAN_POINT('',(-0.00987319463,-0.0152326086,0.0001));
#5801=CARTESIAN_POINT('',(-0.0109440002099978,-0.0144891353600018,9.9999999999989E-5));
#5802=CARTESIAN_POINT('',(-0.00987319463,-0.0152326086,-0.0018));
#5803=CARTESIAN_POINT('',(-0.0109440002099978,-0.0144891353600018,-0.0018));
#5804=CARTESIAN_POINT('',(-0.0109440002099978,-0.0144891353600018,0.258117621135332));
#5805=CARTESIAN_POINT('',(-0.01094400021,-0.01448913536,0.258117621135332));
#5806=CARTESIAN_POINT('',(-0.01094400021,-0.01448913536,0.0001));
#5807=CARTESIAN_POINT('',(-0.0119590375500032,-0.013671163919997,9.9999999999989E-5));
#5808=CARTESIAN_POINT('',(-0.01094400021,-0.01448913536,-0.0018));
#5809=CARTESIAN_POINT('',(-0.0119590375500032,-0.013671163919997,-0.0018));
#5810=CARTESIAN_POINT('',(-0.0119590375500032,-0.013671163919997,0.258117621135332));
#5811=CARTESIAN_POINT('',(-0.01195903755,-0.01367116392,0.258117621135332));
#5812=CARTESIAN_POINT('',(-0.01195903755,-0.01367116392,0.0001));
#5813=CARTESIAN_POINT('',(-0.012913137750003,-0.0127828674999967,9.9999999999989E-5));
#5814=CARTESIAN_POINT('',(-0.01195903755,-0.01367116392,-0.0018));
#5815=CARTESIAN_POINT('',(-0.012913137750003,-0.0127828674999967,-0.0018));
#5816=CARTESIAN_POINT('',(-0.012913137750003,-0.0127828674999967,0.258117621135332));
#5817=CARTESIAN_POINT('',(-0.01291313775,-0.0127828675,0.258117621135332));
#5818=CARTESIAN_POINT('',(-0.01291313775,-0.0127828675,0.0001));
#5819=CARTESIAN_POINT('',(-0.0138014341699974,-0.0118287673000032,9.9999999999989E-5));
#5820=CARTESIAN_POINT('',(-0.01291313775,-0.0127828675,-0.0018));
#5821=CARTESIAN_POINT('',(-0.0138014341699974,-0.0118287673000032,-0.0018));
#5822=CARTESIAN_POINT('',(-0.0138014341699974,-0.0118287673000032,0.258117621135332));
#5823=CARTESIAN_POINT('',(-0.01380143417,-0.0118287673,0.258117621135332));
#5824=CARTESIAN_POINT('',(-0.01380143417,-0.0118287673,0.0001));
#5825=CARTESIAN_POINT('',(-0.0146194056099977,-0.0108137299600033,9.9999999999989E-5));
#5826=CARTESIAN_POINT('',(-0.01380143417,-0.0118287673,-0.0018));
#5827=CARTESIAN_POINT('',(-0.0146194056099977,-0.0108137299600033,-0.0018));
#5828=CARTESIAN_POINT('',(-0.0146194056099977,-0.0108137299600033,0.258117621135332));
#5829=CARTESIAN_POINT('',(-0.01461940561,-0.01081372996,0.258117621135332));
#5830=CARTESIAN_POINT('',(-0.01461940561,-0.01081372996,0.0001));
#5831=CARTESIAN_POINT('',(-0.0153628788500018,-0.00974292437999691,9.9999999999989E-5));
#5832=CARTESIAN_POINT('',(-0.01461940561,-0.01081372996,-0.0018));
#5833=CARTESIAN_POINT('',(-0.0153628788500018,-0.00974292437999691,-0.0018));
#5834=CARTESIAN_POINT('',(-0.0153628788500018,-0.00974292437999691,0.258117621135332));
#5835=CARTESIAN_POINT('',(-0.01536287885,-0.00974292438,0.258117621135332));
#5836=CARTESIAN_POINT('',(-0.01536287885,-0.00974292438,0.0001));
#5837=CARTESIAN_POINT('',(-0.0160280667500004,-0.00862180901999915,9.9999999999989E-5));
#5838=CARTESIAN_POINT('',(-0.01536287885,-0.00974292438,-0.0018));
#5839=CARTESIAN_POINT('',(-0.0160280667500004,-0.00862180901999915,-0.0018));
#5840=CARTESIAN_POINT('',(-0.0160280667500004,-0.00862180901999915,0.258117621135332));
#5841=CARTESIAN_POINT('',(-0.01602806675,-0.00862180902,0.258117621135332));
#5842=CARTESIAN_POINT('',(-0.01602806675,-0.00862180902,0.0001));
#5843=CARTESIAN_POINT('',(-0.0166115809500001,-0.00745609633999962,9.9999999999989E-5));
#5844=CARTESIAN_POINT('',(-0.01602806675,-0.00862180902,-0.0018));
#5845=CARTESIAN_POINT('',(-0.0166115809500001,-0.00745609633999962,-0.0018));
#5846=CARTESIAN_POINT('',(-0.0166115809500001,-0.00745609633999962,0.258117621135332));
#5847=CARTESIAN_POINT('',(-0.01661158095,-0.00745609634,0.258117621135332));
#5848=CARTESIAN_POINT('',(-0.01661158095,-0.00745609634,0.0001));
#5849=CARTESIAN_POINT('',(-0.0171104471100007,-0.00625172485999797,9.9999999999989E-5));
#5850=CARTESIAN_POINT('',(-0.01661158095,-0.00745609634,-0.0018));
#5851=CARTESIAN_POINT('',(-0.0171104471100007,-0.00625172485999797,-0.0018));
#5852=CARTESIAN_POINT('',(-0.0171104471100007,-0.00625172485999797,0.258117621135332));
#5853=CARTESIAN_POINT('',(-0.01711044711,-0.00625172486,0.258117621135332));
#5854=CARTESIAN_POINT('',(-0.01711044711,-0.00625172486,0.0001));
#5855=CARTESIAN_POINT('',(-0.0175221252299989,-0.00501483376000413,9.9999999999989E-5));
#5856=CARTESIAN_POINT('',(-0.01711044711,-0.00625172486,-0.0018));
#5857=CARTESIAN_POINT('',(-0.0175221252299989,-0.00501483376000413,-0.0018));
#5858=CARTESIAN_POINT('',(-0.0175221252299989,-0.00501483376000413,0.258117621135332));
#5859=CARTESIAN_POINT('',(-0.01752212523,-0.00501483376,0.258117621135332));
#5860=CARTESIAN_POINT('',(-0.01752212523,-0.00501483376,0.0001));
#5861=CARTESIAN_POINT('',(-0.0178445147300004,-0.00375172731999775,9.9999999999989E-5));
#5862=CARTESIAN_POINT('',(-0.01752212523,-0.00501483376,-0.0018));
#5863=CARTESIAN_POINT('',(-0.0178445147300004,-0.00375172731999775,-0.0018));
#5864=CARTESIAN_POINT('',(-0.0178445147300004,-0.00375172731999775,0.258117621135332));
#5865=CARTESIAN_POINT('',(-0.01784451473,-0.00375172732,0.258117621135332));
#5866=CARTESIAN_POINT('',(-0.01784451473,-0.00375172732,0.0001));
#5867=CARTESIAN_POINT('',(-0.0180759722299998,-0.00246883682000178,9.9999999999989E-5));
#5868=CARTESIAN_POINT('',(-0.01784451473,-0.00375172732,-0.0018));
#5869=CARTESIAN_POINT('',(-0.0180759722299998,-0.00246883682000178,-0.0018));
#5870=CARTESIAN_POINT('',(-0.0180759722299998,-0.00246883682000178,0.258117621135332));
#5871=CARTESIAN_POINT('',(-0.01807597223,-0.00246883682,0.258117621135332));
#5872=CARTESIAN_POINT('',(-0.01807597223,-0.00246883682,0.0001));
#5873=CARTESIAN_POINT('',(-0.01821532171,-0.00117270529999846,9.9999999999989E-5));
#5874=CARTESIAN_POINT('',(-0.01807597223,-0.00246883682,-0.0018));
#5875=CARTESIAN_POINT('',(-0.01821532171,-0.00117270529999846,-0.0018));
#5876=CARTESIAN_POINT('',(-0.01821532171,-0.00117270529999846,0.258117621135332));
#5877=CARTESIAN_POINT('',(-0.01821532171,-0.0011727053,0.258117621135332));
#5878=CARTESIAN_POINT('',(-0.01821532171,-0.0011727053,0.0001));
#5879=CARTESIAN_POINT('',(-0.01826184943,0.000130065779999837,9.9999999999989E-5));
#5880=CARTESIAN_POINT('',(-0.01821532171,-0.0011727053,-0.0018));
#5881=CARTESIAN_POINT('',(-0.01826184943,0.000130065779999837,-0.0018));
#5882=CARTESIAN_POINT('',(-0.01826184943,0.000130065779999837,0.258117621135332));
#5883=CARTESIAN_POINT('',(-0.01826184943,0.00013006578,0.258117621135332));
#5884=CARTESIAN_POINT('',(-0.01826184943,0.00013006578,0.0001));
#5885=CARTESIAN_POINT('',(-0.01821532171,0.00143283686000005,9.9999999999989E-5));
#5886=CARTESIAN_POINT('',(-0.01826184943,0.00013006578,-0.0018));
#5887=CARTESIAN_POINT('',(-0.01821532171,0.00143283686000005,-0.0018));
#5888=CARTESIAN_POINT('',(-0.01821532171,0.00143283686000005,0.258117621135332));
#5889=CARTESIAN_POINT('',(-0.01821532171,0.00143283686,0.258117621135332));
#5890=CARTESIAN_POINT('',(-0.01821532171,0.00143283686,0.0001));
#5891=CARTESIAN_POINT('',(-0.0180759722300003,0.00272896837999839,9.9999999999989E-5));
#5892=CARTESIAN_POINT('',(-0.01821532171,0.00143283686,-0.0018));
#5893=CARTESIAN_POINT('',(-0.0180759722300003,0.00272896837999839,-0.0018));
#5894=CARTESIAN_POINT('',(-0.0180759722300003,0.00272896837999839,0.258117621135332));
#5895=CARTESIAN_POINT('',(-0.01807597223,0.00272896838,0.258117621135332));
#5896=CARTESIAN_POINT('',(-0.01807597223,0.00272896838,0.0001));
#5897=CARTESIAN_POINT('',(-0.0178445147299995,0.00401185888000169,9.9999999999989E-5));
#5898=CARTESIAN_POINT('',(-0.01807597223,0.00272896838,-0.0018));
#5899=CARTESIAN_POINT('',(-0.0178445147299995,0.00401185888000169,-0.0018));
#5900=CARTESIAN_POINT('',(-0.0178445147299995,0.00401185888000169,0.258117621135332));
#5901=CARTESIAN_POINT('',(-0.01784451473,0.00401185888,0.258117621135332));
#5902=CARTESIAN_POINT('',(-0.01784451473,0.00401185888,0.0001));
#5903=CARTESIAN_POINT('',(-0.0175221252300008,0.00527496531999778,9.9999999999989E-5));
#5904=CARTESIAN_POINT('',(-0.01784451473,0.00401185888,-0.0018));
#5905=CARTESIAN_POINT('',(-0.0175221252300008,0.00527496531999778,-0.0018));
#5906=CARTESIAN_POINT('',(-0.0175221252300008,0.00527496531999778,0.258117621135332));
#5907=CARTESIAN_POINT('',(-0.01752212523,0.00527496532,0.258117621135332));
#5908=CARTESIAN_POINT('',(-0.01752212523,0.00527496532,0.0001));
#5909=CARTESIAN_POINT('',(-0.0171104471099983,0.00651185642000395,9.9999999999989E-5));
#5910=CARTESIAN_POINT('',(-0.01752212523,0.00527496532,-0.0018));
#5911=CARTESIAN_POINT('',(-0.0171104471099983,0.00651185642000395,-0.0018));
#5912=CARTESIAN_POINT('',(-0.0171104471099983,0.00651185642000395,0.258117621135332));
#5913=CARTESIAN_POINT('',(-0.01711044711,0.00651185642,0.258117621135332));
#5914=CARTESIAN_POINT('',(-0.01711044711,0.00651185642,0.0001));
#5915=CARTESIAN_POINT('',(-0.0166115809500011,0.00771622789999793,9.9999999999989E-5));
#5916=CARTESIAN_POINT('',(-0.01711044711,0.00651185642,-0.0018));
#5917=CARTESIAN_POINT('',(-0.0166115809500011,0.00771622789999793,-0.0018));
#5918=CARTESIAN_POINT('',(-0.0166115809500011,0.00771622789999793,0.258117621135332));
#5919=CARTESIAN_POINT('',(-0.01661158095,0.0077162279,0.258117621135332));
#5920=CARTESIAN_POINT('',(-0.01661158095,0.0077162279,0.0001));
#5921=CARTESIAN_POINT('',(-0.0160280667500002,0.00888194057999959,9.9999999999989E-5));
#5922=CARTESIAN_POINT('',(-0.01661158095,0.0077162279,-0.0018));
#5923=CARTESIAN_POINT('',(-0.0160280667500002,0.00888194057999959,-0.0018));
#5924=CARTESIAN_POINT('',(-0.0160280667500002,0.00888194057999959,0.258117621135332));
#5925=CARTESIAN_POINT('',(-0.01602806675,0.00888194058,0.258117621135332));
#5926=CARTESIAN_POINT('',(-0.01602806675,0.00888194058,0.0001));
#5927=CARTESIAN_POINT('',(-0.0153628788500005,0.0100030559399992,9.9999999999989E-5));
#5928=CARTESIAN_POINT('',(-0.01602806675,0.00888194058,-0.0018));
#5929=CARTESIAN_POINT('',(-0.0153628788500005,0.0100030559399992,-0.0018));
#5930=CARTESIAN_POINT('',(-0.0153628788500005,0.0100030559399992,0.258117621135332));
#5931=CARTESIAN_POINT('',(-0.01536287885,0.01000305594,0.258117621135332));
#5932=CARTESIAN_POINT('',(-0.01536287885,0.01000305594,0.0001));
#5933=CARTESIAN_POINT('',(-0.0146194056100018,0.0110738615199978,9.9999999999989E-5));
#5934=CARTESIAN_POINT('',(-0.01536287885,0.01000305594,-0.0018));
#5935=CARTESIAN_POINT('',(-0.0146194056100018,0.0110738615199978,-0.0018));
#5936=CARTESIAN_POINT('',(-0.0146194056100018,0.0110738615199978,0.258117621135332));
#5937=CARTESIAN_POINT('',(-0.01461940561,0.01107386152,0.258117621135332));
#5938=CARTESIAN_POINT('',(-0.01461940561,0.01107386152,0.0001));
#5939=CARTESIAN_POINT('',(-0.013801434169997,0.0120888988600032,9.9999999999989E-5));
#5940=CARTESIAN_POINT('',(-0.01461940561,0.01107386152,-0.0018));
#5941=CARTESIAN_POINT('',(-0.013801434169997,0.0120888988600032,-0.0018));
#5942=CARTESIAN_POINT('',(-0.013801434169997,0.0120888988600032,0.258117621135332));
#5943=CARTESIAN_POINT('',(-0.01380143417,0.01208889886,0.258117621135332));
#5944=CARTESIAN_POINT('',(-0.01380143417,0.01208889886,0.0001));
#5945=CARTESIAN_POINT('',(-0.0129131377499967,0.0130429990600031,9.9999999999989E-5));
#5946=CARTESIAN_POINT('',(-0.01380143417,0.01208889886,-0.0018));
#5947=CARTESIAN_POINT('',(-0.0129131377499967,0.0130429990600031,-0.0018));
#5948=CARTESIAN_POINT('',(-0.0129131377499967,0.0130429990600031,0.258117621135332));
#5949=CARTESIAN_POINT('',(-0.01291313775,0.01304299906,0.258117621135332));
#5950=CARTESIAN_POINT('',(-0.01291313775,0.01304299906,0.0001));
#5951=CARTESIAN_POINT('',(-0.0119590375500036,0.0139312954799971,9.9999999999989E-5));
#5952=CARTESIAN_POINT('',(-0.01291313775,0.01304299906,-0.0018));
#5953=CARTESIAN_POINT('',(-0.0119590375500036,0.0139312954799971,-0.0018));
#5954=CARTESIAN_POINT('',(-0.0119590375500036,0.0139312954799971,0.258117621135332));
#5955=CARTESIAN_POINT('',(-0.01195903755,0.01393129548,0.258117621135332));
#5956=CARTESIAN_POINT('',(-0.01195903755,0.01393129548,0.0001));
#5957=CARTESIAN_POINT('',(-0.0109440002100037,0.0147492669199974,9.9999999999989E-5));
#5958=CARTESIAN_POINT('',(-0.01195903755,0.01393129548,-0.0018));
#5959=CARTESIAN_POINT('',(-0.0109440002100037,0.0147492669199974,-0.0018));
#5960=CARTESIAN_POINT('',(-0.0109440002100037,0.0147492669199974,0.258117621135332));
#5961=CARTESIAN_POINT('',(-0.01094400021,0.01474926692,0.258117621135332));
#5962=CARTESIAN_POINT('',(-0.01094400021,0.01474926692,0.0001));
#5963=CARTESIAN_POINT('',(-0.00987319462999713,0.0154927401600017,9.9999999999989E-5));
#5964=CARTESIAN_POINT('',(-0.01094400021,0.01474926692,-0.0018));
#5965=CARTESIAN_POINT('',(-0.00987319462999713,0.0154927401600017,-0.0018));
#5966=CARTESIAN_POINT('',(-0.00987319462999713,0.0154927401600017,0.258117621135332));
#5967=CARTESIAN_POINT('',(-0.00987319463,0.01549274016,0.258117621135332));
#5968=CARTESIAN_POINT('',(-0.00987319463,0.01549274016,0.0001));
#5969=CARTESIAN_POINT('',(-0.00875207926999915,0.0161579280600005,9.9999999999989E-5));
#5970=CARTESIAN_POINT('',(-0.00987319463,0.01549274016,-0.0018));
#5971=CARTESIAN_POINT('',(-0.00875207926999915,0.0161579280600005,-0.0018));
#5972=CARTESIAN_POINT('',(-0.00875207926999915,0.0161579280600005,0.258117621135332));
#5973=CARTESIAN_POINT('',(-0.00875207927,0.01615792806,0.258117621135332));
#5974=CARTESIAN_POINT('',(-0.00875207927,0.01615792806,0.0001));
#5975=CARTESIAN_POINT('',(-0.0075863665899996,0.0167414422600001,9.9999999999989E-5));
#5976=CARTESIAN_POINT('',(-0.00875207927,0.01615792806,-0.0018));
#5977=CARTESIAN_POINT('',(-0.0075863665899996,0.0167414422600001,-0.0018));
#5978=CARTESIAN_POINT('',(-0.0075863665899996,0.0167414422600001,0.258117621135332));
#5979=CARTESIAN_POINT('',(-0.00758636659,0.01674144226,0.258117621135332));
#5980=CARTESIAN_POINT('',(-0.00758636659,0.01674144226,0.0001));
#5981=CARTESIAN_POINT('',(-0.00638199510999848,0.0172403084200005,9.9999999999989E-5));
#5982=CARTESIAN_POINT('',(-0.00758636659,0.01674144226,-0.0018));
#5983=CARTESIAN_POINT('',(-0.00638199510999848,0.0172403084200005,-0.0018));
#5984=CARTESIAN_POINT('',(-0.00638199510999848,0.0172403084200005,0.258117621135332));
#5985=CARTESIAN_POINT('',(-0.00638199511,0.01724030842,0.258117621135332));
#5986=CARTESIAN_POINT('',(-0.00638199511,0.01724030842,0.0001));
#5987=CARTESIAN_POINT('',(-0.00514510401000314,0.0176519865399992,9.9999999999989E-5));
#5988=CARTESIAN_POINT('',(-0.00638199511,0.01724030842,-0.0018));
#5989=CARTESIAN_POINT('',(-0.00514510401000314,0.0176519865399992,-0.0018));
#5990=CARTESIAN_POINT('',(-0.00514510401000314,0.0176519865399992,0.258117621135332));
#5991=CARTESIAN_POINT('',(-0.00514510401,0.01765198654,0.258117621135332));
#5992=CARTESIAN_POINT('',(-0.00514510401,0.01765198654,0.0001));
#5993=CARTESIAN_POINT('',(-0.00388199756999824,0.0179743760400003,9.9999999999989E-5));
#5994=CARTESIAN_POINT('',(-0.00514510401,0.01765198654,-0.0018));
#5995=CARTESIAN_POINT('',(-0.00388199756999824,0.0179743760400003,-0.0018));
#5996=CARTESIAN_POINT('',(-0.00388199756999824,0.0179743760400003,0.258117621135332));
#5997=CARTESIAN_POINT('',(-0.00388199757,0.01797437604,0.258117621135332));
#5998=CARTESIAN_POINT('',(-0.00388199757,0.01797437604,0.0001));
#5999=CARTESIAN_POINT('',(-0.0025991070700013,0.0182058335399999,9.9999999999989E-5));
#6000=CARTESIAN_POINT('',(-0.00388199757,0.01797437604,-0.0018));
#6001=CARTESIAN_POINT('',(-0.0025991070700013,0.0182058335399999,-0.0018));
#6002=CARTESIAN_POINT('',(-0.0025991070700013,0.0182058335399999,0.258117621135332));
#6003=CARTESIAN_POINT('',(-0.00259910707,0.01820583354,0.258117621135332));
#6004=CARTESIAN_POINT('',(-0.00259910707,0.01820583354,0.0001));
#6005=CARTESIAN_POINT('',(-0.00130297554999895,0.01834518302,9.9999999999989E-5));
#6006=CARTESIAN_POINT('',(-0.00259910707,0.01820583354,-0.0018));
#6007=CARTESIAN_POINT('',(-0.00130297554999895,0.01834518302,-0.0018));
#6008=CARTESIAN_POINT('',(-0.00130297554999895,0.01834518302,0.258117621135332));
#6009=CARTESIAN_POINT('',(-0.00130297555,0.01834518302,0.258117621135332));
#6010=CARTESIAN_POINT('',(-0.00130297555,0.01834518302,0.0001));
#6011=CARTESIAN_POINT('',(-2.04470000098045E-7,0.01839171074,9.9999999999989E-5));
#6012=CARTESIAN_POINT('',(-0.00130297555,0.01834518302,-0.0018));
#6013=CARTESIAN_POINT('',(-2.04470000098045E-7,0.01839171074,-0.0018));
#6014=CARTESIAN_POINT('',(-2.04470000098045E-7,0.01839171074,0.258117621135332));
#6015=CARTESIAN_POINT('',(-2.04469999997431E-7,0.01839171074,0.258117621135332));
#6016=CARTESIAN_POINT('',(-2.04469999997431E-7,0.01839171074,0.0001));
#6017=CARTESIAN_POINT('',(0.00130256661000005,0.01834518302,9.9999999999989E-5));
#6018=CARTESIAN_POINT('',(-2.04469999997431E-7,0.01839171074,-0.0018));
#6019=CARTESIAN_POINT('',(0.00130256661000005,0.01834518302,-0.0018));
#6020=CARTESIAN_POINT('',(0.00130256661000005,0.01834518302,0.258117621135332));
#6021=CARTESIAN_POINT('',(0.00130256661,0.01834518302,0.258117621135332));
#6022=CARTESIAN_POINT('',(0.00130256661,0.01834518302,0.0001));
#6023=CARTESIAN_POINT('',(0.0025986981299989,0.0182058335400002,9.9999999999989E-5));
#6024=CARTESIAN_POINT('',(0.00130256661,0.01834518302,-0.0018));
#6025=CARTESIAN_POINT('',(0.0025986981299989,0.0182058335400002,-0.0018));
#6026=CARTESIAN_POINT('',(0.0025986981299989,0.0182058335400002,0.258117621135332));
#6027=CARTESIAN_POINT('',(0.00259869813,0.01820583354,0.258117621135332));
#6028=CARTESIAN_POINT('',(0.00259869813,0.01820583354,0.0001));
#6029=CARTESIAN_POINT('',(0.00388158863000121,0.0179743760399997,9.9999999999989E-5));
#6030=CARTESIAN_POINT('',(0.00259869813,0.01820583354,-0.0018));
#6031=CARTESIAN_POINT('',(0.00388158863000121,0.0179743760399997,-0.0018));
#6032=CARTESIAN_POINT('',(0.00388158863000121,0.0179743760399997,0.258117621135332));
#6033=CARTESIAN_POINT('',(0.00388158863,0.01797437604,0.258117621135332));
#6034=CARTESIAN_POINT('',(0.00388158863,0.01797437604,0.0001));
#6035=CARTESIAN_POINT('',(0.0051446950699983,0.0176519865400006,9.9999999999989E-5));
#6036=CARTESIAN_POINT('',(0.00388158863,0.01797437604,-0.0018));
#6037=CARTESIAN_POINT('',(0.0051446950699983,0.0176519865400006,-0.0018));
#6038=CARTESIAN_POINT('',(0.0051446950699983,0.0176519865400006,0.258117621135332));
#6039=CARTESIAN_POINT('',(0.00514469507,0.01765198654,0.258117621135332));
#6040=CARTESIAN_POINT('',(0.00514469507,0.01765198654,0.0001));
#6041=CARTESIAN_POINT('',(0.0063815861700029,0.0172403084199988,9.9999999999989E-5));
#6042=CARTESIAN_POINT('',(0.00514469507,0.01765198654,-0.0018));
#6043=CARTESIAN_POINT('',(0.0063815861700029,0.0172403084199988,-0.0018));
#6044=CARTESIAN_POINT('',(0.0063815861700029,0.0172403084199988,0.258117621135332));
#6045=CARTESIAN_POINT('',(0.00638158617,0.01724030842,0.258117621135332));
#6046=CARTESIAN_POINT('',(0.00638158617,0.01724030842,0.0001));
#6047=CARTESIAN_POINT('',(0.00758595764999855,0.0167414422600007,9.9999999999989E-5));
#6048=CARTESIAN_POINT('',(0.00638158617,0.01724030842,-0.0018));
#6049=CARTESIAN_POINT('',(0.00758595764999855,0.0167414422600007,-0.0018));
#6050=CARTESIAN_POINT('',(0.00758595764999855,0.0167414422600007,0.258117621135332));
#6051=CARTESIAN_POINT('',(0.00758595765,0.01674144226,0.258117621135332));
#6052=CARTESIAN_POINT('',(0.00758595765,0.01674144226,0.0001));
#6053=CARTESIAN_POINT('',(0.00875167032999965,0.0161579280600002,9.9999999999989E-5));
#6054=CARTESIAN_POINT('',(0.00758595765,0.01674144226,-0.0018));
#6055=CARTESIAN_POINT('',(0.00875167032999965,0.0161579280600002,-0.0018));
#6056=CARTESIAN_POINT('',(0.00875167032999965,0.0161579280600002,0.258117621135332));
#6057=CARTESIAN_POINT('',(0.00875167033,0.01615792806,0.258117621135332));
#6058=CARTESIAN_POINT('',(0.00875167033,0.01615792806,0.0001));
#6059=CARTESIAN_POINT('',(0.0098727856899992,0.0154927401600006,9.9999999999989E-5));
#6060=CARTESIAN_POINT('',(0.00875167033,0.01615792806,-0.0018));
#6061=CARTESIAN_POINT('',(0.0098727856899992,0.0154927401600006,-0.0018));
#6062=CARTESIAN_POINT('',(0.0098727856899992,0.0154927401600006,0.258117621135332));
#6063=CARTESIAN_POINT('',(0.00987278569,0.01549274016,0.258117621135332));
#6064=CARTESIAN_POINT('',(0.00987278569,0.01549274016,0.0001));
#6065=CARTESIAN_POINT('',(0.010943591269998,0.0147492669200016,9.9999999999989E-5));
#6066=CARTESIAN_POINT('',(0.00987278569,0.01549274016,-0.0018));
#6067=CARTESIAN_POINT('',(0.010943591269998,0.0147492669200016,-0.0018));
#6068=CARTESIAN_POINT('',(0.010943591269998,0.0147492669200016,0.258117621135332));
#6069=CARTESIAN_POINT('',(0.01094359127,0.01474926692,0.258117621135332));
#6070=CARTESIAN_POINT('',(0.01094359127,0.01474926692,0.0001));
#6071=CARTESIAN_POINT('',(0.0119586286100027,0.0139312954799975,9.9999999999989E-5));
#6072=CARTESIAN_POINT('',(0.01094359127,0.01474926692,-0.0018));
#6073=CARTESIAN_POINT('',(0.0119586286100027,0.0139312954799975,-0.0018));
#6074=CARTESIAN_POINT('',(0.0119586286100027,0.0139312954799975,0.258117621135332));
#6075=CARTESIAN_POINT('',(0.01195862861,0.01393129548,0.258117621135332));
#6076=CARTESIAN_POINT('',(0.01195862861,0.01393129548,0.0001));
#6077=CARTESIAN_POINT('',(0.0129127288100026,0.0130429990599972,9.9999999999989E-5));
#6078=CARTESIAN_POINT('',(0.01195862861,0.01393129548,-0.0018));
#6079=CARTESIAN_POINT('',(0.0129127288100026,0.0130429990599972,-0.0018));
#6080=CARTESIAN_POINT('',(0.0129127288100026,0.0130429990599972,0.258117621135332));
#6081=CARTESIAN_POINT('',(0.01291272881,0.01304299906,0.258117621135332));
#6082=CARTESIAN_POINT('',(0.01291272881,0.01304299906,0.0001));
#6083=CARTESIAN_POINT('',(0.0138010252299976,0.012088898860003,9.9999999999989E-5));
#6084=CARTESIAN_POINT('',(0.01291272881,0.01304299906,-0.0018));
#6085=CARTESIAN_POINT('',(0.0138010252299976,0.012088898860003,-0.0018));
#6086=CARTESIAN_POINT('',(0.0138010252299976,0.012088898860003,0.258117621135332));
#6087=CARTESIAN_POINT('',(0.01380102523,0.01208889886,0.258117621135332));
#6088=CARTESIAN_POINT('',(0.01380102523,0.01208889886,0.0001));
#6089=CARTESIAN_POINT('',(0.0146189966699979,0.011073861520003,9.9999999999989E-5));
#6090=CARTESIAN_POINT('',(0.01380102523,0.01208889886,-0.0018));
#6091=CARTESIAN_POINT('',(0.0146189966699979,0.011073861520003,-0.0018));
#6092=CARTESIAN_POINT('',(0.0146189966699979,0.011073861520003,0.258117621135332));
#6093=CARTESIAN_POINT('',(0.01461899667,0.01107386152,0.258117621135332));
#6094=CARTESIAN_POINT('',(0.01461899667,0.01107386152,0.0001));
#6095=CARTESIAN_POINT('',(0.0153624699100013,0.0100030559399979,9.9999999999989E-5));
#6096=CARTESIAN_POINT('',(0.01461899667,0.01107386152,-0.0018));
#6097=CARTESIAN_POINT('',(0.0153624699100013,0.0100030559399979,-0.0018));
#6098=CARTESIAN_POINT('',(0.0153624699100013,0.0100030559399979,0.258117621135332));
#6099=CARTESIAN_POINT('',(0.01536246991,0.01000305594,0.258117621135332));
#6100=CARTESIAN_POINT('',(0.01536246991,0.01000305594,0.0001));
#6101=CARTESIAN_POINT('',(0.0160276578100004,0.00888194057999917,9.9999999999989E-5));
#6102=CARTESIAN_POINT('',(0.01536246991,0.01000305594,-0.0018));
#6103=CARTESIAN_POINT('',(0.0160276578100004,0.00888194057999917,-0.0018));
#6104=CARTESIAN_POINT('',(0.0160276578100004,0.00888194057999917,0.258117621135332));
#6105=CARTESIAN_POINT('',(0.01602765781,0.00888194058,0.258117621135332));
#6106=CARTESIAN_POINT('',(0.01602765781,0.00888194058,0.0001));
#6107=CARTESIAN_POINT('',(0.0166111720100002,0.00771622789999959,9.9999999999989E-5));
#6108=CARTESIAN_POINT('',(0.01602765781,0.00888194058,-0.0018));
#6109=CARTESIAN_POINT('',(0.0166111720100002,0.00771622789999959,-0.0018));
#6110=CARTESIAN_POINT('',(0.0166111720100002,0.00771622789999959,0.258117621135332));
#6111=CARTESIAN_POINT('',(0.01661117201,0.0077162279,0.258117621135332));
#6112=CARTESIAN_POINT('',(0.01661117201,0.0077162279,0.0001));
#6113=CARTESIAN_POINT('',(0.0171100381700006,0.00651185641999803,9.9999999999989E-5));
#6114=CARTESIAN_POINT('',(0.01661117201,0.0077162279,-0.0018));
#6115=CARTESIAN_POINT('',(0.0171100381700006,0.00651185641999803,-0.0018));
#6116=CARTESIAN_POINT('',(0.0171100381700006,0.00651185641999803,0.258117621135332));
#6117=CARTESIAN_POINT('',(0.01711003817,0.00651185642,0.258117621135332));
#6118=CARTESIAN_POINT('',(0.01711003817,0.00651185642,0.0001));
#6119=CARTESIAN_POINT('',(0.0175217162899989,0.00527496532000408,9.9999999999989E-5));
#6120=CARTESIAN_POINT('',(0.01711003817,0.00651185642,-0.0018));
#6121=CARTESIAN_POINT('',(0.0175217162899989,0.00527496532000408,-0.0018));
#6122=CARTESIAN_POINT('',(0.0175217162899989,0.00527496532000408,0.258117621135332));
#6123=CARTESIAN_POINT('',(0.01752171629,0.00527496532,0.258117621135332));
#6124=CARTESIAN_POINT('',(0.01752171629,0.00527496532,0.0001));
#6125=CARTESIAN_POINT('',(0.0178441057900004,0.00401185887999776,9.9999999999989E-5));
#6126=CARTESIAN_POINT('',(0.01752171629,0.00527496532,-0.0018));
#6127=CARTESIAN_POINT('',(0.0178441057900004,0.00401185887999776,-0.0018));
#6128=CARTESIAN_POINT('',(0.0178441057900004,0.00401185887999776,0.258117621135332));
#6129=CARTESIAN_POINT('',(0.01784410579,0.00401185888,0.258117621135332));
#6130=CARTESIAN_POINT('',(0.01784410579,0.00401185888,0.0001));
#6131=CARTESIAN_POINT('',(0.0180755632899998,0.00272896838000176,9.9999999999989E-5));
#6132=CARTESIAN_POINT('',(0.01784410579,0.00401185888,-0.0018));
#6133=CARTESIAN_POINT('',(0.0180755632899998,0.00272896838000176,-0.0018));
#6134=CARTESIAN_POINT('',(0.0180755632899998,0.00272896838000176,0.258117621135332));
#6135=CARTESIAN_POINT('',(0.01807556329,0.00272896838,0.258117621135332));
#6136=CARTESIAN_POINT('',(0.01807556329,0.00272896838,0.0001));
#6137=CARTESIAN_POINT('',(0.01821491277,0.00143283685999848,9.9999999999989E-5));
#6138=CARTESIAN_POINT('',(0.01807556329,0.00272896838,-0.0018));
#6139=CARTESIAN_POINT('',(0.01821491277,0.00143283685999848,-0.0018));
#6140=CARTESIAN_POINT('',(0.01821491277,0.00143283685999848,0.258117621135332));
#6141=CARTESIAN_POINT('',(0.01821491277,0.00143283686,0.258117621135332));
#6142=CARTESIAN_POINT('',(0.01821491277,0.00143283686,0.0001));
#6143=CARTESIAN_POINT('',(0.01826144049,0.000130065780000114,9.9999999999989E-5));
#6144=CARTESIAN_POINT('',(0.01821491277,0.00143283686,-0.0018));
#6145=CARTESIAN_POINT('',(0.01826144049,0.000130065780000114,-0.0018));
#6146=CARTESIAN_POINT('',(0.01826144049,0.000130065780000114,0.258117621135332));
#6147=CARTESIAN_POINT('',(0.01826144049,0.00013006578,0.258117621135332));
#6148=CARTESIAN_POINT('',(0.01826144049,0.00013006578,0.0001));
#6149=CARTESIAN_POINT('',(0.01821491277,-0.00117270530000003,9.9999999999989E-5));
#6150=CARTESIAN_POINT('',(0.01826144049,0.00013006578,-0.0018));
#6151=CARTESIAN_POINT('',(0.01821491277,-0.00117270530000003,-0.0018));
#6152=CARTESIAN_POINT('',(0.01821491277,-0.00117270530000003,0.258117621135332));
#6153=CARTESIAN_POINT('',(0.01821491277,-0.0011727053,0.258117621135332));
#6154=CARTESIAN_POINT('',(0.01821491277,-0.0011727053,0.0001));
#6155=CARTESIAN_POINT('',(0.0180755632900003,-0.00246883681999846,9.9999999999989E-5));
#6156=CARTESIAN_POINT('',(0.01821491277,-0.0011727053,-0.0018));
#6157=CARTESIAN_POINT('',(0.0180755632900003,-0.00246883681999846,-0.0018));
#6158=CARTESIAN_POINT('',(0.0180755632900003,-0.00246883681999846,0.258117621135332));
#6159=CARTESIAN_POINT('',(0.01807556329,-0.00246883682,0.258117621135332));
#6160=CARTESIAN_POINT('',(0.01807556329,-0.00246883682,0.0001));
#6161=CARTESIAN_POINT('',(0.0178441057899996,-0.00375172732000164,9.9999999999989E-5));
#6162=CARTESIAN_POINT('',(0.01807556329,-0.00246883682,-0.0018));
#6163=CARTESIAN_POINT('',(0.0178441057899996,-0.00375172732000164,-0.0018));
#6164=CARTESIAN_POINT('',(0.0178441057899996,-0.00375172732000164,0.258117621135332));
#6165=CARTESIAN_POINT('',(0.01784410579,-0.00375172732,0.258117621135332));
#6166=CARTESIAN_POINT('',(0.01784410579,-0.00375172732,0.0001));
#6167=CARTESIAN_POINT('',(0.0175217162900007,-0.00501483375999785,9.9999999999989E-5));
#6168=CARTESIAN_POINT('',(0.01784410579,-0.00375172732,-0.0018));
#6169=CARTESIAN_POINT('',(0.0175217162900007,-0.00501483375999785,-0.0018));
#6170=CARTESIAN_POINT('',(0.0175217162900007,-0.00501483375999785,0.258117621135332));
#6171=CARTESIAN_POINT('',(0.01752171629,-0.00501483376,0.258117621135332));
#6172=CARTESIAN_POINT('',(0.01752171629,-0.00501483376,0.0001));
#6173=CARTESIAN_POINT('',(0.0171100381699985,-0.00625172486000375,9.9999999999989E-5));
#6174=CARTESIAN_POINT('',(0.01752171629,-0.00501483376,-0.0018));
#6175=CARTESIAN_POINT('',(0.0171100381699985,-0.00625172486000375,-0.0018));
#6176=CARTESIAN_POINT('',(0.0171100381699985,-0.00625172486000375,0.258117621135332));
#6177=CARTESIAN_POINT('',(0.01711003817,-0.00625172486,0.258117621135332));
#6178=CARTESIAN_POINT('',(0.01711003817,-0.00625172486,0.0001));
#6179=CARTESIAN_POINT('',(0.016611172010001,-0.00745609633999813,9.9999999999989E-5));
#6180=CARTESIAN_POINT('',(0.01711003817,-0.00625172486,-0.0018));
#6181=CARTESIAN_POINT('',(0.016611172010001,-0.00745609633999813,-0.0018));
#6182=CARTESIAN_POINT('',(0.016611172010001,-0.00745609633999813,0.258117621135332));
#6183=CARTESIAN_POINT('',(0.01661117201,-0.00745609634,0.258117621135332));
#6184=CARTESIAN_POINT('',(0.01661117201,-0.00745609634,0.0001));
#6185=CARTESIAN_POINT('',(0.0160276578100002,-0.00862180901999959,9.9999999999989E-5));
#6186=CARTESIAN_POINT('',(0.01661117201,-0.00745609634,-0.0018));
#6187=CARTESIAN_POINT('',(0.0160276578100002,-0.00862180901999959,-0.0018));
#6188=CARTESIAN_POINT('',(0.0160276578100002,-0.00862180901999959,0.258117621135332));
#6189=CARTESIAN_POINT('',(0.01602765781,-0.00862180902,0.258117621135332));
#6190=CARTESIAN_POINT('',(0.01602765781,-0.00862180902,0.0001));
#6191=CARTESIAN_POINT('',(0.0153624699100006,-0.00974292437999923,9.9999999999989E-5));
#6192=CARTESIAN_POINT('',(0.01602765781,-0.00862180902,-0.0018));
#6193=CARTESIAN_POINT('',(0.0153624699100006,-0.00974292437999923,-0.0018));
#6194=CARTESIAN_POINT('',(0.0153624699100006,-0.00974292437999923,0.258117621135332));
#6195=CARTESIAN_POINT('',(0.01536246991,-0.00974292438,0.258117621135332));
#6196=CARTESIAN_POINT('',(0.01536246991,-0.00974292438,0.0001));
#6197=CARTESIAN_POINT('',(0.0146189966700016,-0.010813729959998,9.9999999999989E-5));
#6198=CARTESIAN_POINT('',(0.01536246991,-0.00974292438,-0.0018));
#6199=CARTESIAN_POINT('',(0.0146189966700016,-0.010813729959998,-0.0018));
#6200=CARTESIAN_POINT('',(0.0146189966700016,-0.010813729959998,0.258117621135332));
#6201=CARTESIAN_POINT('',(0.01461899667,-0.01081372996,0.258117621135332));
#6202=CARTESIAN_POINT('',(0.01461899667,-0.01081372996,0.0001));
#6203=CARTESIAN_POINT('',(0.0138010252299975,-0.0118287673000027,9.9999999999989E-5));
#6204=CARTESIAN_POINT('',(0.01461899667,-0.01081372996,-0.0018));
#6205=CARTESIAN_POINT('',(0.0138010252299975,-0.0118287673000027,-0.0018));
#6206=CARTESIAN_POINT('',(0.0138010252299975,-0.0118287673000027,0.258117621135332));
#6207=CARTESIAN_POINT('',(0.01380102523,-0.0118287673,0.258117621135332));
#6208=CARTESIAN_POINT('',(0.01380102523,-0.0118287673,0.0001));
#6209=CARTESIAN_POINT('',(0.0129127288099972,-0.0127828675000026,9.9999999999989E-5));
#6210=CARTESIAN_POINT('',(0.01380102523,-0.0118287673,-0.0018));
#6211=CARTESIAN_POINT('',(0.0129127288099972,-0.0127828675000026,-0.0018));
#6212=CARTESIAN_POINT('',(0.0129127288099972,-0.0127828675000026,0.258117621135332));
#6213=CARTESIAN_POINT('',(0.01291272881,-0.0127828675,0.258117621135332));
#6214=CARTESIAN_POINT('',(0.01291272881,-0.0127828675,0.0001));
#6215=CARTESIAN_POINT('',(0.011958628610003,-0.0136711639199976,9.9999999999989E-5));
#6216=CARTESIAN_POINT('',(0.01291272881,-0.0127828675,-0.0018));
#6217=CARTESIAN_POINT('',(0.011958628610003,-0.0136711639199976,-0.0018));
#6218=CARTESIAN_POINT('',(0.011958628610003,-0.0136711639199976,0.258117621135332));
#6219=CARTESIAN_POINT('',(0.01195862861,-0.01367116392,0.258117621135332));
#6220=CARTESIAN_POINT('',(0.01195862861,-0.01367116392,0.0001));
#6221=CARTESIAN_POINT('',(0.010943591270003,-0.0144891353599979,9.9999999999989E-5));
#6222=CARTESIAN_POINT('',(0.01195862861,-0.01367116392,-0.0018));
#6223=CARTESIAN_POINT('',(0.010943591270003,-0.0144891353599979,-0.0018));
#6224=CARTESIAN_POINT('',(0.010943591270003,-0.0144891353599979,0.258117621135332));
#6225=CARTESIAN_POINT('',(0.01094359127,-0.01448913536,0.258117621135332));
#6226=CARTESIAN_POINT('',(0.01094359127,-0.01448913536,0.0001));
#6227=CARTESIAN_POINT('',(0.0098727856899979,-0.0152326086000012,9.9999999999989E-5));
#6228=CARTESIAN_POINT('',(0.01094359127,-0.01448913536,-0.0018));
#6229=CARTESIAN_POINT('',(0.0098727856899979,-0.0152326086000012,-0.0018));
#6230=CARTESIAN_POINT('',(0.0098727856899979,-0.0152326086000012,0.258117621135332));
#6231=CARTESIAN_POINT('',(0.00987278569,-0.0152326086,0.258117621135332));
#6232=CARTESIAN_POINT('',(0.00987278569,-0.0152326086,0.0001));
#6233=CARTESIAN_POINT('',(0.0091870949099999,-0.0156387749200002,9.9999999999989E-5));
#6234=CARTESIAN_POINT('',(0.00987278569,-0.0152326086,-0.0018));
#6235=CARTESIAN_POINT('',(0.0091870949099999,-0.0156387749200002,-0.0018));
#6236=CARTESIAN_POINT('',(0.0091870949099999,-0.0156387749200002,0.258117621135332));
#6237=CARTESIAN_POINT('',(0.00918709491,-0.01563877492,0.258117621135332));
#6238=CARTESIAN_POINT('',(0.00918709491,-0.01563877492,0.0001));
#6239=CARTESIAN_POINT('',(0.00810880688720504,-0.0177620202920429,9.9999999999989E-5));
#6240=CARTESIAN_POINT('',(0.00918709491,-0.01563877492,-0.0018));
#6241=CARTESIAN_POINT('',(0.00810880688720503,-0.0177620202920429,-0.0018));
#6242=CARTESIAN_POINT('',(0.00810880688720503,-0.0177620202920429,0.258117621135332));
#6243=CARTESIAN_POINT('',(0.,0.,-0.0018));
#6244=CARTESIAN_POINT('',(-0.0178,0.016,-0.0018));
#6245=CARTESIAN_POINT('',(-0.0123,0.016,-0.0018));
#6246=CARTESIAN_POINT('',(0.0178,0.016,-0.0018));
#6247=CARTESIAN_POINT('',(0.0233,0.016,-0.0018));
#6248=CARTESIAN_POINT('',(0.0178,-0.016,-0.0018));
#6249=CARTESIAN_POINT('',(0.0233,-0.016,-0.0018));
#6250=CARTESIAN_POINT('',(-0.0178,-0.016,-0.0018));
#6251=CARTESIAN_POINT('',(-0.0123,-0.016,-0.0018));
#6252=CARTESIAN_POINT('',(-0.00779219329702799,-0.0185263931154795,-0.0018));
#6253=CARTESIAN_POINT('',(-0.00663502095400766,-0.02132005428,-0.0018));
#6254=CARTESIAN_POINT('',(-2.60208521396521E-18,-0.02132005428,-0.0018));
#6255=CARTESIAN_POINT('',(0.00663502095400766,-0.02132005428,-0.0018));
#6256=CARTESIAN_POINT('',(0.00779219329702798,-0.0185263931154795,-0.0018));
#6257=CARTESIAN_POINT('',(0.019,-0.019,-0.0018));
#6258=CARTESIAN_POINT('',(0.029,-0.019,-0.0018));
#6259=CARTESIAN_POINT('',(0.019,-0.029,-0.0018));
#6260=CARTESIAN_POINT('',(-3.46944695195361E-18,-0.029,-0.0018));
#6261=CARTESIAN_POINT('',(-0.019,-0.029,-0.0018));
#6262=CARTESIAN_POINT('',(-0.019,-0.019,-0.0018));
#6263=CARTESIAN_POINT('',(-0.029,-0.019,-0.0018));
#6264=CARTESIAN_POINT('',(-0.029,3.46944695195361E-18,-0.0018));
#6265=CARTESIAN_POINT('',(-0.029,0.019,-0.0018));
#6266=CARTESIAN_POINT('',(-0.019,0.019,-0.0018));
#6267=CARTESIAN_POINT('',(-0.019,0.029,-0.0018));
#6268=CARTESIAN_POINT('',(3.46944695195361E-18,0.029,-0.0018));
#6269=CARTESIAN_POINT('',(0.019,0.029,-0.0018));
#6270=CARTESIAN_POINT('',(0.019,0.019,-0.0018));
#6271=CARTESIAN_POINT('',(0.029,0.019,-0.0018));
#6272=CARTESIAN_POINT('',(0.029,-3.46944695195361E-18,-0.0018));
#6273=CARTESIAN_POINT('',(0.00779219329702798,-0.0185263931154795,0.258117621135332));
#6274=CARTESIAN_POINT('',(0.00663502095400766,-0.02132005428,0.258117621135332));
#6275=CARTESIAN_POINT('',(0.00663502095400766,-0.02132005428,0.0001));
#6276=CARTESIAN_POINT('',(0.00779219329702798,-0.0185263931154795,0.0001));
#6277=CARTESIAN_POINT('',(-0.00779219329702799,-0.0185263931154795,0.258117621135332));
#6278=CARTESIAN_POINT('',(-0.00779219329702799,-0.0185263931154795,0.0001));
#6279=CARTESIAN_POINT('',(-0.00663502095400766,-0.02132005428,9.9999999999989E-5));
#6280=CARTESIAN_POINT('',(-0.00663502095400766,-0.02132005428,0.258117621135332));
#6281=CARTESIAN_POINT('',(-2.60208521396521E-18,-0.02132005428,0.258117621135332));
#6282=CARTESIAN_POINT('',(-2.60208521396521E-18,-0.02132005428,0.0001));
#6283=CARTESIAN_POINT('',(0.,0.,0.0001));
#6284=CARTESIAN_POINT('',(0.,1.05013463026885E-18,0.0001));
#6285=CARTESIAN_POINT('',(0.01715,1.05013463026885E-18,0.0001));
#6286=CARTESIAN_POINT('',(0.,0.,0.0021));
#6287=CARTESIAN_POINT('',(0.,1.05013463026885E-18,0.0021));
#6288=CARTESIAN_POINT('',(0.01915,1.05013463026885E-18,0.0021));
#6289=CARTESIAN_POINT('',(0.029,-3.46944695195361E-18,0.0021));
#6290=CARTESIAN_POINT('',(0.029,0.019,0.0021));
#6291=CARTESIAN_POINT('',(0.029,-0.019,0.0021));
#6292=CARTESIAN_POINT('',(0.019,0.019,0.0021));
#6293=CARTESIAN_POINT('',(0.019,0.029,0.0021));
#6294=CARTESIAN_POINT('',(3.46944695195361E-18,0.029,0.0021));
#6295=CARTESIAN_POINT('',(-0.019,0.029,0.0021));
#6296=CARTESIAN_POINT('',(-0.019,0.019,0.0021));
#6297=CARTESIAN_POINT('',(-0.029,0.019,0.0021));
#6298=CARTESIAN_POINT('',(-0.029,3.46944695195361E-18,0.0021));
#6299=CARTESIAN_POINT('',(-0.029,-0.019,0.0021));
#6300=CARTESIAN_POINT('',(-0.019,-0.019,0.0021));
#6301=CARTESIAN_POINT('',(-0.019,-0.029,0.0021));
#6302=CARTESIAN_POINT('',(-3.46944695195361E-18,-0.029,0.0021));
#6303=CARTESIAN_POINT('',(0.019,-0.029,0.0021));
#6304=CARTESIAN_POINT('',(0.019,-0.019,0.0021));
#6305=CARTESIAN_POINT('',(0.,1.05013463026885E-18,0.0001));
#6306=CARTESIAN_POINT('',(0.019,-0.019,-0.001802));
#6307=CARTESIAN_POINT('',(0.029,-0.019,-0.001802));
#6308=CARTESIAN_POINT('',(0.019,-0.029,-0.001802));
#6309=CARTESIAN_POINT('',(-3.46944695195361E-18,-0.029,-0.001802));
#6310=CARTESIAN_POINT('',(-0.019,-0.029,-0.001802));
#6311=CARTESIAN_POINT('',(-0.019,-0.019,-0.001802));
#6312=CARTESIAN_POINT('',(-0.029,-0.019,-0.001802));
#6313=CARTESIAN_POINT('',(-0.029,3.46944695195361E-18,-0.001802));
#6314=CARTESIAN_POINT('',(-0.029,0.019,-0.001802));
#6315=CARTESIAN_POINT('',(-0.019,0.019,-0.001802));
#6316=CARTESIAN_POINT('',(-0.019,0.029,-0.001802));
#6317=CARTESIAN_POINT('',(3.46944695195361E-18,0.029,-0.001802));
#6318=CARTESIAN_POINT('',(0.019,0.029,-0.001802));
#6319=CARTESIAN_POINT('',(0.019,0.019,-0.001802));
#6320=CARTESIAN_POINT('',(0.029,0.019,-0.001802));
#6321=CARTESIAN_POINT('',(0.029,-3.46944695195361E-18,-0.001802));
#6322=CARTESIAN_POINT('',(-0.0178,-0.016,-0.00890200116));
#6323=CARTESIAN_POINT('',(-0.0178,-0.016,-0.0038));
#6324=CARTESIAN_POINT('',(-0.0143,-0.016,-0.0038));
#6325=CARTESIAN_POINT('',(-0.0178,-0.016,-0.00890000116));
#6326=CARTESIAN_POINT('',(-0.0213,-0.016,-0.00890000116));
#6327=CARTESIAN_POINT('',(0.,0.,-0.00890000116));
#6328=CARTESIAN_POINT('',(-0.0178,-0.016,-0.00890000116));
#6329=CARTESIAN_POINT('',(-0.0199,-0.016,-0.00890000116));
#6330=CARTESIAN_POINT('',(0.0178,-0.016,-0.00890200116));
#6331=CARTESIAN_POINT('',(0.0178,-0.016,-0.0038));
#6332=CARTESIAN_POINT('',(0.0213,-0.016,-0.0038));
#6333=CARTESIAN_POINT('',(0.0178,-0.016,-0.00890000116));
#6334=CARTESIAN_POINT('',(0.0143,-0.016,-0.00890000116));
#6335=CARTESIAN_POINT('',(0.,0.,-0.00890000116));
#6336=CARTESIAN_POINT('',(0.0178,-0.016,-0.00890000116));
#6337=CARTESIAN_POINT('',(0.0157,-0.016,-0.00890000116));
#6338=CARTESIAN_POINT('',(0.0178,0.016,-0.00890200116));
#6339=CARTESIAN_POINT('',(0.0178,0.016,-0.0038));
#6340=CARTESIAN_POINT('',(0.0213,0.016,-0.0038));
#6341=CARTESIAN_POINT('',(0.0178,0.016,-0.00890000116));
#6342=CARTESIAN_POINT('',(0.0143,0.016,-0.00890000116));
#6343=CARTESIAN_POINT('',(0.,0.,-0.00890000116));
#6344=CARTESIAN_POINT('',(0.0178,0.016,-0.00890000116));
#6345=CARTESIAN_POINT('',(0.0157,0.016,-0.00890000116));
#6346=CARTESIAN_POINT('',(-0.0178,0.016,-0.00890200116));
#6347=CARTESIAN_POINT('',(-0.0178,0.016,-0.0038));
#6348=CARTESIAN_POINT('',(-0.0143,0.016,-0.0038));
#6349=CARTESIAN_POINT('',(-0.0178,0.016,-0.00890000116));
#6350=CARTESIAN_POINT('',(-0.0213,0.016,-0.00890000116));
#6351=CARTESIAN_POINT('',(0.,0.,-0.00890000116));
#6352=CARTESIAN_POINT('',(-0.0178,0.016,-0.00890000116));
#6353=CARTESIAN_POINT('',(-0.0199,0.016,-0.00890000116));
#6354=CARTESIAN_POINT('',(-0.0178,0.016,-0.00490000116));
#6355=CARTESIAN_POINT('',(-0.0178,0.016,-0.00490000116));
#6356=CARTESIAN_POINT('',(-0.0199,0.016,-0.00490000116));
#6357=CARTESIAN_POINT('',(0.0007,-0.0007,-0.00490000116));
#6358=CARTESIAN_POINT('',(0.0178,0.016,-0.00490000116));
#6359=CARTESIAN_POINT('',(0.0178,0.016,-0.00490000116));
#6360=CARTESIAN_POINT('',(0.0157,0.016,-0.00490000116));
#6361=CARTESIAN_POINT('',(0.0007,-0.0007,-0.00490000116));
#6362=CARTESIAN_POINT('',(0.0178,-0.016,-0.00490000116));
#6363=CARTESIAN_POINT('',(0.0178,-0.016,-0.00490000116));
#6364=CARTESIAN_POINT('',(0.0157,-0.016,-0.00490000116));
#6365=CARTESIAN_POINT('',(0.0007,-0.0007,-0.00490000116));
#6366=CARTESIAN_POINT('',(-0.0178,-0.016,-0.00490000116));
#6367=CARTESIAN_POINT('',(-0.0178,-0.016,-0.00490000116));
#6368=CARTESIAN_POINT('',(-0.0199,-0.016,-0.00490000116));
#6369=CARTESIAN_POINT('',(0.0007,-0.0007,-0.00490000116));
#6370=CARTESIAN_POINT('',(-0.0178,0.016,-0.0038));
#6371=CARTESIAN_POINT('',(0.0178,0.016,-0.0038));
#6372=CARTESIAN_POINT('',(0.0178,-0.016,-0.0038));
#6373=CARTESIAN_POINT('',(-0.0178,-0.016,-0.0038));
#6374=CARTESIAN_POINT('',(0.,0.,0.));
#6375=CARTESIAN_POINT('',(0.,0.,-0.00890000116));
#6376=CARTESIAN_POINT('',(-0.0248,3.46944695195361E-18,-0.00890000116));
#6377=CARTESIAN_POINT('',(-0.0248,0.02,-0.00890000116));
#6378=CARTESIAN_POINT('',(-0.0248,-0.02,-0.00890000116));
#6379=CARTESIAN_POINT('',(-0.0218,-0.02,-0.00890000116));
#6380=CARTESIAN_POINT('',(-0.0218,-0.023,-0.00890000116));
#6381=CARTESIAN_POINT('',(-3.46944695195361E-18,-0.023,-0.00890000116));
#6382=CARTESIAN_POINT('',(-0.013,-0.023,-0.00890000116));
#6383=CARTESIAN_POINT('',(-0.013,-0.02,-0.00890000116));
#6384=CARTESIAN_POINT('',(-0.01,-0.02,-0.00890000116));
#6385=CARTESIAN_POINT('',(-0.01,-0.0105,-0.00890000116));
#6386=CARTESIAN_POINT('',(-0.01,-0.001,-0.00890000116));
#6387=CARTESIAN_POINT('',(-0.007,-0.001,-0.00890000116));
#6388=CARTESIAN_POINT('',(-0.007,0.002,-0.00890000116));
#6389=CARTESIAN_POINT('',(0.,0.002,-0.00890000116));
#6390=CARTESIAN_POINT('',(0.007,0.002,-0.00890000116));
#6391=CARTESIAN_POINT('',(0.007,-0.001,-0.00890000116));
#6392=CARTESIAN_POINT('',(0.01,-0.001,-0.00890000116));
#6393=CARTESIAN_POINT('',(0.01,-0.0105,-0.00890000116));
#6394=CARTESIAN_POINT('',(0.01,-0.02,-0.00890000116));
#6395=CARTESIAN_POINT('',(0.013,-0.02,-0.00890000116));
#6396=CARTESIAN_POINT('',(0.013,-0.023,-0.00890000116));
#6397=CARTESIAN_POINT('',(-3.46944695195361E-18,-0.023,-0.00890000116));
#6398=CARTESIAN_POINT('',(0.0218,-0.023,-0.00890000116));
#6399=CARTESIAN_POINT('',(0.0218,-0.02,-0.00890000116));
#6400=CARTESIAN_POINT('',(0.0248,-0.02,-0.00890000116));
#6401=CARTESIAN_POINT('',(0.0248,-3.46944695195361E-18,-0.00890000116));
#6402=CARTESIAN_POINT('',(0.0248,0.02,-0.00890000116));
#6403=CARTESIAN_POINT('',(0.0218,0.02,-0.00890000116));
#6404=CARTESIAN_POINT('',(0.0218,0.023,-0.00890000116));
#6405=CARTESIAN_POINT('',(3.46944695195361E-18,0.023,-0.00890000116));
#6406=CARTESIAN_POINT('',(-0.0218,0.023,-0.00890000116));
#6407=CARTESIAN_POINT('',(-0.0218,0.02,-0.00890000116));
#6408=CARTESIAN_POINT('',(-0.0178,0.016,-0.00890000116));
#6409=CARTESIAN_POINT('',(-0.0194,0.016,-0.00890000116));
#6410=CARTESIAN_POINT('',(0.0178,0.016,-0.00890000116));
#6411=CARTESIAN_POINT('',(0.0162,0.016,-0.00890000116));
#6412=CARTESIAN_POINT('',(0.0178,-0.016,-0.00890000116));
#6413=CARTESIAN_POINT('',(0.0162,-0.016,-0.00890000116));
#6414=CARTESIAN_POINT('',(-0.0178,-0.016,-0.00890000116));
#6415=CARTESIAN_POINT('',(-0.0194,-0.016,-0.00890000116));
#6416=CARTESIAN_POINT('',(0.01199819296816,-0.010472276269531,-0.00890000116));
#6417=CARTESIAN_POINT('',(0.017337952857524,-0.010472276269531,-0.00890000116));
#6418=CARTESIAN_POINT('',(0.01199819296816,-0.010472276269531,-0.00890000116));
#6419=CARTESIAN_POINT('',(0.01199819296816,-0.007472276269531,-0.00890000116));
#6420=CARTESIAN_POINT('',(0.01199819296816,-0.006472276269531,-0.00890000116));
#6421=CARTESIAN_POINT('',(0.01364818996816,-0.006472276269531,-0.00890000116));
#6422=CARTESIAN_POINT('',(0.01529818696816,-0.006472276269531,-0.00890000116));
#6423=CARTESIAN_POINT('',(0.01529818696816,0.000127748730469,-0.00890000116));
#6424=CARTESIAN_POINT('',(0.01529818696816,0.006827773730469,-0.00890000116));
#6425=CARTESIAN_POINT('',(0.01479818696816,0.006827773730469,-0.00890000116));
#6426=CARTESIAN_POINT('',(0.01429818696816,0.006827773730469,-0.00890000116));
#6427=CARTESIAN_POINT('',(0.01429818696816,0.007827773730469,-0.00890000116));
#6428=CARTESIAN_POINT('',(0.01429818696816,0.010827773730469,-0.00890000116));
#6429=CARTESIAN_POINT('',(0.0160547718033646,0.010827773730469,-0.00890000116));
#6430=CARTESIAN_POINT('',(0.0172902160881225,0.010827773730469,-0.00890000116));
#6431=CARTESIAN_POINT('',(0.018399622491068,0.00861146243729611,-0.00890000116));
#6432=CARTESIAN_POINT('',(0.0184315961702003,0.00854758717395069,-0.00890000116));
#6433=CARTESIAN_POINT('',(0.0189577976912843,0.00727722218321499,-0.00890000116));
#6434=CARTESIAN_POINT('',(0.0189851322264184,0.00721123066650321,-0.00890000116));
#6435=CARTESIAN_POINT('',(0.0191958382347972,0.00657816232058387,-0.00890000116));
#6436=CARTESIAN_POINT('',(0.01929818696816,0.0062706545098883,-0.00890000116));
#6437=CARTESIAN_POINT('',(0.01929818696816,-0.00568642988168211,-0.00890000116));
#6438=CARTESIAN_POINT('',(0.01929818696816,-0.00601052294988777,-0.00890000116));
#6439=CARTESIAN_POINT('',(0.0190076894366379,-0.00688332573890219,-0.00890000116));
#6440=CARTESIAN_POINT('',(0.0189851322264185,-0.00695109910650619,-0.00890000116));
#6441=CARTESIAN_POINT('',(0.0184589315312834,-0.00822146210321718,-0.00890000116));
#6442=CARTESIAN_POINT('',(0.0184315961701999,-0.00828745561395049,-0.00890000116));
#6443=CARTESIAN_POINT('',(0.0178909590538339,-0.00936751080682648,-0.00890000116));
#6444=CARTESIAN_POINT('',(-0.012001713849707,-0.007472276269531,-0.00890000116));
#6445=CARTESIAN_POINT('',(-0.012001713849707,-0.010472276269531,-0.00890000116));
#6446=CARTESIAN_POINT('',(-0.012001713849707,-0.006472276269531,-0.00890000116));
#6447=CARTESIAN_POINT('',(0.,-0.010472276269531,-0.00890000116));
#6448=CARTESIAN_POINT('',(-0.0173383617975236,-0.010472276269531,-0.00890000116));
#6449=CARTESIAN_POINT('',(-0.018400031431068,-0.00835133087729611,-0.00890000116));
#6450=CARTESIAN_POINT('',(-0.0184320051102,-0.0082874556139512,-0.00890000116));
#6451=CARTESIAN_POINT('',(-0.0189582066312845,-0.00701709062321659,-0.00890000116));
#6452=CARTESIAN_POINT('',(-0.0189855411664189,-0.00695109910650396,-0.00890000116));
#6453=CARTESIAN_POINT('',(-0.0191993591163447,-0.00630868090054376,-0.00890000116));
#6454=CARTESIAN_POINT('',(-0.019301707849707,-0.00600117308984889,-0.00890000116));
#6455=CARTESIAN_POINT('',(-0.019301707849707,8.81131989258786E-18,-0.00890000116));
#6456=CARTESIAN_POINT('',(-0.019301707849707,0.00626130464984807,-0.00890000116));
#6457=CARTESIAN_POINT('',(-0.0190080983766364,0.00714345729890381,-0.00890000116));
#6458=CARTESIAN_POINT('',(-0.0189855411664177,0.00721123066650558,-0.00890000116));
#6459=CARTESIAN_POINT('',(-0.0184593404712855,0.00848159366321455,-0.00890000116));
#6460=CARTESIAN_POINT('',(-0.0184320051102012,0.00854758717394988,-0.00890000116));
#6461=CARTESIAN_POINT('',(-0.0178436312244323,0.00972300826776571,-0.00890000116));
#6462=CARTESIAN_POINT('',(-0.017290625028122,0.010827773730469,-0.00890000116));
#6463=CARTESIAN_POINT('',(-0.014301707849707,0.010827773730469,-0.00890000116));
#6464=CARTESIAN_POINT('',(-0.014301707849707,0.010827773730469,-0.00890000116));
#6465=CARTESIAN_POINT('',(-0.014301707849707,0.007827773730469,-0.00890000116));
#6466=CARTESIAN_POINT('',(-0.014301707849707,0.006827773730469,-0.00890000116));
#6467=CARTESIAN_POINT('',(-0.014801707849707,0.006827773730469,-0.00890000116));
#6468=CARTESIAN_POINT('',(-0.015301707849707,0.006827773730469,-0.00890000116));
#6469=CARTESIAN_POINT('',(-0.015301707849707,0.000127748730469,-0.00890000116));
#6470=CARTESIAN_POINT('',(-0.015301707849707,-0.006472276269531,-0.00890000116));
#6471=CARTESIAN_POINT('',(-0.013651710849707,-0.006472276269531,-0.00890000116));
#6472=CARTESIAN_POINT('',(-0.0107768314320854,0.00992771820096612,-0.00890000116));
#6473=CARTESIAN_POINT('',(-0.0132768314320854,0.00992771820096612,-0.00890000116));
#6474=CARTESIAN_POINT('',(-3.46944695195361E-18,-0.023,-0.01090000116));
#6475=CARTESIAN_POINT('',(-0.0218,-0.023,-0.01290000116));
#6476=CARTESIAN_POINT('',(-0.0218,-0.023,-0.01290000116));
#6477=CARTESIAN_POINT('',(-3.46944695195361E-18,-0.023,-0.01290000116));
#6478=CARTESIAN_POINT('',(-0.013,-0.023,-0.01290000116));
#6479=CARTESIAN_POINT('',(-0.013,-0.023,-0.00890000116));
#6480=CARTESIAN_POINT('',(-0.014801707849707,0.006827773730469,-0.264217621135332));
#6481=CARTESIAN_POINT('',(-0.014301707849707,0.006827773730469,-0.264217621135332));
#6482=CARTESIAN_POINT('',(-0.014301707849707,0.006827773730469,-0.0034));
#6483=CARTESIAN_POINT('',(-0.014801707849707,0.006827773730469,-0.0034));
#6484=CARTESIAN_POINT('',(-0.015301707849707,0.006827773730469,-0.0034));
#6485=CARTESIAN_POINT('',(-0.015301707849707,0.006827773730469,-0.264217621135332));
#6486=CARTESIAN_POINT('',(-0.015301707849707,0.000127748730469,-0.264217621135332));
#6487=CARTESIAN_POINT('',(-0.015301707849707,-0.006472276269531,-0.264217621135332));
#6488=CARTESIAN_POINT('',(-0.015301707849707,-0.006472276269531,-0.0034));
#6489=CARTESIAN_POINT('',(-0.015301707849707,0.000127748730469,-0.0034));
#6490=CARTESIAN_POINT('',(-0.013651710849707,-0.006472276269531,-0.264217621135332));
#6491=CARTESIAN_POINT('',(-0.012001713849707,-0.006472276269531,-0.264217621135332));
#6492=CARTESIAN_POINT('',(-0.012001713849707,-0.006472276269531,-0.0034));
#6493=CARTESIAN_POINT('',(-0.013651710849707,-0.006472276269531,-0.0034));
#6494=CARTESIAN_POINT('',(-0.012001713849707,-0.007472276269531,-0.264217621135332));
#6495=CARTESIAN_POINT('',(-0.012001713849707,-0.008472276269531,-0.264217621135332));
#6496=CARTESIAN_POINT('',(-0.012001713849707,-0.008472276269531,-0.00690000116));
#6497=CARTESIAN_POINT('',(-0.012001713849707,-0.008472276269531,-0.0034));
#6498=CARTESIAN_POINT('',(-0.012001713849707,-0.008472276269531,-0.00690000116));
#6499=CARTESIAN_POINT('',(-0.012001713849707,-0.007472276269531,-0.0034));
#6500=CARTESIAN_POINT('',(-0.014651710849707,-0.008472276269531,-0.264217621135332));
#6501=CARTESIAN_POINT('',(-0.0161029175127657,-0.008472276269531,-0.264217621135332));
#6502=CARTESIAN_POINT('',(-0.0161029175127657,-0.008472276269531,-0.00690000116));
#6503=CARTESIAN_POINT('',(-0.0161029175127657,-0.008472276269531,-0.0034));
#6504=CARTESIAN_POINT('',(-0.014651710849707,-0.008472276269531,-0.00690000116));
#6505=CARTESIAN_POINT('',(-0.014651710849707,-0.008472276269531,-0.0034));
#6506=CARTESIAN_POINT('',(-0.01602806675,-0.00862180902,-0.264217621135332));
#6507=CARTESIAN_POINT('',(-0.01661158095,-0.00745609634000002,-0.264217621135332));
#6508=CARTESIAN_POINT('',(-0.01661158095,-0.00745609634000002,-0.00690000116));
#6509=CARTESIAN_POINT('',(-0.01661158095,-0.00745609634000002,-0.0034));
#6510=CARTESIAN_POINT('',(-0.0161029175127657,-0.008472276269531,-0.00690000116));
#6511=CARTESIAN_POINT('',(-0.01602806675,-0.00862180902,-0.0034));
#6512=CARTESIAN_POINT('',(-0.01661158095,-0.00745609634,-0.264217621135332));
#6513=CARTESIAN_POINT('',(-0.0171104471100005,-0.00625172485999948,-0.264217621135332));
#6514=CARTESIAN_POINT('',(-0.0171104471100005,-0.00625172485999948,-0.00690000116));
#6515=CARTESIAN_POINT('',(-0.0171104471100005,-0.00625172485999948,-0.0034));
#6516=CARTESIAN_POINT('',(-0.01661158095,-0.00745609634000002,-0.00690000116));
#6517=CARTESIAN_POINT('',(-0.01661158095,-0.00745609634,-0.0034));
#6518=CARTESIAN_POINT('',(-0.0171104471100004,-0.00625172486,-0.264217621135332));
#6519=CARTESIAN_POINT('',(-0.017301707849707,-0.00567708002164281,-0.264217621135332));
#6520=CARTESIAN_POINT('',(-0.017301707849707,-0.00567708002164281,-0.00690000116));
#6521=CARTESIAN_POINT('',(-0.017301707849707,-0.00567708002164281,-0.0034));
#6522=CARTESIAN_POINT('',(-0.0171104471100006,-0.00625172485999951,-0.00690000116));
#6523=CARTESIAN_POINT('',(-0.0171104471100004,-0.00625172486,-0.0034));
#6524=CARTESIAN_POINT('',(-0.017301707849707,-0.000872251269531,-0.264217621135332));
#6525=CARTESIAN_POINT('',(-0.017301707849707,0.00593721158164151,-0.264217621135332));
#6526=CARTESIAN_POINT('',(-0.017301707849707,0.00593721158164151,-0.00690000116));
#6527=CARTESIAN_POINT('',(-0.017301707849707,0.00593721158164151,-0.0034));
#6528=CARTESIAN_POINT('',(-0.017301707849707,-0.000872251269531,-0.00690000116));
#6529=CARTESIAN_POINT('',(-0.017301707849707,-0.000872251269531,-0.0034));
#6530=CARTESIAN_POINT('',(-0.0175221252300005,0.005274965319999,-0.264217621135332));
#6531=CARTESIAN_POINT('',(-0.017110447109999,0.006511856420002,-0.264217621135332));
#6532=CARTESIAN_POINT('',(-0.017110447109999,0.006511856420002,-0.00690000116));
#6533=CARTESIAN_POINT('',(-0.017110447109999,0.006511856420002,-0.0034));
#6534=CARTESIAN_POINT('',(-0.017301707849707,0.00593721158164151,-0.00690000116));
#6535=CARTESIAN_POINT('',(-0.0175221252300005,0.005274965319999,-0.0034));
#6536=CARTESIAN_POINT('',(-0.017110447109999,0.006511856420002,-0.264217621135332));
#6537=CARTESIAN_POINT('',(-0.0166115809500009,0.00771622789999896,-0.264217621135332));
#6538=CARTESIAN_POINT('',(-0.0166115809500009,0.00771622789999896,-0.00690000116));
#6539=CARTESIAN_POINT('',(-0.0166115809500009,0.00771622789999896,-0.0034));
#6540=CARTESIAN_POINT('',(-0.017110447109999,0.00651185642000198,-0.00690000116));
#6541=CARTESIAN_POINT('',(-0.017110447109999,0.006511856420002,-0.0034));
#6542=CARTESIAN_POINT('',(-0.016611580950001,0.007716227899999,-0.264217621135332));
#6543=CARTESIAN_POINT('',(-0.0160551807433646,0.008827773730469,-0.264217621135332));
#6544=CARTESIAN_POINT('',(-0.0160551807433646,0.008827773730469,-0.00690000116));
#6545=CARTESIAN_POINT('',(-0.0160551807433646,0.008827773730469,-0.0034));
#6546=CARTESIAN_POINT('',(-0.016611580950001,0.00771622789999901,-0.00690000116));
#6547=CARTESIAN_POINT('',(-0.016611580950001,0.007716227899999,-0.0034));
#6548=CARTESIAN_POINT('',(-0.015801707849707,0.008827773730469,-0.264217621135332));
#6549=CARTESIAN_POINT('',(-0.014301707849707,0.008827773730469,-0.264217621135332));
#6550=CARTESIAN_POINT('',(-0.014301707849707,0.008827773730469,-0.00690000116));
#6551=CARTESIAN_POINT('',(-0.014301707849707,0.008827773730469,-0.0034));
#6552=CARTESIAN_POINT('',(-0.0160551807433646,0.008827773730469,-0.00690000116));
#6553=CARTESIAN_POINT('',(-0.015801707849707,0.008827773730469,-0.0034));
#6554=CARTESIAN_POINT('',(-0.014301707849707,0.007827773730469,-0.264217621135332));
#6555=CARTESIAN_POINT('',(-0.014301707849707,0.136986583718135,-0.135058811147666));
#6556=CARTESIAN_POINT('',(-0.014301707849707,0.007827773730469,-0.0034));
#6557=CARTESIAN_POINT('',(-2.04469999997431E-7,-0.00136417177,-0.0034));
#6558=CARTESIAN_POINT('',(0.01529818696816,0.000127748730469,-0.264217621135332));
#6559=CARTESIAN_POINT('',(0.01529818696816,-0.006472276269531,-0.264217621135332));
#6560=CARTESIAN_POINT('',(0.01529818696816,-0.006472276269531,-0.0034));
#6561=CARTESIAN_POINT('',(0.01529818696816,0.000127748730469,-0.0034));
#6562=CARTESIAN_POINT('',(0.01529818696816,0.006827773730469,-0.0034));
#6563=CARTESIAN_POINT('',(0.01529818696816,0.006827773730469,-0.264217621135332));
#6564=CARTESIAN_POINT('',(0.01479818696816,0.006827773730469,-0.264217621135332));
#6565=CARTESIAN_POINT('',(0.01479818696816,0.006827773730469,-0.0034));
#6566=CARTESIAN_POINT('',(0.01429818696816,0.006827773730469,-0.0034));
#6567=CARTESIAN_POINT('',(0.01429818696816,0.006827773730469,-0.264217621135332));
#6568=CARTESIAN_POINT('',(0.01429818696816,0.007827773730469,-0.264217621135332));
#6569=CARTESIAN_POINT('',(0.01429818696816,0.007827773730469,-0.0034));
#6570=CARTESIAN_POINT('',(0.01429818696816,0.008827773730469,-0.0034));
#6571=CARTESIAN_POINT('',(0.01429818696816,0.008827773730469,-0.264217621135332));
#6572=CARTESIAN_POINT('',(0.01429818696816,0.008827773730469,-0.00690000116));
#6573=CARTESIAN_POINT('',(0.01429818696816,0.136986583718135,-0.135058811147666));
#6574=CARTESIAN_POINT('',(0.01579818696816,0.008827773730469,-0.264217621135332));
#6575=CARTESIAN_POINT('',(0.0160547718033646,0.008827773730469,-0.264217621135332));
#6576=CARTESIAN_POINT('',(0.0160547718033646,0.008827773730469,-0.00690000116));
#6577=CARTESIAN_POINT('',(0.0160547718033646,0.008827773730469,-0.0034));
#6578=CARTESIAN_POINT('',(0.01429818696816,0.008827773730469,-0.00690000116));
#6579=CARTESIAN_POINT('',(0.01579818696816,0.008827773730469,-0.0034));
#6580=CARTESIAN_POINT('',(0.01602765781,0.00888194058,-0.264217621135332));
#6581=CARTESIAN_POINT('',(0.01661117201,0.00771622790000002,-0.264217621135332));
#6582=CARTESIAN_POINT('',(0.01661117201,0.00771622790000002,-0.00690000116));
#6583=CARTESIAN_POINT('',(0.01661117201,0.00771622790000002,-0.0034));
#6584=CARTESIAN_POINT('',(0.0160547718033646,0.008827773730469,-0.00690000116));
#6585=CARTESIAN_POINT('',(0.01602765781,0.00888194058,-0.0034));
#6586=CARTESIAN_POINT('',(0.01661117201,0.0077162279,-0.264217621135332));
#6587=CARTESIAN_POINT('',(0.0171100381700001,0.00651185641999902,-0.264217621135332));
#6588=CARTESIAN_POINT('',(0.0171100381700001,0.00651185641999902,-0.00690000116));
#6589=CARTESIAN_POINT('',(0.0171100381700001,0.00651185641999902,-0.0034));
#6590=CARTESIAN_POINT('',(0.01661117201,0.00771622790000002,-0.00690000116));
#6591=CARTESIAN_POINT('',(0.01661117201,0.0077162279,-0.0034));
#6592=CARTESIAN_POINT('',(0.01711003817,0.006511856419999,-0.264217621135332));
#6593=CARTESIAN_POINT('',(0.01729818696816,0.00594656144168137,-0.264217621135332));
#6594=CARTESIAN_POINT('',(0.01729818696816,0.00594656144168137,-0.00690000116));
#6595=CARTESIAN_POINT('',(0.01729818696816,0.00594656144168137,-0.0034));
#6596=CARTESIAN_POINT('',(0.01711003817,0.00651185641999899,-0.00690000116));
#6597=CARTESIAN_POINT('',(0.01711003817,0.006511856419999,-0.0034));
#6598=CARTESIAN_POINT('',(0.01729818696816,-0.000872251269531001,-0.264217621135332));
#6599=CARTESIAN_POINT('',(0.01729818696816,-0.00568642988168211,-0.264217621135332));
#6600=CARTESIAN_POINT('',(0.01729818696816,-0.00568642988168211,-0.00690000116));
#6601=CARTESIAN_POINT('',(0.01729818696816,-0.00568642988168211,-0.0034));
#6602=CARTESIAN_POINT('',(0.01729818696816,0.00594656144168137,-0.00690000116));
#6603=CARTESIAN_POINT('',(0.01729818696816,-0.000872251269531001,-0.0034));
#6604=CARTESIAN_POINT('',(0.01752171629,-0.00501483376,-0.264217621135332));
#6605=CARTESIAN_POINT('',(0.0171100381699999,-0.00625172486000193,-0.264217621135332));
#6606=CARTESIAN_POINT('',(0.0171100381699999,-0.00625172486000193,-0.00690000116));
#6607=CARTESIAN_POINT('',(0.0171100381699999,-0.00625172486000193,-0.0034));
#6608=CARTESIAN_POINT('',(0.01729818696816,-0.00568642988168211,-0.00690000116));
#6609=CARTESIAN_POINT('',(0.01752171629,-0.00501483376,-0.0034));
#6610=CARTESIAN_POINT('',(0.01711003817,-0.006251724860002,-0.264217621135332));
#6611=CARTESIAN_POINT('',(0.0166111720100001,-0.00745609633999906,-0.264217621135332));
#6612=CARTESIAN_POINT('',(0.0166111720100001,-0.00745609633999906,-0.00690000116));
#6613=CARTESIAN_POINT('',(0.0166111720100001,-0.00745609633999906,-0.0034));
#6614=CARTESIAN_POINT('',(0.01711003817,-0.00625172486000199,-0.00690000116));
#6615=CARTESIAN_POINT('',(0.01711003817,-0.006251724860002,-0.0034));
#6616=CARTESIAN_POINT('',(0.01661117201,-0.007456096339999,-0.264217621135332));
#6617=CARTESIAN_POINT('',(0.0161025085727657,-0.008472276269531,-0.264217621135332));
#6618=CARTESIAN_POINT('',(0.0161025085727657,-0.008472276269531,-0.00690000116));
#6619=CARTESIAN_POINT('',(0.0161025085727657,-0.008472276269531,-0.0034));
#6620=CARTESIAN_POINT('',(0.01661117201,-0.00745609633999901,-0.00690000116));
#6621=CARTESIAN_POINT('',(0.01661117201,-0.007456096339999,-0.0034));
#6622=CARTESIAN_POINT('',(0.01464818996816,-0.008472276269531,-0.264217621135332));
#6623=CARTESIAN_POINT('',(0.01199819296816,-0.008472276269531,-0.264217621135332));
#6624=CARTESIAN_POINT('',(0.01199819296816,-0.008472276269531,-0.00690000116));
#6625=CARTESIAN_POINT('',(0.01199819296816,-0.008472276269531,-0.0034));
#6626=CARTESIAN_POINT('',(0.0161025085727657,-0.008472276269531,-0.00690000116));
#6627=CARTESIAN_POINT('',(0.01464818996816,-0.008472276269531,-0.0034));
#6628=CARTESIAN_POINT('',(0.01199819296816,-0.007472276269531,-0.264217621135332));
#6629=CARTESIAN_POINT('',(0.01199819296816,-0.136631086257197,-0.135058811147666));
#6630=CARTESIAN_POINT('',(0.01199819296816,-0.007472276269531,-0.0034));
#6631=CARTESIAN_POINT('',(0.01199819296816,-0.006472276269531,-0.0034));
#6632=CARTESIAN_POINT('',(0.01199819296816,-0.006472276269531,-0.264217621135332));
#6633=CARTESIAN_POINT('',(0.01364818996816,-0.006472276269531,-0.264217621135332));
#6634=CARTESIAN_POINT('',(0.01364818996816,-0.006472276269531,-0.0034));
#6635=CARTESIAN_POINT('',(-2.04469999997431E-7,-0.00136417177,-0.0034));
#6636=CARTESIAN_POINT('',(3.46944695195361E-18,0.023,-0.01090000116));
#6637=CARTESIAN_POINT('',(0.0218,0.023,-0.01290000116));
#6638=CARTESIAN_POINT('',(0.0218,0.023,-0.01290000116));
#6639=CARTESIAN_POINT('',(3.46944695195361E-18,0.023,-0.01290000116));
#6640=CARTESIAN_POINT('',(-0.0218,0.023,-0.01290000116));
#6641=CARTESIAN_POINT('',(-0.0218,0.023,-0.01090000116));
#6642=CARTESIAN_POINT('',(0.0248,-3.46944695195361E-18,-0.01090000116));
#6643=CARTESIAN_POINT('',(0.0248,-0.02,-0.01090000116));
#6644=CARTESIAN_POINT('',(0.0248,-0.02,-0.01290000116));
#6645=CARTESIAN_POINT('',(0.0248,-3.46944695195361E-18,-0.01290000116));
#6646=CARTESIAN_POINT('',(0.0248,0.02,-0.01290000116));
#6647=CARTESIAN_POINT('',(0.0248,0.02,-0.00890000116));
#6648=CARTESIAN_POINT('',(-3.46944695195361E-18,-0.023,-0.01090000116));
#6649=CARTESIAN_POINT('',(0.013,-0.023,-0.01090000116));
#6650=CARTESIAN_POINT('',(0.013,-0.023,-0.01290000116));
#6651=CARTESIAN_POINT('',(-3.46944695195361E-18,-0.023,-0.01290000116));
#6652=CARTESIAN_POINT('',(0.0218,-0.023,-0.01290000116));
#6653=CARTESIAN_POINT('',(0.0218,-0.023,-0.01090000116));
#6654=CARTESIAN_POINT('',(-0.0248,3.46944695195361E-18,-0.01090000116));
#6655=CARTESIAN_POINT('',(-0.0248,3.46944695195361E-18,-0.01290000116));
#6656=CARTESIAN_POINT('',(-0.0248,0.02,-0.01290000116));
#6657=CARTESIAN_POINT('',(-0.0248,-0.02,-0.01290000116));
#6658=CARTESIAN_POINT('',(-0.0248,-0.02,-0.00890000116));
#6659=CARTESIAN_POINT('',(-0.0248,0.02,-0.01090000116));
#6660=CARTESIAN_POINT('',(0.,0.,-0.01290000116));
#6661=CARTESIAN_POINT('',(-0.0218,-0.02,-0.01290000116));
#6662=CARTESIAN_POINT('',(-0.0218,0.02,-0.01290000116));
#6663=CARTESIAN_POINT('',(0.0218,0.02,-0.01290000116));
#6664=CARTESIAN_POINT('',(0.0218,-0.02,-0.01290000116));
#6665=CARTESIAN_POINT('',(0.013,-0.02,-0.01290000116));
#6666=CARTESIAN_POINT('',(0.01,-0.02,-0.01290000116));
#6667=CARTESIAN_POINT('',(0.01,-0.0105,-0.01290000116));
#6668=CARTESIAN_POINT('',(0.01,-0.001,-0.01290000116));
#6669=CARTESIAN_POINT('',(0.007,-0.001,-0.01290000116));
#6670=CARTESIAN_POINT('',(0.007,0.002,-0.01290000116));
#6671=CARTESIAN_POINT('',(0.,0.002,-0.01290000116));
#6672=CARTESIAN_POINT('',(-0.007,0.002,-0.01290000116));
#6673=CARTESIAN_POINT('',(-0.007,-0.001,-0.01290000116));
#6674=CARTESIAN_POINT('',(-0.01,-0.001,-0.01290000116));
#6675=CARTESIAN_POINT('',(-0.01,-0.0105,-0.01290000116));
#6676=CARTESIAN_POINT('',(-0.01,-0.02,-0.01290000116));
#6677=CARTESIAN_POINT('',(-0.013,-0.02,-0.01290000116));
#6678=CARTESIAN_POINT('',(-0.0107768314320854,0.00992771820096612,-0.01290000116));
#6679=CARTESIAN_POINT('',(-0.0122768314320854,0.00992771820096612,-0.01290000116));
#6680=CARTESIAN_POINT('',(0.0178,0.016,-0.01290000116));
#6681=CARTESIAN_POINT('',(0.0142,0.016,-0.01290000116));
#6682=CARTESIAN_POINT('',(-0.0178,0.016,-0.01290000116));
#6683=CARTESIAN_POINT('',(-0.0214,0.016,-0.01290000116));
#6684=CARTESIAN_POINT('',(0.0178,-0.016,-0.01290000116));
#6685=CARTESIAN_POINT('',(0.0142,-0.016,-0.01290000116));
#6686=CARTESIAN_POINT('',(-0.0178,-0.016,-0.01290000116));
#6687=CARTESIAN_POINT('',(-0.0214,-0.016,-0.01290000116));
#6688=CARTESIAN_POINT('',(0.0218,0.02,-0.01090000116));
#6689=CARTESIAN_POINT('',(-0.0218,0.02,-0.01090000116));
#6690=CARTESIAN_POINT('',(-0.0178,-0.016,-0.003398));
#6691=CARTESIAN_POINT('',(-0.0178,-0.016,-0.01090000116));
#6692=CARTESIAN_POINT('',(-0.0194,-0.016,-0.01090000116));
#6693=CARTESIAN_POINT('',(0.0178,-0.016,-0.003398));
#6694=CARTESIAN_POINT('',(0.0178,-0.016,-0.01090000116));
#6695=CARTESIAN_POINT('',(0.0162,-0.016,-0.01090000116));
#6696=CARTESIAN_POINT('',(0.0178,0.016,-0.003398));
#6697=CARTESIAN_POINT('',(0.0178,0.016,-0.01090000116));
#6698=CARTESIAN_POINT('',(0.0162,0.016,-0.01090000116));
#6699=CARTESIAN_POINT('',(-0.0178,0.016,-0.003398));
#6700=CARTESIAN_POINT('',(-0.0178,0.016,-0.01090000116));
#6701=CARTESIAN_POINT('',(-0.0194,0.016,-0.01090000116));
#6702=CARTESIAN_POINT('',(0.0178,0.016,-0.01090000116));
#6703=CARTESIAN_POINT('',(-0.0178,0.016,-0.01090000116));
#6704=CARTESIAN_POINT('',(0.0178,-0.016,-0.01090000116));
#6705=CARTESIAN_POINT('',(-0.0178,-0.016,-0.01090000116));
#6706=CARTESIAN_POINT('',(-0.0107768314320854,0.00992771820096612,-0.003398));
#6707=CARTESIAN_POINT('',(-0.0107768314320854,0.00992771820096612,-0.0079));
#6708=CARTESIAN_POINT('',(-0.0122768314320854,0.00992771820096612,-0.00789999996721644));
#6709=CARTESIAN_POINT('',(0.,0.002,-0.003398));
#6710=CARTESIAN_POINT('',(-0.007,0.002,-0.01290000116));
#6711=CARTESIAN_POINT('',(0.007,0.002,-0.003398));
#6712=CARTESIAN_POINT('',(-0.01,-0.0105,-0.003398));
#6713=CARTESIAN_POINT('',(-0.01,-0.02,-0.01290000116));
#6714=CARTESIAN_POINT('',(-0.01,-0.001,-0.00890000116));
#6715=CARTESIAN_POINT('',(0.01,-0.0105,-0.003398));
#6716=CARTESIAN_POINT('',(0.01,-0.001,-0.003398));
#6717=CARTESIAN_POINT('',(0.01,-0.02,-0.003398));
#6718=CARTESIAN_POINT('',(-0.0218,-0.02,-0.01090000116));
#6719=CARTESIAN_POINT('',(-0.013,-0.02,-0.003398));
#6720=CARTESIAN_POINT('',(-0.007,-0.001,-0.003398));
#6721=CARTESIAN_POINT('',(0.007,-0.001,-0.003398));
#6722=CARTESIAN_POINT('',(0.013,-0.02,-0.01090000116));
#6723=CARTESIAN_POINT('',(0.0218,-0.02,-0.01090000116));
#6724=CARTESIAN_POINT('',(-0.0107768314487803,0.009927718212891,-0.0079));
#6725=CARTESIAN_POINT('',(-0.0107768314320854,0.00992771820096612,-0.0079));
#6726=CARTESIAN_POINT('',(-0.0132768314320854,0.00992771820096612,-0.00789999994536074));
#6727=CARTESIAN_POINT('',(-0.0107768314320854,0.00992771820096612,0.248917619975332));
#6728=CARTESIAN_POINT('',(0.,0.010827773730469,-0.00890000116));
#6729=CARTESIAN_POINT('',(0.0145199501205872,0.00634312638260697,-0.00441535381213797));
#6730=CARTESIAN_POINT('',(0.0181599674470508,0.00909023214613394,-0.00890000116));
#6731=CARTESIAN_POINT('',(0.0184217388165107,0.0085430854745195,-0.00888917142712223));
#6732=CARTESIAN_POINT('',(0.0187543839982735,0.00776830710768448,-0.00890000116));
#6733=CARTESIAN_POINT('',(0.0189750436896692,0.00720746783510647,-0.00888924059392096));
#6734=CARTESIAN_POINT('',(0.0192525164806821,0.00640787195417227,-0.00890000116));
#6735=CARTESIAN_POINT('',(0.0192866213808895,0.00626878034655625,-0.00888843557272954));
#6736=CARTESIAN_POINT('',(0.01929818696816,0.,-0.00890000116));
#6737=CARTESIAN_POINT('',(0.0188175058834133,-0.00593263024609578,-0.00841932007525326));
#6738=CARTESIAN_POINT('',(0.0191745707765998,-0.00638192905511624,-0.00890000116));
#6739=CARTESIAN_POINT('',(0.0189750956759612,-0.00694735566500273,-0.0088892960431841));
#6740=CARTESIAN_POINT('',(0.0186624137128799,-0.00773021183239828,-0.00890000116));
#6741=CARTESIAN_POINT('',(0.0184217985351616,-0.00828298118709442,-0.00888923703672319));
#6742=CARTESIAN_POINT('',(0.0180558444159176,-0.00903811186961576,-0.00890000116));
#6743=CARTESIAN_POINT('',(0.0170809883987089,-0.010056289143304,-0.00848401403377304));
#6744=CARTESIAN_POINT('',(0.,-0.010472276269531,-0.00890000116));
#6745=CARTESIAN_POINT('',(0.,0.010827773730469,-0.00890000116));
#6746=CARTESIAN_POINT('',(-0.0145202935395703,0.00634302031385367,-0.00441524774338467));
#6747=CARTESIAN_POINT('',(-0.018160294451331,0.00909039583282381,-0.00890000116));
#6748=CARTESIAN_POINT('',(-0.0184221447830802,0.00854308411659898,-0.00888916816037644));
#6749=CARTESIAN_POINT('',(-0.0187547330505716,0.00776845168963115,-0.00890000116));
#6750=CARTESIAN_POINT('',(-0.0189754500113198,0.00720746685851492,-0.00888923780115599));
#6751=CARTESIAN_POINT('',(-0.0192528846371316,0.00640799448876372,-0.00890000116));
#6752=CARTESIAN_POINT('',(-0.0192893438668146,0.00625930110927264,-0.0088876371771076));
#6753=CARTESIAN_POINT('',(-0.017301707849707,-0.000872251269531,-0.00690000116));
#6754=CARTESIAN_POINT('',(-0.0169174500545291,-0.00561481237773215,-0.00651574336482207));
#6755=CARTESIAN_POINT('',(-0.0191749389330447,-0.00638205158972206,-0.00890000116));
#6756=CARTESIAN_POINT('',(-0.0189755067766952,-0.00694735647091289,-0.00888929834785101));
#6757=CARTESIAN_POINT('',(-0.0186627627651805,-0.00773035641433827,-0.00890000116));
#6758=CARTESIAN_POINT('',(-0.0184222100172466,-0.00828298234802559,-0.00888923982957219));
#6759=CARTESIAN_POINT('',(-0.0180561714201977,-0.00903827555630559,-0.00890000116));
#6760=CARTESIAN_POINT('',(-0.017081426667049,-0.0100563366215121,-0.00848406151198108));
#6761=CARTESIAN_POINT('',(-0.014651710849707,-0.008472276269531,-0.00690000116));
#6762=CARTESIAN_POINT('',(0.,0.,-0.01230000116));
#6763=CARTESIAN_POINT('',(-0.017,0.007,-0.01230000116));
#6764=CARTESIAN_POINT('',(-0.02105,0.007,-0.01230000116));
#6765=CARTESIAN_POINT('',(0.,0.,-0.00990000116));
#6766=CARTESIAN_POINT('',(-0.017,0.007,-0.00990000116));
#6767=CARTESIAN_POINT('',(-0.02105,0.007,-0.00990000116));
#6768=CARTESIAN_POINT('',(-0.017,0.007,-0.00990000116));
#6769=CARTESIAN_POINT('',(0.,0.,-0.01230000116));
#6770=CARTESIAN_POINT('',(0.017,0.007,-0.01230000116));
#6771=CARTESIAN_POINT('',(0.01295,0.007,-0.01230000116));
#6772=CARTESIAN_POINT('',(0.,0.,-0.00990000116));
#6773=CARTESIAN_POINT('',(0.017,0.007,-0.00990000116));
#6774=CARTESIAN_POINT('',(0.01295,0.007,-0.00990000116));
#6775=CARTESIAN_POINT('',(0.017,0.007,-0.00990000116));
#6776=CARTESIAN_POINT('',(0.,0.,0.));
#6777=CARTESIAN_POINT('',(3.46944695195361E-18,0.025,-0.0438));
#6778=CARTESIAN_POINT('',(3.46944695195361E-18,0.025,-0.0018));
#6779=CARTESIAN_POINT('',(-0.025,0.025,-0.0018));
#6780=CARTESIAN_POINT('',(0.025,0.025,-0.0018));
#6781=CARTESIAN_POINT('',(-0.025,0.025,-0.0438));
#6782=CARTESIAN_POINT('',(-0.025,0.025,-0.0438));
#6783=CARTESIAN_POINT('',(3.46944695195361E-18,0.025,-0.0438));
#6784=CARTESIAN_POINT('',(0.025,0.025,-0.0438));
#6785=CARTESIAN_POINT('',(0.025,0.025,-0.0438));
#6786=CARTESIAN_POINT('',(-0.025,3.46944695195361E-18,-0.0438));
#6787=CARTESIAN_POINT('',(-0.025,3.46944695195361E-18,-0.03040000116));
#6788=CARTESIAN_POINT('',(-0.025,0.014,-0.03040000116));
#6789=CARTESIAN_POINT('',(-0.025,2.49366499671666E-18,-0.03040000116));
#6790=CARTESIAN_POINT('',(-0.025,2.49366499671666E-18,-0.01740000116));
#6791=CARTESIAN_POINT('',(-0.025,2.49366499671666E-18,-0.01340000116));
#6792=CARTESIAN_POINT('',(-0.025,0.007,-0.01340000116));
#6793=CARTESIAN_POINT('',(-0.025,0.014,-0.01340000116));
#6794=CARTESIAN_POINT('',(-0.025,0.014,-0.01740000116));
#6795=CARTESIAN_POINT('',(-0.025,3.46944695195361E-18,-0.0018));
#6796=CARTESIAN_POINT('',(-0.025,-0.025,-0.0018));
#6797=CARTESIAN_POINT('',(-0.025,-0.025,-0.0438));
#6798=CARTESIAN_POINT('',(-0.025,-0.025,-0.0438));
#6799=CARTESIAN_POINT('',(-0.025,3.46944695195361E-18,-0.0438));
#6800=CARTESIAN_POINT('',(-3.46944695195361E-18,-0.025,-0.0438));
#6801=CARTESIAN_POINT('',(-3.46944695195361E-18,-0.025,-0.0018));
#6802=CARTESIAN_POINT('',(0.025,-0.025,-0.0018));
#6803=CARTESIAN_POINT('',(0.025,-0.025,-0.0438));
#6804=CARTESIAN_POINT('',(0.025,-0.025,-0.0438));
#6805=CARTESIAN_POINT('',(-3.46944695195361E-18,-0.025,-0.0438));
#6806=CARTESIAN_POINT('',(0.029,-3.46944695195361E-18,-0.0438));
#6807=CARTESIAN_POINT('',(0.029,-3.46944695195361E-18,-0.0018));
#6808=CARTESIAN_POINT('',(0.029,-0.019,-0.0018));
#6809=CARTESIAN_POINT('',(0.029,0.019,-0.0018));
#6810=CARTESIAN_POINT('',(0.029,-0.019,-0.0438));
#6811=CARTESIAN_POINT('',(0.029,-0.019,-0.0478));
#6812=CARTESIAN_POINT('',(0.029,-3.46944695195361E-18,-0.0478));
#6813=CARTESIAN_POINT('',(0.029,0.019,-0.0478));
#6814=CARTESIAN_POINT('',(0.029,0.019,-0.0438));
#6815=CARTESIAN_POINT('',(0.019,-0.019,-0.0438));
#6816=CARTESIAN_POINT('',(0.019,-0.019,-0.0018));
#6817=CARTESIAN_POINT('',(0.019,-0.029,-0.0018));
#6818=CARTESIAN_POINT('',(0.019,-0.029,-0.0438));
#6819=CARTESIAN_POINT('',(0.019,-0.029,-0.0478));
#6820=CARTESIAN_POINT('',(0.019,-0.019,-0.0478));
#6821=CARTESIAN_POINT('',(-3.46944695195361E-18,-0.029,-0.0438));
#6822=CARTESIAN_POINT('',(-3.46944695195361E-18,-0.029,-0.0018));
#6823=CARTESIAN_POINT('',(-0.019,-0.029,-0.0018));
#6824=CARTESIAN_POINT('',(-0.019,-0.029,-0.0438));
#6825=CARTESIAN_POINT('',(-0.019,-0.029,-0.0478));
#6826=CARTESIAN_POINT('',(-3.46944695195361E-18,-0.029,-0.0478));
#6827=CARTESIAN_POINT('',(-0.019,-0.019,-0.0438));
#6828=CARTESIAN_POINT('',(-0.019,-0.019,-0.0018));
#6829=CARTESIAN_POINT('',(-0.029,-0.019,-0.0018));
#6830=CARTESIAN_POINT('',(-0.029,-0.019,-0.0438));
#6831=CARTESIAN_POINT('',(-0.029,-0.019,-0.0478));
#6832=CARTESIAN_POINT('',(-0.019,-0.019,-0.0478));
#6833=CARTESIAN_POINT('',(-0.029,3.46944695195361E-18,-0.0438));
#6834=CARTESIAN_POINT('',(-0.029,3.46944695195361E-18,-0.0018));
#6835=CARTESIAN_POINT('',(-0.029,0.019,-0.0018));
#6836=CARTESIAN_POINT('',(-0.029,0.019,-0.0438));
#6837=CARTESIAN_POINT('',(-0.029,0.019,-0.0478));
#6838=CARTESIAN_POINT('',(-0.029,3.46944695195361E-18,-0.0478));
#6839=CARTESIAN_POINT('',(-0.019,0.019,-0.0438));
#6840=CARTESIAN_POINT('',(-0.019,0.019,-0.0018));
#6841=CARTESIAN_POINT('',(-0.019,0.029,-0.0018));
#6842=CARTESIAN_POINT('',(-0.019,0.029,-0.0438));
#6843=CARTESIAN_POINT('',(-0.019,0.029,-0.0478));
#6844=CARTESIAN_POINT('',(-0.019,0.019,-0.0478));
#6845=CARTESIAN_POINT('',(3.46944695195361E-18,0.029,-0.0438));
#6846=CARTESIAN_POINT('',(3.46944695195361E-18,0.029,-0.0018));
#6847=CARTESIAN_POINT('',(0.019,0.029,-0.0018));
#6848=CARTESIAN_POINT('',(0.019,0.029,-0.0438));
#6849=CARTESIAN_POINT('',(0.019,0.029,-0.0478));
#6850=CARTESIAN_POINT('',(3.46944695195361E-18,0.029,-0.0478));
#6851=CARTESIAN_POINT('',(0.019,0.019,-0.0438));
#6852=CARTESIAN_POINT('',(0.019,0.019,-0.0018));
#6853=CARTESIAN_POINT('',(0.019,0.019,-0.0478));
#6854=CARTESIAN_POINT('',(0.025,-3.46944695195361E-18,-0.0438));
#6855=CARTESIAN_POINT('',(0.025,1.6944125823036E-18,-0.01740000116));
#6856=CARTESIAN_POINT('',(0.025,1.6944125823036E-18,-0.03040000116));
#6857=CARTESIAN_POINT('',(0.025,0.,-0.01340000116));
#6858=CARTESIAN_POINT('',(0.025,0.014,-0.03040000116));
#6859=CARTESIAN_POINT('',(0.025,0.014,-0.03040000116));
#6860=CARTESIAN_POINT('',(0.025,0.014,-0.01740000116));
#6861=CARTESIAN_POINT('',(0.025,0.014,-0.01340000116));
#6862=CARTESIAN_POINT('',(0.025,0.007,-0.01340000116));
#6863=CARTESIAN_POINT('',(0.025,-3.46944695195361E-18,-0.0018));
#6864=CARTESIAN_POINT('',(0.025,-3.46944695195361E-18,-0.0438));
#6865=CARTESIAN_POINT('',(0.,0.,-0.0018));
#6866=CARTESIAN_POINT('',(0.,0.,-0.0438));
#6867=CARTESIAN_POINT('',(0.,0.,-0.0478));
#6868=CARTESIAN_POINT('',(0.018,0.014,-0.01740000116));
#6869=CARTESIAN_POINT('',(0.018,0.014,-0.01340000116));
#6870=CARTESIAN_POINT('',(0.011,0.014,-0.01340000116));
#6871=CARTESIAN_POINT('',(0.012,0.014,-0.01740000116));
#6872=CARTESIAN_POINT('',(0.012,0.014,-0.01740000116));
#6873=CARTESIAN_POINT('',(0.018,0.014,-0.01740000116));
#6874=CARTESIAN_POINT('',(0.011,0.014,-0.01740000116));
#6875=CARTESIAN_POINT('',(0.011,0.014,-0.01740000116));
#6876=CARTESIAN_POINT('',(0.018,2.55166534170675E-18,-0.01740000116));
#6877=CARTESIAN_POINT('',(0.018,2.55166534170675E-18,-0.01340000116));
#6878=CARTESIAN_POINT('',(0.011,0.,-0.01340000116));
#6879=CARTESIAN_POINT('',(0.011,0.,-0.01740000116));
#6880=CARTESIAN_POINT('',(0.011,0.,-0.01740000116));
#6881=CARTESIAN_POINT('',(0.018,2.55166534170675E-18,-0.01740000116));
#6882=CARTESIAN_POINT('',(0.012,3.28645342119517E-18,-0.01740000116));
#6883=CARTESIAN_POINT('',(0.015,2.91905938145095E-18,-0.02040000116));
#6884=CARTESIAN_POINT('',(0.011,0.007,-0.01740000116));
#6885=CARTESIAN_POINT('',(0.011,0.007,-0.01340000116));
#6886=CARTESIAN_POINT('',(0.011,0.007,-0.01740000116));
#6887=CARTESIAN_POINT('',(0.,0.,-0.01740000116));
#6888=CARTESIAN_POINT('',(0.012,3.49852499731948E-18,-0.01740000116));
#6889=CARTESIAN_POINT('',(0.,0.,-0.01340000116));
#6890=CARTESIAN_POINT('',(-0.0185,0.014,-0.01740000116));
#6891=CARTESIAN_POINT('',(-0.0185,0.014,-0.01340000116));
#6892=CARTESIAN_POINT('',(-0.012,0.014,-0.01340000116));
#6893=CARTESIAN_POINT('',(-0.012,0.014,-0.01740000116));
#6894=CARTESIAN_POINT('',(-0.012,0.014,-0.01740000116));
#6895=CARTESIAN_POINT('',(-0.01525,0.014,-0.02065000116));
#6896=CARTESIAN_POINT('',(-0.012,0.007,-0.01740000116));
#6897=CARTESIAN_POINT('',(-0.012,0.007,-0.01340000116));
#6898=CARTESIAN_POINT('',(-0.012,3.46944695195361E-18,-0.01340000116));
#6899=CARTESIAN_POINT('',(-0.012,3.46944695195361E-18,-0.01740000116));
#6900=CARTESIAN_POINT('',(-0.012,3.46944695195361E-18,-0.01740000116));
#6901=CARTESIAN_POINT('',(-0.012,0.007,-0.01740000116));
#6902=CARTESIAN_POINT('',(-0.0185,2.49366499671666E-18,-0.01740000116));
#6903=CARTESIAN_POINT('',(-0.0185,2.49366499671666E-18,-0.01340000116));
#6904=CARTESIAN_POINT('',(-0.025,2.49366499671666E-18,-0.03040000116));
#6905=CARTESIAN_POINT('',(0.,0.,-0.01340000116));
#6906=CARTESIAN_POINT('',(0.012,-1.66533453693773E-18,-0.01740000116));
#6907=CARTESIAN_POINT('',(-0.025,3.46944695195361E-18,-0.03040000116));
#6908=CARTESIAN_POINT('',(-0.001975,0.007,-0.01400000116));
#6909=CARTESIAN_POINT('',(-0.017,0.007,-0.01400000116));
#6910=CARTESIAN_POINT('',(-0.02105,0.007,-0.01400000116));
#6911=CARTESIAN_POINT('',(-0.001975,0.007,-0.01640000116));
#6912=CARTESIAN_POINT('',(-0.017,0.007,-0.01640000116));
#6913=CARTESIAN_POINT('',(-0.02105,0.007,-0.01640000116));
#6914=CARTESIAN_POINT('',(-0.017,0.007,-0.01740000116));
#6915=CARTESIAN_POINT('',(-0.001975,0.007,-0.01400000116));
#6916=CARTESIAN_POINT('',(0.017,0.007,-0.01400000116));
#6917=CARTESIAN_POINT('',(0.02105,0.007,-0.01400000116));
#6918=CARTESIAN_POINT('',(-0.001975,0.007,-0.01640000116));
#6919=CARTESIAN_POINT('',(0.017,0.007,-0.01640000116));
#6920=CARTESIAN_POINT('',(0.01295,0.007,-0.01640000116));
#6921=CARTESIAN_POINT('',(0.017,0.007,-0.01740000116));
#6922=CARTESIAN_POINT('',(0.,0.,0.));
#6923=CARTESIAN_POINT('',(-0.0107768370625,0.00992771820096619,-0.265517621135332));
#6924=CARTESIAN_POINT('',(-0.010776831388374,0.00992771820096612,-0.0059));
#6925=CARTESIAN_POINT('',(-0.013276831388374,0.00992771820096612,-0.00589999994536074));
#6926=CARTESIAN_POINT('',(-0.0107768314277143,0.00992771820096612,-0.0077));
#6927=CARTESIAN_POINT('',(-0.0132768314277143,0.00992771820096612,-0.00769999994536074));
#6928=CARTESIAN_POINT('',(-0.010776831388374,0.00992771820096612,-0.0059));
#6929=CARTESIAN_POINT('',(-0.0107768314444091,0.009927718212891,-0.0077));
#6930=CARTESIAN_POINT('',(-0.0107768314881205,0.00992771820096612,-0.0077));
#6931=CARTESIAN_POINT('',(-0.00952683148812052,0.00992771820096612,-0.00770000002731963));
#6932=CARTESIAN_POINT('',(-0.0107768315564196,0.00992771820096612,-0.010825));
#6933=CARTESIAN_POINT('',(-0.0107768315973991,0.00992771820096612,-0.0127));
#6934=CARTESIAN_POINT('',(-0.00952683159739906,0.00992771820096612,-0.0127000000273196));
#6935=CARTESIAN_POINT('',(-0.0107768315973991,0.00992771820096612,-0.0127));
#6936=CARTESIAN_POINT('',(0.,0.,0.));
#6937=CARTESIAN_POINT('',(0.029002,-0.0215,-0.0478));
#6938=CARTESIAN_POINT('',(0.029002,-0.029,-0.0478));
#6939=CARTESIAN_POINT('',(0.0292,-0.029,-0.0478));
#6940=CARTESIAN_POINT('',(-0.0292,-0.029,-0.0478));
#6941=CARTESIAN_POINT('',(0.0292,-0.0215,-0.0478));
#6942=CARTESIAN_POINT('',(0.0292,-0.014,-0.0478));
#6943=CARTESIAN_POINT('',(0.029002,-0.014,-0.0478));
#6944=CARTESIAN_POINT('',(-0.0292,-0.014,-0.0478));
#6945=CARTESIAN_POINT('',(-0.0292,-0.0215,-0.0478));
#6946=CARTESIAN_POINT('',(0.029002,-0.0202318151000617,-0.0585938203766817));
#6947=CARTESIAN_POINT('',(0.0312,-0.014,-0.0478));
#6948=CARTESIAN_POINT('',(0.0312,-0.014,-0.0478));
#6949=CARTESIAN_POINT('',(0.0312,-0.0202318151000617,-0.0585938203766817));
#6950=CARTESIAN_POINT('',(0.0312,-0.0264636302001233,-0.0693876407533634));
#6951=CARTESIAN_POINT('',(0.029002,-0.0264636302001233,-0.0693876407533634));
#6952=CARTESIAN_POINT('',(-0.0312,-0.0264636302001233,-0.0693876407533634));
#6953=CARTESIAN_POINT('',(-0.0312,-0.0202318151000617,-0.0585938203766817));
#6954=CARTESIAN_POINT('',(-0.0312,-0.014,-0.0478));
#6955=CARTESIAN_POINT('',(-0.0312,-0.014,-0.0478));
#6956=CARTESIAN_POINT('',(0.029002,-0.0380120933766979,-0.0376584989463215));
#6957=CARTESIAN_POINT('',(0.0312,-0.0380120933766979,-0.0376584989463215));
#6958=CARTESIAN_POINT('',(0.0312,-0.0495605565532724,-0.00592935713927966));
#6959=CARTESIAN_POINT('',(0.029002,-0.0495605565532724,-0.00592935713927966));
#6960=CARTESIAN_POINT('',(-0.0312,-0.0495605565532724,-0.00592935713927966));
#6961=CARTESIAN_POINT('',(-0.0312,-0.0380120933766979,-0.0376584989463215));
#6962=CARTESIAN_POINT('',(0.029002,-0.0392802782766362,-0.0118646785696398));
#6963=CARTESIAN_POINT('',(0.0312,-0.0392802782766362,-0.0118646785696398));
#6964=CARTESIAN_POINT('',(0.0312,-0.029,-0.0178));
#6965=CARTESIAN_POINT('',(0.0312,-0.029,-0.0178));
#6966=CARTESIAN_POINT('',(0.0292,-0.029,-0.0178));
#6967=CARTESIAN_POINT('',(0.029002,-0.029,-0.0178));
#6968=CARTESIAN_POINT('',(-0.0292,-0.029,-0.0178));
#6969=CARTESIAN_POINT('',(-0.0312,-0.029,-0.0178));
#6970=CARTESIAN_POINT('',(-0.0312,-0.029,-0.0178));
#6971=CARTESIAN_POINT('',(-0.0312,-0.0392802782766362,-0.0118646785696398));
#6972=CARTESIAN_POINT('',(0.029002,-0.029,-0.0328));
#6973=CARTESIAN_POINT('',(0.0292,-0.029,-0.0328));
#6974=CARTESIAN_POINT('',(-0.0292,-0.029,-0.0328));
#6975=CARTESIAN_POINT('',(-0.0312,-0.0215,-0.0328));
#6976=CARTESIAN_POINT('',(-0.0292,-0.0215,-0.0328));
#6977=CARTESIAN_POINT('',(-0.0312,-0.0215,-0.0328));
#6978=CARTESIAN_POINT('',(-0.0312,-0.0317802782766362,-0.0376584989463215));
#6979=CARTESIAN_POINT('',(-0.0292,-0.0317802782766362,-0.0376584989463215));
#6980=CARTESIAN_POINT('',(0.0292,-0.0317802782766362,-0.0376584989463215));
#6981=CARTESIAN_POINT('',(0.0292,-0.0215,-0.0328));
#6982=CARTESIAN_POINT('',(0.0312,-0.0215,-0.0328));
#6983=CARTESIAN_POINT('',(0.0312,-0.0215,-0.0328));
#6984=CARTESIAN_POINT('',(0.0312,-0.0317802782766362,-0.0376584989463215));
#6985=MECHANICAL_DESIGN_GEOMETRIC_PRESENTATION_REPRESENTATION('',(#4258),
#6990);
#6986=MECHANICAL_DESIGN_GEOMETRIC_PRESENTATION_REPRESENTATION('',(#4259),
#6991);
#6987=MECHANICAL_DESIGN_GEOMETRIC_PRESENTATION_REPRESENTATION('',(#4260),
#6992);
#6988=MECHANICAL_DESIGN_GEOMETRIC_PRESENTATION_REPRESENTATION('',(#4261),
#6993);
#6989=MECHANICAL_DESIGN_GEOMETRIC_PRESENTATION_REPRESENTATION('',(#4262),
#6994);
#6990=(
GEOMETRIC_REPRESENTATION_CONTEXT(3)
GLOBAL_UNCERTAINTY_ASSIGNED_CONTEXT((#6995))
GLOBAL_UNIT_ASSIGNED_CONTEXT((#7010,#7005,#7000))
REPRESENTATION_CONTEXT('Part 207','TOP_LEVEL_ASSEMBLY_PART')
);
#6991=(
GEOMETRIC_REPRESENTATION_CONTEXT(3)
GLOBAL_UNCERTAINTY_ASSIGNED_CONTEXT((#6996))
GLOBAL_UNIT_ASSIGNED_CONTEXT((#7011,#7006,#7001))
REPRESENTATION_CONTEXT('Part 208','TOP_LEVEL_ASSEMBLY_PART')
);
#6992=(
GEOMETRIC_REPRESENTATION_CONTEXT(3)
GLOBAL_UNCERTAINTY_ASSIGNED_CONTEXT((#6997))
GLOBAL_UNIT_ASSIGNED_CONTEXT((#7012,#7007,#7002))
REPRESENTATION_CONTEXT('Part 209','TOP_LEVEL_ASSEMBLY_PART')
);
#6993=(
GEOMETRIC_REPRESENTATION_CONTEXT(3)
GLOBAL_UNCERTAINTY_ASSIGNED_CONTEXT((#6998))
GLOBAL_UNIT_ASSIGNED_CONTEXT((#7013,#7008,#7003))
REPRESENTATION_CONTEXT('Part 210','TOP_LEVEL_ASSEMBLY_PART')
);
#6994=(
GEOMETRIC_REPRESENTATION_CONTEXT(3)
GLOBAL_UNCERTAINTY_ASSIGNED_CONTEXT((#6999))
GLOBAL_UNIT_ASSIGNED_CONTEXT((#7014,#7009,#7004))
REPRESENTATION_CONTEXT('Part 211','TOP_LEVEL_ASSEMBLY_PART')
);
#6995=UNCERTAINTY_MEASURE_WITH_UNIT(LENGTH_MEASURE(1.E-8),#7010,
'DISTANCE_ACCURACY_VALUE','Maximum Tolerance applied to model');
#6996=UNCERTAINTY_MEASURE_WITH_UNIT(LENGTH_MEASURE(1.E-8),#7011,
'DISTANCE_ACCURACY_VALUE','Maximum Tolerance applied to model');
#6997=UNCERTAINTY_MEASURE_WITH_UNIT(LENGTH_MEASURE(1.E-8),#7012,
'DISTANCE_ACCURACY_VALUE','Maximum Tolerance applied to model');
#6998=UNCERTAINTY_MEASURE_WITH_UNIT(LENGTH_MEASURE(1.E-8),#7013,
'DISTANCE_ACCURACY_VALUE','Maximum Tolerance applied to model');
#6999=UNCERTAINTY_MEASURE_WITH_UNIT(LENGTH_MEASURE(1.E-8),#7014,
'DISTANCE_ACCURACY_VALUE','Maximum Tolerance applied to model');
#7000=(
NAMED_UNIT(*)
SI_UNIT($,.STERADIAN.)
SOLID_ANGLE_UNIT()
);
#7001=(
NAMED_UNIT(*)
SI_UNIT($,.STERADIAN.)
SOLID_ANGLE_UNIT()
);
#7002=(
NAMED_UNIT(*)
SI_UNIT($,.STERADIAN.)
SOLID_ANGLE_UNIT()
);
#7003=(
NAMED_UNIT(*)
SI_UNIT($,.STERADIAN.)
SOLID_ANGLE_UNIT()
);
#7004=(
NAMED_UNIT(*)
SI_UNIT($,.STERADIAN.)
SOLID_ANGLE_UNIT()
);
#7005=(
NAMED_UNIT(*)
PLANE_ANGLE_UNIT()
SI_UNIT($,.RADIAN.)
);
#7006=(
NAMED_UNIT(*)
PLANE_ANGLE_UNIT()
SI_UNIT($,.RADIAN.)
);
#7007=(
NAMED_UNIT(*)
PLANE_ANGLE_UNIT()
SI_UNIT($,.RADIAN.)
);
#7008=(
NAMED_UNIT(*)
PLANE_ANGLE_UNIT()
SI_UNIT($,.RADIAN.)
);
#7009=(
NAMED_UNIT(*)
PLANE_ANGLE_UNIT()
SI_UNIT($,.RADIAN.)
);
#7010=(
LENGTH_UNIT()
NAMED_UNIT(*)
SI_UNIT($,.METRE.)
);
#7011=(
LENGTH_UNIT()
NAMED_UNIT(*)
SI_UNIT($,.METRE.)
);
#7012=(
LENGTH_UNIT()
NAMED_UNIT(*)
SI_UNIT($,.METRE.)
);
#7013=(
LENGTH_UNIT()
NAMED_UNIT(*)
SI_UNIT($,.METRE.)
);
#7014=(
LENGTH_UNIT()
NAMED_UNIT(*)
SI_UNIT($,.METRE.)
);
#7015=PRODUCT_DEFINITION_SHAPE('','',#7020);
#7016=PRODUCT_DEFINITION_SHAPE('','',#7021);
#7017=PRODUCT_DEFINITION_SHAPE('','',#7022);
#7018=PRODUCT_DEFINITION_SHAPE('','',#7023);
#7019=PRODUCT_DEFINITION_SHAPE('','',#7024);
#7020=PRODUCT_DEFINITION('','',#7030,#7025);
#7021=PRODUCT_DEFINITION('','',#7031,#7026);
#7022=PRODUCT_DEFINITION('','',#7032,#7027);
#7023=PRODUCT_DEFINITION('','',#7033,#7028);
#7024=PRODUCT_DEFINITION('','',#7034,#7029);
#7025=PRODUCT_DEFINITION_CONTEXT('',#7060,'design');
#7026=PRODUCT_DEFINITION_CONTEXT('',#7061,'design');
#7027=PRODUCT_DEFINITION_CONTEXT('',#7062,'design');
#7028=PRODUCT_DEFINITION_CONTEXT('',#7063,'design');
#7029=PRODUCT_DEFINITION_CONTEXT('',#7064,'design');
#7030=PRODUCT_DEFINITION_FORMATION_WITH_SPECIFIED_SOURCE('','',#7040,
 .NOT_KNOWN.);
#7031=PRODUCT_DEFINITION_FORMATION_WITH_SPECIFIED_SOURCE('','',#7041,
 .NOT_KNOWN.);
#7032=PRODUCT_DEFINITION_FORMATION_WITH_SPECIFIED_SOURCE('','',#7042,
 .NOT_KNOWN.);
#7033=PRODUCT_DEFINITION_FORMATION_WITH_SPECIFIED_SOURCE('','',#7043,
 .NOT_KNOWN.);
#7034=PRODUCT_DEFINITION_FORMATION_WITH_SPECIFIED_SOURCE('','',#7044,
 .NOT_KNOWN.);
#7035=PRODUCT_RELATED_PRODUCT_CATEGORY('','',(#7040));
#7036=PRODUCT_RELATED_PRODUCT_CATEGORY('','',(#7041));
#7037=PRODUCT_RELATED_PRODUCT_CATEGORY('','',(#7042));
#7038=PRODUCT_RELATED_PRODUCT_CATEGORY('','',(#7043));
#7039=PRODUCT_RELATED_PRODUCT_CATEGORY('','',(#7044));
#7040=PRODUCT('Part 207','Part 207','Part 207',(#7050));
#7041=PRODUCT('Part 208','Part 208','Part 208',(#7051));
#7042=PRODUCT('Part 209','Part 209','Part 209',(#7052));
#7043=PRODUCT('Part 210','Part 210','Part 210',(#7053));
#7044=PRODUCT('Part 211','Part 211','Part 211',(#7054));
#7045=PRODUCT_CATEGORY('','');
#7046=PRODUCT_CATEGORY('','');
#7047=PRODUCT_CATEGORY('','');
#7048=PRODUCT_CATEGORY('','');
#7049=PRODUCT_CATEGORY('','');
#7050=PRODUCT_CONTEXT('',#7060,'mechanical');
#7051=PRODUCT_CONTEXT('',#7061,'mechanical');
#7052=PRODUCT_CONTEXT('',#7062,'mechanical');
#7053=PRODUCT_CONTEXT('',#7063,'mechanical');
#7054=PRODUCT_CONTEXT('',#7064,'mechanical');
#7055=APPLICATION_PROTOCOL_DEFINITION('international standard',
'ap242_managed_model_based_3d_engineering',2020,#7060);
#7056=APPLICATION_PROTOCOL_DEFINITION('international standard',
'ap242_managed_model_based_3d_engineering',2020,#7061);
#7057=APPLICATION_PROTOCOL_DEFINITION('international standard',
'ap242_managed_model_based_3d_engineering',2020,#7062);
#7058=APPLICATION_PROTOCOL_DEFINITION('international standard',
'ap242_managed_model_based_3d_engineering',2020,#7063);
#7059=APPLICATION_PROTOCOL_DEFINITION('international standard',
'ap242_managed_model_based_3d_engineering',2020,#7064);
#7060=APPLICATION_CONTEXT('managed model based 3d engineering');
#7061=APPLICATION_CONTEXT('managed model based 3d engineering');
#7062=APPLICATION_CONTEXT('managed model based 3d engineering');
#7063=APPLICATION_CONTEXT('managed model based 3d engineering');
#7064=APPLICATION_CONTEXT('managed model based 3d engineering');
ENDSEC;
END-ISO-10303-21;
